# Made in Blockbench 4.5.2
mtllib collection.mtl

o cube
v 2.4872028812024154 0.8219738949426383 -1.5625
v 2.4872028812024154 0.8219738949426383 -2.4375
v 2.4980973490458727 0.6974495576811699 -1.5625
v 2.4980973490458727 0.6974495576811699 -2.4375
v 2.3004163753102134 0.8056321931774524 -2.4375
v 2.3004163753102134 0.8056321931774524 -1.5625
v 2.31131084315367 0.6811078559159842 -2.4375
v 2.31131084315367 0.6811078559159842 -1.5625
vt 0.390625 1
vt 0.609375 1
vt 0.609375 0.96875
vt 0.390625 0.96875
vt 0.390625 0.96875
vt 0.609375 0.96875
vt 0.609375 0.9375
vt 0.390625 0.9375
vt 0.125 0.59375
vt 0.078125 0.59375
vt 0.078125 0.8125
vt 0.125 0.8125
vt 0.171875 0.8125
vt 0.125 0.8125
vt 0.125 0.59375
vt 0.171875 0.59375
vn 0.9961946980917455 0.08715574274765818 0
vn -0.9961946980917455 -0.08715574274765818 0
vn -0.08715574274765818 0.9961946980917455 0
vn 0.08715574274765818 -0.9961946980917455 0
usemtl m_ac6e2687-06f9-a76a-022a-36a5daac914a
f 3/4/1 4/3/1 2/2/1 1/1/1
f 7/8/2 8/7/2 6/6/2 5/5/2
f 6/12/3 1/11/3 2/10/3 5/9/3
f 7/16/4 4/15/4 3/14/4 8/13/4
o cube
v 1.6995836246897866 0.8056321931774524 -1.5625
v 1.6995836246897866 0.8056321931774524 -2.4375
v 1.6886891568463298 0.6811078559159842 -1.5625
v 1.6886891568463298 0.6811078559159842 -2.4375
v 1.5127971187975846 0.8219738949426383 -2.4375
v 1.5127971187975846 0.8219738949426383 -1.5625
v 1.5019026509541273 0.6974495576811699 -2.4375
v 1.5019026509541273 0.6974495576811699 -1.5625
vt 0.390625 0.9375
vt 0.609375 0.9375
vt 0.609375 0.90625
vt 0.390625 0.90625
vt 0.390625 0.90625
vt 0.609375 0.90625
vt 0.609375 0.875
vt 0.390625 0.875
vt 0.21875 0.59375
vt 0.171875 0.59375
vt 0.171875 0.8125
vt 0.21875 0.8125
vt 0.265625 0.8125
vt 0.21875 0.8125
vt 0.21875 0.59375
vt 0.265625 0.59375
vn 0.9961946980917455 -0.08715574274765818 0
vn -0.9961946980917455 0.08715574274765818 0
vn 0.08715574274765818 0.9961946980917455 0
vn -0.08715574274765818 -0.9961946980917455 0
usemtl m_ac6e2687-06f9-a76a-022a-36a5daac914a
f 11/20/5 12/19/5 10/18/5 9/17/5
f 15/24/6 16/23/6 14/22/6 13/21/6
f 14/28/7 9/27/7 10/26/7 13/25/7
f 15/32/8 12/31/8 11/30/8 16/29/8
o cube
v 2.0108944678434573 0.7783960235688092 -1.625
v 2.0108944678434573 0.7783960235688092 -2.375
v 2.005447233921729 0.7161338549380751 -1.625
v 2.005447233921729 0.7161338549380751 -2.375
v 1.6995836246897866 0.8056321931774524 -2.375
v 1.6995836246897866 0.8056321931774524 -1.625
v 1.6941363907680582 0.7433700245467181 -2.375
v 1.6941363907680582 0.7433700245467181 -1.625
vt 0.390625 0.5625
vt 0.46875 0.5625
vt 0.46875 0.546875
vt 0.390625 0.546875
vt 0.4375 0.59375
vt 0.515625 0.59375
vt 0.515625 0.578125
vt 0.4375 0.578125
vt 0.078125 0.8125
vt 0 0.8125
vt 0 1
vt 0.078125 1
vt 0.15625 1
vt 0.078125 1
vt 0.078125 0.8125
vt 0.15625 0.8125
vn 0 0 -1
vn 0 0 1
vn 0.08715574274765818 0.9961946980917455 0
vn -0.08715574274765818 -0.9961946980917455 0
usemtl m_ac6e2687-06f9-a76a-022a-36a5daac914a
f 20/36/9 23/35/9 21/34/9 18/33/9
f 24/40/10 19/39/10 17/38/10 22/37/10
f 22/44/11 17/43/11 18/42/11 21/41/11
f 23/48/12 20/47/12 19/46/12 24/45/12
o cube
v 2.3004163753102134 0.8056321931774524 -1.625
v 2.3004163753102134 0.8056321931774524 -2.375
v 2.305863609231942 0.7433700245467181 -1.625
v 2.305863609231942 0.7433700245467181 -2.375
v 1.9891055321565427 0.7783960235688092 -2.375
v 1.9891055321565427 0.7783960235688092 -1.625
v 1.9945527660782716 0.7161338549380751 -2.375
v 1.9945527660782716 0.7161338549380751 -1.625
vt 0.4375 0.578125
vt 0.515625 0.578125
vt 0.515625 0.5625
vt 0.4375 0.5625
vt 0.453125 0.84375
vt 0.53125 0.84375
vt 0.53125 0.828125
vt 0.453125 0.828125
vt 0.234375 0.8125
vt 0.15625 0.8125
vt 0.15625 1
vt 0.234375 1
vt 0.078125 0.8125
vt 0 0.8125
vt 0 0.625
vt 0.078125 0.625
vn 0 0 -1
vn 0 0 1
vn -0.08715574274765818 0.9961946980917455 0
vn 0.08715574274765818 -0.9961946980917455 0
usemtl m_ac6e2687-06f9-a76a-022a-36a5daac914a
f 28/52/13 31/51/13 29/50/13 26/49/13
f 32/56/14 27/55/14 25/54/14 30/53/14
f 30/60/15 25/59/15 26/58/15 29/57/15
f 31/64/16 28/63/16 27/62/16 32/61/16
o cube
v 1.6906407832308856 0.8039975644174331 -2.375
v 1.6906407832308856 0.8039975644174331 -2.4375
v 2.397747564417433 0.09689078323088551 -2.375
v 2.397747564417433 0.09689078323088551 -2.4375
v 1.602252435582567 0.7156092167691144 -2.4375
v 1.602252435582567 0.7156092167691144 -2.375
v 2.3093592167691144 0.008502435582567025 -2.4375
v 2.3093592167691144 0.008502435582567025 -2.375
vt 0.265625 1
vt 0.296875 1
vt 0.296875 0.75
vt 0.265625 0.75
vt 0 0.625
vt 0.015625 0.625
vt 0.015625 0.375
vt 0 0.375
vt 0.265625 0.75
vt 0.296875 0.75
vt 0.296875 0.5
vt 0.265625 0.5
vt 0.015625 0.625
vt 0.03125 0.625
vt 0.03125 0.375
vt 0.015625 0.375
vn 0 0 -1
vn 0.7071067811865475 0.7071067811865476 0
vn 0 0 1
vn -0.7071067811865475 -0.7071067811865476 0
usemtl m_ac6e2687-06f9-a76a-022a-36a5daac914a
f 36/68/17 39/67/17 37/66/17 34/65/17
f 35/72/18 36/71/18 34/70/18 33/69/18
f 40/76/19 35/75/19 33/74/19 38/73/19
f 39/80/20 40/79/20 38/78/20 37/77/20
o cube
v 2.397747564417433 0.7156092167691144 -2.34375
v 2.397747564417433 0.7156092167691144 -2.40625
v 1.6906407832308856 0.008502435582567025 -2.34375
v 1.6906407832308856 0.008502435582567025 -2.40625
v 2.3093592167691144 0.8039975644174331 -2.40625
v 2.3093592167691144 0.8039975644174331 -2.34375
v 1.602252435582567 0.09689078323088551 -2.40625
v 1.602252435582567 0.09689078323088551 -2.34375
vt 0.296875 1
vt 0.328125 1
vt 0.328125 0.75
vt 0.296875 0.75
vt 0.03125 0.625
vt 0.046875 0.625
vt 0.046875 0.375
vt 0.03125 0.375
vt 0.296875 0.75
vt 0.328125 0.75
vt 0.328125 0.5
vt 0.296875 0.5
vt 0.046875 0.625
vt 0.0625 0.625
vt 0.0625 0.375
vt 0.046875 0.375
vn 0 0 -1
vn 0.7071067811865475 -0.7071067811865476 0
vn 0 0 1
vn -0.7071067811865475 0.7071067811865476 0
usemtl m_ac6e2687-06f9-a76a-022a-36a5daac914a
f 44/84/21 47/83/21 45/82/21 42/81/21
f 43/88/22 44/87/22 42/86/22 41/85/22
f 48/92/23 43/91/23 41/90/23 46/89/23
f 47/96/24 48/95/24 46/94/24 45/93/24
o cube
v 2.397747564417433 0.7156092167691144 -1.5625
v 2.397747564417433 0.7156092167691144 -1.625
v 1.6906407832308856 0.008502435582567025 -1.5625
v 1.6906407832308856 0.008502435582567025 -1.625
v 2.3093592167691144 0.8039975644174331 -1.625
v 2.3093592167691144 0.8039975644174331 -1.5625
v 1.602252435582567 0.09689078323088551 -1.625
v 1.602252435582567 0.09689078323088551 -1.5625
vt 0.328125 1
vt 0.359375 1
vt 0.359375 0.75
vt 0.328125 0.75
vt 0.0625 0.625
vt 0.078125 0.625
vt 0.078125 0.375
vt 0.0625 0.375
vt 0.328125 0.75
vt 0.359375 0.75
vt 0.359375 0.5
vt 0.328125 0.5
vt 0.390625 0.84375
vt 0.40625 0.84375
vt 0.40625 0.59375
vt 0.390625 0.59375
vn 0 0 -1
vn 0.7071067811865475 -0.7071067811865476 0
vn 0 0 1
vn -0.7071067811865475 0.7071067811865476 0
usemtl m_ac6e2687-06f9-a76a-022a-36a5daac914a
f 52/100/25 55/99/25 53/98/25 50/97/25
f 51/104/26 52/103/26 50/102/26 49/101/26
f 56/108/27 51/107/27 49/106/27 54/105/27
f 55/112/28 56/111/28 54/110/28 53/109/28
o cube
v 1.6906407832308856 0.8039975644174331 -1.59375
v 1.6906407832308856 0.8039975644174331 -1.65625
v 2.397747564417433 0.09689078323088551 -1.59375
v 2.397747564417433 0.09689078323088551 -1.65625
v 1.602252435582567 0.7156092167691144 -1.65625
v 1.602252435582567 0.7156092167691144 -1.59375
v 2.3093592167691144 0.008502435582567025 -1.65625
v 2.3093592167691144 0.008502435582567025 -1.59375
vt 0.359375 1
vt 0.390625 1
vt 0.390625 0.75
vt 0.359375 0.75
vt 0.078125 0.59375
vt 0.09375 0.59375
vt 0.09375 0.34375
vt 0.078125 0.34375
vt 0.359375 0.75
vt 0.390625 0.75
vt 0.390625 0.5
vt 0.359375 0.5
vt 0.09375 0.59375
vt 0.109375 0.59375
vt 0.109375 0.34375
vt 0.09375 0.34375
vn 0 0 -1
vn 0.7071067811865475 0.7071067811865476 0
vn 0 0 1
vn -0.7071067811865475 -0.7071067811865476 0
usemtl m_ac6e2687-06f9-a76a-022a-36a5daac914a
f 60/116/29 63/115/29 61/114/29 58/113/29
f 59/120/30 60/119/30 58/118/30 57/117/30
f 64/124/31 59/123/31 57/122/31 62/121/31
f 63/128/32 64/127/32 62/126/32 61/125/32
o cube
v 1.8453203916154428 0.20737621779128346 -1.625
v 1.8453203916154428 0.20737621779128346 -2.375
v 1.756932043967124 0.11898787014296508 -1.625
v 1.756932043967124 0.11898787014296508 -2.375
v 1.8011262177912837 0.2515703916154428 -2.375
v 1.8011262177912837 0.2515703916154428 -1.625
v 1.712737870142965 0.16318204396712432 -2.375
v 1.712737870142965 0.16318204396712432 -1.625
vt 0.390625 0.875
vt 0.578125 0.875
vt 0.578125 0.84375
vt 0.390625 0.84375
vn -0.7071067811865475 0.7071067811865476 0
usemtl m_ac6e2687-06f9-a76a-022a-36a5daac914a
f 71/132/33 72/131/33 70/130/33 69/129/33
o cube
v 1.7165109753279024 0.8198359268547037 -2.296875
v 1.7165109753279024 0.8198359268547037 -2.453125
v 1.702892890523581 0.6641805052778684 -2.296875
v 1.702892890523581 0.6641805052778684 -2.453125
v 1.498593385120333 0.8389012455807539 -2.453125
v 1.498593385120333 0.8389012455807539 -2.296875
v 1.4849753003160115 0.6832458240039188 -2.453125
v 1.4849753003160115 0.6832458240039188 -2.296875
vt 0.40625 0.6875
vt 0.453125 0.6875
vt 0.453125 0.65625
vt 0.40625 0.65625
vt 0.234375 0.875
vt 0.265625 0.875
vt 0.265625 0.84375
vt 0.234375 0.84375
vt 0.234375 0.84375
vt 0.265625 0.84375
vt 0.265625 0.8125
vt 0.234375 0.8125
vt 0.453125 0.625
vt 0.40625 0.625
vt 0.40625 0.65625
vt 0.453125 0.65625
vt 0.453125 0.625
vt 0.40625 0.625
vt 0.40625 0.59375
vt 0.453125 0.59375
vn 0 0 -1
vn 0.9961946980917455 -0.08715574274765818 0
vn -0.9961946980917455 0.08715574274765818 0
vn 0.08715574274765818 0.9961946980917455 0
vn -0.08715574274765818 -0.9961946980917455 0
usemtl m_ac6e2687-06f9-a76a-022a-36a5daac914a
f 76/136/34 79/135/34 77/134/34 74/133/34
f 75/140/35 76/139/35 74/138/35 73/137/35
f 79/144/36 80/143/36 78/142/36 77/141/36
f 78/148/37 73/147/37 74/146/37 77/145/37
f 79/152/38 76/151/38 75/150/38 80/149/38
o cube
v 1.7165109753279024 0.8198359268547037 -1.546875
v 1.7165109753279024 0.8198359268547037 -1.703125
v 1.702892890523581 0.6641805052778684 -1.546875
v 1.702892890523581 0.6641805052778684 -1.703125
v 1.498593385120333 0.8389012455807539 -1.703125
v 1.498593385120333 0.8389012455807539 -1.546875
v 1.4849753003160115 0.6832458240039188 -1.703125
v 1.4849753003160115 0.6832458240039188 -1.546875
vt 0.203125 0.5625
vt 0.234375 0.5625
vt 0.234375 0.53125
vt 0.203125 0.53125
vt 0.390625 0.59375
vt 0.4375 0.59375
vt 0.4375 0.5625
vt 0.390625 0.5625
vt 0.234375 0.5625
vt 0.265625 0.5625
vt 0.265625 0.53125
vt 0.234375 0.53125
vt 0.15625 0.53125
vt 0.109375 0.53125
vt 0.109375 0.5625
vt 0.15625 0.5625
vt 0.203125 0.5625
vt 0.15625 0.5625
vt 0.15625 0.53125
vt 0.203125 0.53125
vn 0.9961946980917455 -0.08715574274765818 0
vn 0 0 1
vn -0.9961946980917455 0.08715574274765818 0
vn 0.08715574274765818 0.9961946980917455 0
vn -0.08715574274765818 -0.9961946980917455 0
usemtl m_ac6e2687-06f9-a76a-022a-36a5daac914a
f 83/156/39 84/155/39 82/154/39 81/153/39
f 88/160/40 83/159/40 81/158/40 86/157/40
f 87/164/41 88/163/41 86/162/41 85/161/41
f 86/168/42 81/167/42 82/166/42 85/165/42
f 87/172/43 84/171/43 83/170/43 88/169/43
o cube
v 2.1988737822087163 0.2515703916154428 -1.625
v 2.1988737822087163 0.2515703916154428 -2.375
v 2.287262129857035 0.16318204396712432 -1.625
v 2.287262129857035 0.16318204396712432 -2.375
v 2.154679608384557 0.20737621779128346 -2.375
v 2.154679608384557 0.20737621779128346 -1.625
v 2.243067956032876 0.11898787014296508 -2.375
v 2.243067956032876 0.11898787014296508 -1.625
vt 0.390625 0.875
vt 0.578125 0.875
vt 0.578125 0.84375
vt 0.390625 0.84375
vn 0.7071067811865475 0.7071067811865476 0
usemtl m_ac6e2687-06f9-a76a-022a-36a5daac914a
f 91/176/44 92/175/44 90/174/44 89/173/44
o cube
v 2.501406614879667 0.8389012455807539 -1.546875
v 2.501406614879667 0.8389012455807539 -1.703125
v 2.5150246996839885 0.6832458240039188 -1.546875
v 2.5150246996839885 0.6832458240039188 -1.703125
v 2.2834890246720976 0.8198359268547037 -1.703125
v 2.2834890246720976 0.8198359268547037 -1.546875
v 2.297107109476419 0.6641805052778684 -1.703125
v 2.297107109476419 0.6641805052778684 -1.546875
vt 0.265625 0.5625
vt 0.234375 0.5625
vt 0.234375 0.53125
vt 0.265625 0.53125
vt 0.4375 0.59375
vt 0.390625 0.59375
vt 0.390625 0.5625
vt 0.4375 0.5625
vt 0.234375 0.5625
vt 0.203125 0.5625
vt 0.203125 0.53125
vt 0.234375 0.53125
vt 0.109375 0.53125
vt 0.15625 0.53125
vt 0.15625 0.5625
vt 0.109375 0.5625
vt 0.15625 0.5625
vt 0.203125 0.5625
vt 0.203125 0.53125
vt 0.15625 0.53125
vn 0.9961946980917455 0.08715574274765818 0
vn 0 0 1
vn -0.9961946980917455 -0.08715574274765818 0
vn -0.08715574274765818 0.9961946980917455 0
vn 0.08715574274765818 -0.9961946980917455 0
usemtl m_ac6e2687-06f9-a76a-022a-36a5daac914a
f 99/180/45 100/179/45 98/178/45 97/177/45
f 104/184/46 99/183/46 97/182/46 102/181/46
f 103/188/47 104/187/47 102/186/47 101/185/47
f 102/192/48 97/191/48 98/190/48 101/189/48
f 103/196/49 100/195/49 99/194/49 104/193/49
o cube
v 2.501406614879667 0.8389012455807539 -2.296875
v 2.501406614879667 0.8389012455807539 -2.453125
v 2.5150246996839885 0.6832458240039188 -2.296875
v 2.5150246996839885 0.6832458240039188 -2.453125
v 2.2834890246720976 0.8198359268547037 -2.453125
v 2.2834890246720976 0.8198359268547037 -2.296875
v 2.297107109476419 0.6641805052778684 -2.453125
v 2.297107109476419 0.6641805052778684 -2.296875
vt 0.453125 0.6875
vt 0.40625 0.6875
vt 0.40625 0.65625
vt 0.453125 0.65625
vt 0.265625 0.84375
vt 0.234375 0.84375
vt 0.234375 0.8125
vt 0.265625 0.8125
vt 0.265625 0.875
vt 0.234375 0.875
vt 0.234375 0.84375
vt 0.265625 0.84375
vt 0.40625 0.625
vt 0.453125 0.625
vt 0.453125 0.65625
vt 0.40625 0.65625
vt 0.40625 0.625
vt 0.453125 0.625
vt 0.453125 0.59375
vt 0.40625 0.59375
vn 0 0 -1
vn 0.9961946980917455 0.08715574274765818 0
vn -0.9961946980917455 -0.08715574274765818 0
vn -0.08715574274765818 0.9961946980917455 0
vn 0.08715574274765818 -0.9961946980917455 0
usemtl m_ac6e2687-06f9-a76a-022a-36a5daac914a
f 108/200/50 111/199/50 109/198/50 106/197/50
f 107/204/51 108/203/51 106/202/51 105/201/51
f 111/208/52 112/207/52 110/206/52 109/205/52
f 110/212/53 105/211/53 106/210/53 109/209/53
f 111/216/54 108/215/54 107/214/54 112/213/54
o cube
v 1.8453203916154428 0.14108495705504476 -2.328125
v 1.8453203916154428 0.14108495705504476 -2.421875
v 1.646446609406726 -0.057788825153671786 -2.328125
v 1.646446609406726 -0.057788825153671786 -2.421875
v 1.7348349570550448 0.2515703916154428 -2.421875
v 1.7348349570550448 0.2515703916154428 -2.328125
v 1.535961174846328 0.05269660940672627 -2.421875
v 1.535961174846328 0.05269660940672627 -2.328125
vt 0.40625 0.84375
vt 0.4375 0.84375
vt 0.4375 0.78125
vt 0.40625 0.78125
vt 0.453125 0.828125
vt 0.46875 0.828125
vt 0.46875 0.765625
vt 0.453125 0.765625
vt 0.40625 0.78125
vt 0.4375 0.78125
vt 0.4375 0.71875
vt 0.40625 0.71875
vt 0.453125 0.765625
vt 0.46875 0.765625
vt 0.46875 0.703125
vt 0.453125 0.703125
vt 0.171875 0.59375
vt 0.140625 0.59375
vt 0.140625 0.578125
vt 0.171875 0.578125
vn 0 0 -1
vn 0.7071067811865475 -0.7071067811865476 0
vn 0 0 1
vn -0.7071067811865475 0.7071067811865476 0
vn -0.7071067811865476 -0.7071067811865475 0
usemtl m_ac6e2687-06f9-a76a-022a-36a5daac914a
f 116/220/55 119/219/55 117/218/55 114/217/55
f 115/224/56 116/223/56 114/222/56 113/221/56
f 120/228/57 115/227/57 113/226/57 118/225/57
f 119/232/58 120/231/58 118/230/58 117/229/58
f 119/236/59 116/235/59 115/234/59 120/233/59
o cube
v 1.8453203916154428 0.14108495705504476 -1.546875
v 1.8453203916154428 0.14108495705504476 -1.640625
v 1.646446609406726 -0.057788825153671786 -1.546875
v 1.646446609406726 -0.057788825153671786 -1.640625
v 1.7348349570550448 0.2515703916154428 -1.640625
v 1.7348349570550448 0.2515703916154428 -1.546875
v 1.535961174846328 0.05269660940672627 -1.640625
v 1.535961174846328 0.05269660940672627 -1.546875
vt 0.234375 1
vt 0.265625 1
vt 0.265625 0.9375
vt 0.234375 0.9375
vt 0.4375 0.84375
vt 0.453125 0.84375
vt 0.453125 0.78125
vt 0.4375 0.78125
vt 0.234375 0.9375
vt 0.265625 0.9375
vt 0.265625 0.875
vt 0.234375 0.875
vt 0.4375 0.78125
vt 0.453125 0.78125
vt 0.453125 0.71875
vt 0.4375 0.71875
vt 0.140625 0.59375
vt 0.109375 0.59375
vt 0.109375 0.578125
vt 0.140625 0.578125
vn 0 0 -1
vn 0.7071067811865475 -0.7071067811865476 0
vn 0 0 1
vn -0.7071067811865475 0.7071067811865476 0
vn -0.7071067811865476 -0.7071067811865475 0
usemtl m_ac6e2687-06f9-a76a-022a-36a5daac914a
f 124/240/60 127/239/60 125/238/60 122/237/60
f 123/244/61 124/243/61 122/242/61 121/241/61
f 128/248/62 123/247/62 121/246/62 126/245/62
f 127/252/63 128/251/63 126/250/63 125/249/63
f 127/256/64 124/255/64 123/254/64 128/253/64
o cube
v 2.2651650429449552 0.2515703916154428 -2.359375
v 2.2651650429449552 0.2515703916154428 -2.453125
v 2.464038825153672 0.05269660940672627 -2.359375
v 2.464038825153672 0.05269660940672627 -2.453125
v 2.154679608384557 0.14108495705504476 -2.453125
v 2.154679608384557 0.14108495705504476 -2.359375
v 2.353553390593274 -0.057788825153671786 -2.453125
v 2.353553390593274 -0.057788825153671786 -2.359375
vt 0.234375 0.9375
vt 0.265625 0.9375
vt 0.265625 0.875
vt 0.234375 0.875
vt 0.4375 0.78125
vt 0.453125 0.78125
vt 0.453125 0.71875
vt 0.4375 0.71875
vt 0.234375 1
vt 0.265625 1
vt 0.265625 0.9375
vt 0.234375 0.9375
vt 0.4375 0.84375
vt 0.453125 0.84375
vt 0.453125 0.78125
vt 0.4375 0.78125
vt 0.109375 0.578125
vt 0.140625 0.578125
vt 0.140625 0.59375
vt 0.109375 0.59375
vn 0 0 -1
vn 0.7071067811865475 0.7071067811865476 0
vn 0 0 1
vn -0.7071067811865475 -0.7071067811865476 0
vn 0.7071067811865476 -0.7071067811865475 0
usemtl m_ac6e2687-06f9-a76a-022a-36a5daac914a
f 132/260/65 135/259/65 133/258/65 130/257/65
f 131/264/66 132/263/66 130/262/66 129/261/66
f 136/268/67 131/267/67 129/266/67 134/265/67
f 135/272/68 136/271/68 134/270/68 133/269/68
f 135/276/69 132/275/69 131/274/69 136/273/69
o cube
v 2.2651650429449552 0.2515703916154428 -1.578125
v 2.2651650429449552 0.2515703916154428 -1.671875
v 2.464038825153672 0.05269660940672627 -1.578125
v 2.464038825153672 0.05269660940672627 -1.671875
v 2.154679608384557 0.14108495705504476 -1.671875
v 2.154679608384557 0.14108495705504476 -1.578125
v 2.353553390593274 -0.057788825153671786 -1.671875
v 2.353553390593274 -0.057788825153671786 -1.578125
vt 0.40625 0.78125
vt 0.4375 0.78125
vt 0.4375 0.71875
vt 0.40625 0.71875
vt 0.453125 0.765625
vt 0.46875 0.765625
vt 0.46875 0.703125
vt 0.453125 0.703125
vt 0.40625 0.84375
vt 0.4375 0.84375
vt 0.4375 0.78125
vt 0.40625 0.78125
vt 0.453125 0.828125
vt 0.46875 0.828125
vt 0.46875 0.765625
vt 0.453125 0.765625
vt 0.140625 0.578125
vt 0.171875 0.578125
vt 0.171875 0.59375
vt 0.140625 0.59375
vn 0 0 -1
vn 0.7071067811865475 0.7071067811865476 0
vn 0 0 1
vn -0.7071067811865475 -0.7071067811865476 0
vn 0.7071067811865476 -0.7071067811865475 0
usemtl m_ac6e2687-06f9-a76a-022a-36a5daac914a
f 140/280/70 143/279/70 141/278/70 138/277/70
f 139/284/71 140/283/71 138/282/71 137/281/71
f 144/288/72 139/287/72 137/286/72 142/285/72
f 143/292/73 144/291/73 142/290/73 141/289/73
f 143/296/74 140/295/74 139/294/74 144/293/74
o cube
v 4.010894467843458 0.7471460235688092 -1.5625
v 4.010894467843458 0.7471460235688092 -1.75
v 4 0.6226216863073408 -1.5625
v 4 0.6226216863073408 -1.75
v 3.575059287428318 0.7852766610209096 -1.75
v 3.575059287428318 0.7852766610209096 -1.5625
v 3.5641648195848603 0.6607523237594415 -1.75
v 3.5641648195848603 0.6607523237594415 -1.5625
vt 0.3125 0.3125
vt 0.53125 0.3125
vt 0.53125 0.25
vt 0.3125 0.25
vt 0.375 0.40625
vt 0.46875 0.40625
vt 0.46875 0.34375
vt 0.375 0.34375
vt 0.75 0.75
vt 0.96875 0.75
vt 0.96875 0.6875
vt 0.75 0.6875
vt 0.8125 0.4375
vt 0.90625 0.4375
vt 0.90625 0.375
vt 0.8125 0.375
vt 0.75 0.90625
vt 0.53125 0.90625
vt 0.53125 1
vt 0.75 1
vt 0.75 0.90625
vt 0.53125 0.90625
vt 0.53125 0.8125
vt 0.75 0.8125
vn 0 0 -1
vn 0.9961946980917455 -0.08715574274765818 0
vn 0 0 1
vn -0.9961946980917455 0.08715574274765818 0
vn 0.08715574274765818 0.9961946980917455 0
vn -0.08715574274765818 -0.9961946980917455 0
usemtl m_37f3a71d-3974-861e-7945-defdb0b04920
f 148/300/75 151/299/75 149/298/75 146/297/75
f 147/304/76 148/303/76 146/302/76 145/301/76
f 152/308/77 147/307/77 145/306/77 150/305/77
f 151/312/78 152/311/78 150/310/78 149/309/78
f 150/316/79 145/315/79 146/314/79 149/313/79
f 151/320/80 148/319/80 147/318/80 152/317/80
o cube
v 4.424940712571681 0.7852766610209096 -1.5625
v 4.424940712571681 0.7852766610209096 -1.75
v 4.435835180415139 0.6607523237594415 -1.5625
v 4.435835180415139 0.6607523237594415 -1.75
v 3.989105532156543 0.747146023568809 -1.75
v 3.989105532156543 0.747146023568809 -1.5625
v 4 0.6226216863073408 -1.75
v 4 0.6226216863073408 -1.5625
vt 0.3125 0.25
vt 0.53125 0.25
vt 0.53125 0.1875
vt 0.3125 0.1875
vt 0.625 0.1875
vt 0.71875 0.1875
vt 0.71875 0.125
vt 0.625 0.125
vt 0.75 0.6875
vt 0.96875 0.6875
vt 0.96875 0.625
vt 0.75 0.625
vt 0.8125 0.375
vt 0.90625 0.375
vt 0.90625 0.3125
vt 0.8125 0.3125
vt 0.75 0.71875
vt 0.53125 0.71875
vt 0.53125 0.8125
vt 0.75 0.8125
vt 0.75 0.71875
vt 0.53125 0.71875
vt 0.53125 0.625
vt 0.75 0.625
vn 0 0 -1
vn 0.9961946980917455 0.08715574274765818 0
vn 0 0 1
vn -0.9961946980917455 -0.08715574274765818 0
vn -0.08715574274765818 0.9961946980917455 0
vn 0.08715574274765818 -0.9961946980917455 0
usemtl m_37f3a71d-3974-861e-7945-defdb0b04920
f 156/324/81 159/323/81 157/322/81 154/321/81
f 155/328/82 156/327/82 154/326/82 153/325/82
f 160/332/83 155/331/83 153/330/83 158/329/83
f 159/336/84 160/335/84 158/334/84 157/333/84
f 158/340/85 153/339/85 154/338/85 157/337/85
f 159/344/86 156/343/86 155/342/86 160/341/86
o cube
v 4.424940712571681 0.7852766610209096 -2.25
v 4.424940712571681 0.7852766610209096 -2.4375
v 4.435835180415139 0.6607523237594415 -2.25
v 4.435835180415139 0.6607523237594415 -2.4375
v 3.989105532156543 0.747146023568809 -2.4375
v 3.989105532156543 0.747146023568809 -2.25
v 4 0.6226216863073408 -2.4375
v 4 0.6226216863073408 -2.25
vt 0.75 0.625
vt 0.96875 0.625
vt 0.96875 0.5625
vt 0.75 0.5625
vt 0.8125 0.3125
vt 0.90625 0.3125
vt 0.90625 0.25
vt 0.8125 0.25
vt 0.75 0.5625
vt 0.96875 0.5625
vt 0.96875 0.5
vt 0.75 0.5
vt 0.8125 0.25
vt 0.90625 0.25
vt 0.90625 0.1875
vt 0.8125 0.1875
vt 0.75 0.53125
vt 0.53125 0.53125
vt 0.53125 0.625
vt 0.75 0.625
vt 0.75 0.53125
vt 0.53125 0.53125
vt 0.53125 0.4375
vt 0.75 0.4375
vn 0 0 -1
vn 0.9961946980917455 0.08715574274765818 0
vn 0 0 1
vn -0.9961946980917455 -0.08715574274765818 0
vn -0.08715574274765818 0.9961946980917455 0
vn 0.08715574274765818 -0.9961946980917455 0
usemtl m_37f3a71d-3974-861e-7945-defdb0b04920
f 164/348/87 167/347/87 165/346/87 162/345/87
f 163/352/88 164/351/88 162/350/88 161/349/88
f 168/356/89 163/355/89 161/354/89 166/353/89
f 167/360/90 168/359/90 166/358/90 165/357/90
f 166/364/91 161/363/91 162/362/91 165/361/91
f 167/368/92 164/367/92 163/366/92 168/365/92
o cube
v 4.010894467843458 0.7471460235688092 -2.25
v 4.010894467843458 0.7471460235688092 -2.4375
v 4 0.6226216863073408 -2.25
v 4 0.6226216863073408 -2.4375
v 3.575059287428318 0.7852766610209096 -2.4375
v 3.575059287428318 0.7852766610209096 -2.25
v 3.5641648195848603 0.6607523237594415 -2.4375
v 3.5641648195848603 0.6607523237594415 -2.25
vt 0.75 0.5
vt 0.96875 0.5
vt 0.96875 0.4375
vt 0.75 0.4375
vt 0.8125 0.1875
vt 0.90625 0.1875
vt 0.90625 0.125
vt 0.8125 0.125
vt 0.53125 0.25
vt 0.75 0.25
vt 0.75 0.1875
vt 0.53125 0.1875
vt 0 0.15625
vt 0.09375 0.15625
vt 0.09375 0.09375
vt 0 0.09375
vt 0.75 0.34375
vt 0.53125 0.34375
vt 0.53125 0.4375
vt 0.75 0.4375
vt 0.75 0.34375
vt 0.53125 0.34375
vt 0.53125 0.25
vt 0.75 0.25
vn 0 0 -1
vn 0.9961946980917455 -0.08715574274765818 0
vn 0 0 1
vn -0.9961946980917455 0.08715574274765818 0
vn 0.08715574274765818 0.9961946980917455 0
vn -0.08715574274765818 -0.9961946980917455 0
usemtl m_37f3a71d-3974-861e-7945-defdb0b04920
f 172/372/93 175/371/93 173/370/93 170/369/93
f 171/376/94 172/375/94 170/374/94 169/373/94
f 176/380/95 171/379/95 169/378/95 174/377/95
f 175/384/96 176/383/96 174/382/96 173/381/96
f 174/388/97 169/387/97 170/386/97 173/385/97
f 175/392/98 172/391/98 171/390/98 176/389/98
o cube
v 3.752240305098004 0.6591437264787965 -2.2479898771469333
v 3.7531898205347405 0.6699967375829794 -2.3725142144084015
v 3.6925487440249967 -0.02313393861915014 -2.307909450285948
v 3.693498259461734 -0.01228092751496701 -2.4324337875474162
v 3.628665483273272 0.6808912054264367 -2.3725142144084015
v 3.6277159678365356 0.6700381943222538 -2.2479898771469333
v 3.568973922200265 -0.0013864596715097433 -2.4324337875474162
v 3.568024406763528 -0.012239470775692873 -2.307909450285948
vt 0.40625 0.75
vt 0.46875 0.75
vt 0.46875 0.40625
vt 0.40625 0.40625
vt 0.46875 1
vt 0.53125 1
vt 0.53125 0.65625
vt 0.46875 0.65625
vt 0.46875 0.65625
vt 0.53125 0.65625
vt 0.53125 0.3125
vt 0.46875 0.3125
vt 0 0.5
vt 0.0625 0.5
vt 0.0625 0.15625
vt 0 0.15625
vt 0.6875 0.0625
vt 0.625 0.0625
vt 0.625 0.125
vt 0.6875 0.125
vt 0.75 0.125
vt 0.6875 0.125
vt 0.6875 0.0625
vt 0.75 0.0625
vn 0.007596123493895972 0.08682408883346518 -0.9961946980917455
vn 0.9961946980917455 -0.0871557427476582 -1.734723475976807e-18
vn -0.007596123493895972 -0.08682408883346518 0.9961946980917455
vn -0.9961946980917455 0.0871557427476582 1.734723475976807e-18
vn 0.08682408883346518 0.9924038765061041 0.0871557427476582
vn -0.08682408883346518 -0.9924038765061041 -0.0871557427476582
usemtl m_37f3a71d-3974-861e-7945-defdb0b04920
f 180/396/99 183/395/99 181/394/99 178/393/99
f 179/400/100 180/399/100 178/398/100 177/397/100
f 184/404/101 179/403/101 177/402/101 182/401/101
f 183/408/102 184/407/102 182/406/102 181/405/102
f 182/412/103 177/411/103 178/410/103 181/409/103
f 183/416/104 180/415/104 179/414/104 184/413/104
o cube
v 3.7618457933205205 0.7689349592557237 -1.75
v 3.7618457933205205 0.7689349592557237 -2.25
v 3.750951325477063 0.6444106219942554 -1.75
v 3.750951325477063 0.6444106219942554 -2.25
v 3.575059287428318 0.7852766610209096 -2.25
v 3.575059287428318 0.7852766610209096 -1.75
v 3.5641648195848603 0.6607523237594415 -2.25
v 3.5641648195848603 0.6607523237594415 -1.75
vt 0.75 1
vt 1 1
vt 1 0.9375
vt 0.75 0.9375
vt 0.75 0.9375
vt 1 0.9375
vt 1 0.875
vt 0.75 0.875
vt 0.21875 0.5
vt 0.125 0.5
vt 0.125 0.75
vt 0.21875 0.75
vt 0.3125 0.75
vt 0.21875 0.75
vt 0.21875 0.5
vt 0.3125 0.5
vn 0.9961946980917455 -0.08715574274765818 0
vn -0.9961946980917455 0.08715574274765818 0
vn 0.08715574274765818 0.9961946980917455 0
vn -0.08715574274765818 -0.9961946980917455 0
usemtl m_37f3a71d-3974-861e-7945-defdb0b04920
f 187/420/105 188/419/105 186/418/105 185/417/105
f 191/424/106 192/423/106 190/422/106 189/421/106
f 190/428/107 185/427/107 186/426/107 189/425/107
f 191/432/108 188/431/108 187/430/108 192/429/108
o cube
v 4.424940712571681 0.7852766610209096 -1.75
v 4.424940712571681 0.7852766610209096 -2.25
v 4.435835180415138 0.6607523237594415 -1.75
v 4.435835180415138 0.6607523237594415 -2.25
v 4.238154206679479 0.7689349592557237 -2.25
v 4.238154206679479 0.7689349592557237 -1.75
v 4.249048674522936 0.6444106219942554 -2.25
v 4.249048674522936 0.6444106219942554 -1.75
vt 0.09375 0.15625
vt 0.1875 0.15625
vt 0.1875 0.09375
vt 0.09375 0.09375
vt 0.75 0.875
vt 1 0.875
vt 1 0.8125
vt 0.75 0.8125
vt 0.1875 0.15625
vt 0.28125 0.15625
vt 0.28125 0.09375
vt 0.1875 0.09375
vt 0.75 0.8125
vt 1 0.8125
vt 1 0.75
vt 0.75 0.75
vt 0.40625 0.5
vt 0.3125 0.5
vt 0.3125 0.75
vt 0.40625 0.75
vt 0.46875 1
vt 0.375 1
vt 0.375 0.75
vt 0.46875 0.75
vn 0 0 -1
vn 0.9961946980917455 0.08715574274765818 0
vn 0 0 1
vn -0.9961946980917455 -0.08715574274765818 0
vn -0.08715574274765818 0.9961946980917455 0
vn 0.08715574274765818 -0.9961946980917455 0
usemtl m_37f3a71d-3974-861e-7945-defdb0b04920
f 196/436/109 199/435/109 197/434/109 194/433/109
f 195/440/110 196/439/110 194/438/110 193/437/110
f 200/444/111 195/443/111 193/442/111 198/441/111
f 199/448/112 200/447/112 198/446/112 197/445/112
f 198/452/113 193/451/113 194/450/113 197/449/113
f 199/456/114 196/455/114 195/454/114 200/453/114
o cube
v 3.7364847509015684 0.29978014849096013 -2.2637459300391893
v 3.73767164519749 0.3133464123711891 -2.419401351616025
v 3.7066389703650646 -0.04135868405801307 -2.293705716608697
v 3.707825864660986 -0.027792420177784105 -2.449361138185532
v 3.582016223620654 0.3269644971755108 -2.419401351616025
v 3.5808293293247333 0.3133982332952818 -2.2637459300391893
v 3.552170443084151 -0.014174335373462521 -2.449361138185532
v 3.5509835487882295 -0.02774059925369149 -2.293705716608697
vt 0.3125 0.5
vt 0.375 0.5
vt 0.375 0.34375
vt 0.3125 0.34375
vt 0.75 0.4375
vt 0.8125 0.4375
vt 0.8125 0.28125
vt 0.75 0.28125
vt 0.75 0.28125
vt 0.8125 0.28125
vt 0.8125 0.125
vt 0.75 0.125
vt 0.3125 0.1875
vt 0.375 0.1875
vt 0.375 0.03125
vt 0.3125 0.03125
vt 0.8125 0.125
vt 0.75 0.125
vt 0.75 0.0625
vt 0.8125 0.0625
vn 0.007596123493895972 0.08682408883346518 -0.9961946980917455
vn 0.9961946980917455 -0.0871557427476582 -1.734723475976807e-18
vn -0.007596123493895972 -0.08682408883346518 0.9961946980917455
vn -0.9961946980917455 0.0871557427476582 1.734723475976807e-18
vn -0.08682408883346518 -0.9924038765061041 -0.0871557427476582
usemtl m_37f3a71d-3974-861e-7945-defdb0b04920
f 204/460/115 207/459/115 205/458/115 202/457/115
f 203/464/116 204/463/116 202/462/116 201/461/116
f 208/468/117 203/467/117 201/466/117 206/465/117
f 207/472/118 208/471/118 206/470/118 205/469/118
f 207/476/119 204/475/119 203/474/119 208/473/119
o cube
v 4.243601440601207 0.7691727906249897 -1.75
v 4.243601440601207 0.7691727906249897 -2.25
v 4.249048674522936 0.7069106219942554 -1.75
v 4.249048674522936 0.7069106219942554 -2.25
v 3.9945527660782707 0.7473838549380751 -2.25
v 3.9945527660782707 0.7473838549380751 -1.75
v 4 0.6851216863073408 -2.25
v 4 0.6851216863073408 -1.75
vt 0.125 0.75
vt 0 0.75
vt 0 1
vt 0.125 1
vt 0.25 1
vt 0.125 1
vt 0.125 0.75
vt 0.25 0.75
vn -0.08715574274765818 0.9961946980917455 0
vn 0.08715574274765818 -0.9961946980917455 0
usemtl m_37f3a71d-3974-861e-7945-defdb0b04920
f 214/480/120 209/479/120 210/478/120 213/477/120
f 215/484/121 212/483/121 211/482/121 216/481/121
o cube
v 4.005447233921728 0.7473838549380751 -1.75
v 4.005447233921728 0.7473838549380751 -2.25
v 4 0.6851216863073408 -1.75
v 4 0.6851216863073408 -2.25
v 3.756398559398791 0.7691727906249897 -2.25
v 3.756398559398791 0.7691727906249897 -1.75
v 3.750951325477063 0.7069106219942554 -2.25
v 3.750951325477063 0.7069106219942554 -1.75
vt 0.125 0.5
vt 0 0.5
vt 0 0.75
vt 0.125 0.75
vt 0.375 1
vt 0.25 1
vt 0.25 0.75
vt 0.375 0.75
vn 0.08715574274765818 0.9961946980917455 0
vn -0.08715574274765818 -0.9961946980917455 0
usemtl m_37f3a71d-3974-861e-7945-defdb0b04920
f 222/488/122 217/487/122 218/486/122 221/485/122
f 223/492/123 220/491/123 219/490/123 224/489/123
o cube
v 4.371334516726727 0.6808912054264367 -1.6274857855915985
v 4.372284032163464 0.6700381943222538 -1.7520101228530667
v 4.431026077799735 -0.0013864596715097433 -1.5675662124525835
v 4.431975593236471 -0.012239470775692873 -1.6920905497140517
v 4.247759694901996 0.6591437264787965 -1.7520101228530667
v 4.246810179465259 0.6699967375829794 -1.6274857855915985
v 4.307451255975003 -0.02313393861915014 -1.6920905497140517
v 4.306501740538266 -0.01228092751496701 -1.5675662124525835
vt 0.0625 0.5
vt 0.125 0.5
vt 0.125 0.15625
vt 0.0625 0.15625
vt 0.125 0.5
vt 0.1875 0.5
vt 0.1875 0.15625
vt 0.125 0.15625
vt 0.1875 0.5
vt 0.25 0.5
vt 0.25 0.15625
vt 0.1875 0.15625
vt 0.25 0.5
vt 0.3125 0.5
vt 0.3125 0.15625
vt 0.25 0.15625
vt 0.875 0.0625
vt 0.8125 0.0625
vt 0.8125 0.125
vt 0.875 0.125
vt 0.9375 0.125
vt 0.875 0.125
vt 0.875 0.0625
vt 0.9375 0.0625
vn 0.007596123493895972 -0.08682408883346518 -0.9961946980917455
vn 0.9961946980917455 0.0871557427476582 -1.734723475976807e-18
vn -0.007596123493895972 0.08682408883346518 0.9961946980917455
vn -0.9961946980917455 -0.0871557427476582 1.734723475976807e-18
vn -0.08682408883346518 0.9924038765061041 -0.0871557427476582
vn 0.08682408883346518 -0.9924038765061041 0.0871557427476582
usemtl m_37f3a71d-3974-861e-7945-defdb0b04920
f 228/496/124 231/495/124 229/494/124 226/493/124
f 227/500/125 228/499/125 226/498/125 225/497/125
f 232/504/126 227/503/126 225/502/126 230/501/126
f 231/508/127 232/507/127 230/506/127 229/505/127
f 230/512/128 225/511/128 226/510/128 229/509/128
f 231/516/129 228/515/129 227/514/129 232/513/129
o cube
v 4.417983776379345 0.3269644971755108 -1.5805986483839753
v 4.419170670675267 0.3133982332952818 -1.7362540699608107
v 4.447829556915849 -0.014174335373462521 -1.550638861814468
v 4.44901645121177 -0.02774059925369149 -1.706294283391303
v 4.263515249098431 0.29978014849096013 -1.7362540699608107
v 4.26232835480251 0.3133464123711891 -1.5805986483839753
v 4.2933610296349345 -0.04135868405801307 -1.706294283391303
v 4.292174135339013 -0.027792420177784105 -1.550638861814468
vt 0.375 0.1875
vt 0.4375 0.1875
vt 0.4375 0.03125
vt 0.375 0.03125
vt 0.4375 0.1875
vt 0.5 0.1875
vt 0.5 0.03125
vt 0.4375 0.03125
vt 0.5 0.1875
vt 0.5625 0.1875
vt 0.5625 0.03125
vt 0.5 0.03125
vt 0.5625 0.1875
vt 0.625 0.1875
vt 0.625 0.03125
vt 0.5625 0.03125
vt 0.0625 0.09375
vt 0 0.09375
vt 0 0.03125
vt 0.0625 0.03125
vn 0.007596123493895972 -0.08682408883346518 -0.9961946980917455
vn 0.9961946980917455 0.0871557427476582 -1.734723475976807e-18
vn -0.007596123493895972 0.08682408883346518 0.9961946980917455
vn -0.9961946980917455 -0.0871557427476582 1.734723475976807e-18
vn 0.08682408883346518 -0.9924038765061041 0.0871557427476582
usemtl m_37f3a71d-3974-861e-7945-defdb0b04920
f 236/520/130 239/519/130 237/518/130 234/517/130
f 235/524/131 236/523/131 234/522/131 233/521/131
f 240/528/132 235/527/132 233/526/132 238/525/132
f 239/532/133 240/531/133 238/530/133 237/529/133
f 239/536/134 236/535/134 235/534/134 240/533/134
o cube
v 4.419170670675267 0.3133982332952818 -2.2637459300391893
v 4.417983776379345 0.3269644971755108 -2.419401351616025
v 4.44901645121177 -0.02774059925369149 -2.293705716608697
v 4.447829556915849 -0.014174335373462521 -2.449361138185532
v 4.26232835480251 0.3133464123711891 -2.419401351616025
v 4.263515249098431 0.29978014849096013 -2.2637459300391893
v 4.292174135339013 -0.027792420177784105 -2.449361138185532
v 4.2933610296349345 -0.04135868405801307 -2.293705716608697
vt 0.375 0.5
vt 0.3125 0.5
vt 0.3125 0.34375
vt 0.375 0.34375
vt 0.375 0.1875
vt 0.3125 0.1875
vt 0.3125 0.03125
vt 0.375 0.03125
vt 0.8125 0.28125
vt 0.75 0.28125
vt 0.75 0.125
vt 0.8125 0.125
vt 0.8125 0.4375
vt 0.75 0.4375
vt 0.75 0.28125
vt 0.8125 0.28125
vt 0.75 0.125
vt 0.8125 0.125
vt 0.8125 0.0625
vt 0.75 0.0625
vn -0.007596123493895972 0.08682408883346518 -0.9961946980917455
vn 0.9961946980917455 0.0871557427476582 1.734723475976807e-18
vn 0.007596123493895972 -0.08682408883346518 0.9961946980917455
vn -0.9961946980917455 -0.0871557427476582 -1.734723475976807e-18
vn 0.08682408883346518 -0.9924038765061041 -0.0871557427476582
usemtl m_37f3a71d-3974-861e-7945-defdb0b04920
f 244/540/135 247/539/135 245/538/135 242/537/135
f 243/544/136 244/543/136 242/542/136 241/541/136
f 248/548/137 243/547/137 241/546/137 246/545/137
f 247/552/138 248/551/138 246/550/138 245/549/138
f 247/556/139 244/555/139 243/554/139 248/553/139
o cube
v 4.372284032163464 0.6700381943222538 -2.2479898771469333
v 4.371334516726727 0.6808912054264367 -2.3725142144084015
v 4.431975593236471 -0.012239470775692873 -2.307909450285948
v 4.431026077799735 -0.0013864596715097433 -2.4324337875474162
v 4.246810179465259 0.6699967375829794 -2.3725142144084015
v 4.247759694901996 0.6591437264787965 -2.2479898771469333
v 4.306501740538266 -0.01228092751496701 -2.4324337875474162
v 4.307451255975003 -0.02313393861915014 -2.307909450285948
vt 0.46875 0.75
vt 0.40625 0.75
vt 0.40625 0.40625
vt 0.46875 0.40625
vt 0.0625 0.5
vt 0 0.5
vt 0 0.15625
vt 0.0625 0.15625
vt 0.53125 0.65625
vt 0.46875 0.65625
vt 0.46875 0.3125
vt 0.53125 0.3125
vt 0.53125 1
vt 0.46875 1
vt 0.46875 0.65625
vt 0.53125 0.65625
vt 0.625 0.0625
vt 0.6875 0.0625
vt 0.6875 0.125
vt 0.625 0.125
vt 0.6875 0.125
vt 0.75 0.125
vt 0.75 0.0625
vt 0.6875 0.0625
vn -0.007596123493895972 0.08682408883346518 -0.9961946980917455
vn 0.9961946980917455 0.0871557427476582 1.734723475976807e-18
vn 0.007596123493895972 -0.08682408883346518 0.9961946980917455
vn -0.9961946980917455 -0.0871557427476582 -1.734723475976807e-18
vn -0.08682408883346518 0.9924038765061041 0.0871557427476582
vn 0.08682408883346518 -0.9924038765061041 -0.0871557427476582
usemtl m_37f3a71d-3974-861e-7945-defdb0b04920
f 252/560/140 255/559/140 253/558/140 250/557/140
f 251/564/141 252/563/141 250/562/141 249/561/141
f 256/568/142 251/567/142 249/566/142 254/565/142
f 255/572/143 256/571/143 254/570/143 253/569/143
f 254/576/144 249/575/144 250/574/144 253/573/144
f 255/580/145 252/579/145 251/578/145 256/577/145
o cube
v 3.73767164519749 0.3133464123711891 -1.5805986483839753
v 3.7364847509015684 0.29978014849096013 -1.7362540699608107
v 3.707825864660986 -0.027792420177784105 -1.550638861814468
v 3.7066389703650646 -0.04135868405801307 -1.706294283391303
v 3.5808293293247333 0.3133982332952818 -1.7362540699608107
v 3.582016223620654 0.3269644971755108 -1.5805986483839753
v 3.5509835487882295 -0.02774059925369149 -1.706294283391303
v 3.552170443084151 -0.014174335373462521 -1.550638861814468
vt 0.4375 0.1875
vt 0.375 0.1875
vt 0.375 0.03125
vt 0.4375 0.03125
vt 0.625 0.1875
vt 0.5625 0.1875
vt 0.5625 0.03125
vt 0.625 0.03125
vt 0.5625 0.1875
vt 0.5 0.1875
vt 0.5 0.03125
vt 0.5625 0.03125
vt 0.5 0.1875
vt 0.4375 0.1875
vt 0.4375 0.03125
vt 0.5 0.03125
vt 0 0.09375
vt 0.0625 0.09375
vt 0.0625 0.03125
vt 0 0.03125
vn -0.007596123493895972 -0.08682408883346518 -0.9961946980917455
vn 0.9961946980917455 -0.0871557427476582 1.734723475976807e-18
vn 0.007596123493895972 0.08682408883346518 0.9961946980917455
vn -0.9961946980917455 0.0871557427476582 -1.734723475976807e-18
vn -0.08682408883346518 -0.9924038765061041 0.0871557427476582
usemtl m_37f3a71d-3974-861e-7945-defdb0b04920
f 260/584/146 263/583/146 261/582/146 258/581/146
f 259/588/147 260/587/147 258/586/147 257/585/147
f 264/592/148 259/591/148 257/590/148 262/589/148
f 263/596/149 264/595/149 262/594/149 261/593/149
f 263/600/150 260/599/150 259/598/150 264/597/150
o cube
v 3.7531898205347405 0.6699967375829794 -1.6274857855915985
v 3.752240305098004 0.6591437264787965 -1.7520101228530667
v 3.693498259461734 -0.01228092751496701 -1.5675662124525835
v 3.6925487440249967 -0.02313393861915014 -1.6920905497140517
v 3.6277159678365356 0.6700381943222538 -1.7520101228530667
v 3.628665483273272 0.6808912054264367 -1.6274857855915985
v 3.568024406763528 -0.012239470775692873 -1.6920905497140517
v 3.568973922200265 -0.0013864596715097433 -1.5675662124525835
vt 0.125 0.5
vt 0.0625 0.5
vt 0.0625 0.15625
vt 0.125 0.15625
vt 0.3125 0.5
vt 0.25 0.5
vt 0.25 0.15625
vt 0.3125 0.15625
vt 0.25 0.5
vt 0.1875 0.5
vt 0.1875 0.15625
vt 0.25 0.15625
vt 0.1875 0.5
vt 0.125 0.5
vt 0.125 0.15625
vt 0.1875 0.15625
vt 0.8125 0.0625
vt 0.875 0.0625
vt 0.875 0.125
vt 0.8125 0.125
vt 0.875 0.125
vt 0.9375 0.125
vt 0.9375 0.0625
vt 0.875 0.0625
vn -0.007596123493895972 -0.08682408883346518 -0.9961946980917455
vn 0.9961946980917455 -0.0871557427476582 1.734723475976807e-18
vn 0.007596123493895972 0.08682408883346518 0.9961946980917455
vn -0.9961946980917455 0.0871557427476582 -1.734723475976807e-18
vn 0.08682408883346518 0.9924038765061041 -0.0871557427476582
vn -0.08682408883346518 -0.9924038765061041 0.0871557427476582
usemtl m_37f3a71d-3974-861e-7945-defdb0b04920
f 268/604/151 271/603/151 269/602/151 266/601/151
f 267/608/152 268/607/152 266/606/152 265/605/152
f 272/612/153 267/611/153 265/610/153 270/609/153
f 271/616/154 272/615/154 270/614/154 269/613/154
f 270/620/155 265/619/155 266/618/155 269/617/155
f 271/624/156 268/623/156 267/622/156 272/621/156
o cube
v 4.375 0.4375 -1.625
v 4.375 0.4375 -2.375
v 4.375 0.3125 -1.625
v 4.375 0.3125 -2.375
v 3.625 0.4375 -2.375
v 3.625 0.4375 -1.625
v 3.625 0.3125 -2.375
v 3.625 0.3125 -1.625
vt 0.625 0.0625
vt 1 0.0625
vt 1 0
vt 0.625 0
vt 0.625 0.0625
vt 1 0.0625
vt 1 0
vt 0.625 0
vt 0.625 0.0625
vt 1 0.0625
vt 1 0
vt 0.625 0
vt 0.625 0.0625
vt 1 0.0625
vt 1 0
vt 0.625 0
vn 0 0 -1
vn 1 0 0
vn 0 0 1
vn -1 0 0
usemtl m_37f3a71d-3974-861e-7945-defdb0b04920
f 276/628/157 279/627/157 277/626/157 274/625/157
f 275/632/158 276/631/158 274/630/158 273/629/158
f 280/636/159 275/635/159 273/634/159 278/633/159
f 279/640/160 280/639/160 278/638/160 277/637/160
o cube
v 6.424940712571681 0.7852766610209096 -1.5625
v 6.424940712571681 0.7852766610209096 -2.4375
v 6.435835180415139 0.6607523237594415 -1.5625
v 6.435835180415139 0.6607523237594415 -2.4375
v 5.989105532156542 0.747146023568809 -2.4375
v 5.989105532156542 0.747146023568809 -1.5625
v 6 0.6226216863073408 -2.4375
v 6 0.6226216863073408 -1.5625
vt 0.125 0.546875
vt 0.234375 0.546875
vt 0.234375 0.515625
vt 0.125 0.515625
vt 0.109375 0.609375
vt 0.328125 0.609375
vt 0.328125 0.578125
vt 0.109375 0.578125
vt 0.453125 0.828125
vt 0.5625 0.828125
vt 0.5625 0.796875
vt 0.453125 0.796875
vt 0.109375 0.78125
vt 0 0.78125
vt 0 1
vt 0.109375 1
vt 0.21875 1
vt 0.109375 1
vt 0.109375 0.78125
vt 0.21875 0.78125
vn 0 0 -1
vn 0.9961946980917455 0.08715574274765818 0
vn 0 0 1
vn -0.08715574274765818 0.9961946980917455 0
vn 0.08715574274765818 -0.9961946980917455 0
usemtl m_89d68c97-8363-d56e-5e9d-445ec6eb5e3d
f 284/644/161 287/643/161 285/642/161 282/641/161
f 283/648/162 284/647/162 282/646/162 281/645/162
f 288/652/163 283/651/163 281/650/163 286/649/163
f 286/656/164 281/655/164 282/654/164 285/653/164
f 287/660/165 284/659/165 283/658/165 288/657/165
o cube
v 6.010894467843458 0.7471460235688092 -1.5625
v 6.010894467843458 0.7471460235688092 -2.4375
v 6.000000000000001 0.6226216863073408 -1.5625
v 6.000000000000001 0.6226216863073408 -2.4375
v 5.575059287428319 0.7852766610209096 -2.4375
v 5.575059287428319 0.7852766610209096 -1.5625
v 5.564164819584862 0.6607523237594415 -2.4375
v 5.564164819584862 0.6607523237594415 -1.5625
vt 0.453125 0.796875
vt 0.5625 0.796875
vt 0.5625 0.765625
vt 0.453125 0.765625
vt 0.453125 0.765625
vt 0.5625 0.765625
vt 0.5625 0.734375
vt 0.453125 0.734375
vt 0.109375 0.578125
vt 0.328125 0.578125
vt 0.328125 0.546875
vt 0.109375 0.546875
vt 0.109375 0.5625
vt 0 0.5625
vt 0 0.78125
vt 0.109375 0.78125
vt 0.328125 1
vt 0.21875 1
vt 0.21875 0.78125
vt 0.328125 0.78125
vn 0 0 -1
vn 0 0 1
vn -0.9961946980917455 0.08715574274765818 0
vn 0.08715574274765818 0.9961946980917455 0
vn -0.08715574274765818 -0.9961946980917455 0
usemtl m_89d68c97-8363-d56e-5e9d-445ec6eb5e3d
f 292/664/166 295/663/166 293/662/166 290/661/166
f 296/668/167 291/667/167 289/666/167 294/665/167
f 295/672/168 296/671/168 294/670/168 293/669/168
f 294/676/169 289/675/169 290/674/169 293/673/169
f 295/680/170 292/679/170 291/678/170 296/677/170
o cube
v 5.68868915684633 0.6498578559159842 -2.1875
v 5.68868915684633 0.6498578559159842 -2.4375
v 5.628769583707315 -0.035025999022090915 -2.1875
v 5.628769583707315 -0.035025999022090915 -2.4375
v 5.564164819584862 0.6607523237594415 -2.4375
v 5.564164819584862 0.6607523237594415 -2.1875
v 5.504245246445847 -0.024131531178633647 -2.4375
v 5.504245246445847 -0.024131531178633647 -2.1875
vt 0.328125 0.609375
vt 0.359375 0.609375
vt 0.359375 0.4375
vt 0.328125 0.4375
vt 0.109375 0.78125
vt 0.171875 0.78125
vt 0.171875 0.609375
vt 0.109375 0.609375
vt 0.421875 0.828125
vt 0.453125 0.828125
vt 0.453125 0.65625
vt 0.421875 0.65625
vt 0.171875 0.78125
vt 0.234375 0.78125
vt 0.234375 0.609375
vt 0.171875 0.609375
vt 0.265625 0.546875
vt 0.234375 0.546875
vt 0.234375 0.484375
vt 0.265625 0.484375
vn 0 0 -1
vn 0.9961946980917455 -0.08715574274765818 0
vn 0 0 1
vn -0.9961946980917455 0.08715574274765818 0
vn -0.08715574274765818 -0.9961946980917455 0
usemtl m_89d68c97-8363-d56e-5e9d-445ec6eb5e3d
f 300/684/171 303/683/171 301/682/171 298/681/171
f 299/688/172 300/687/172 298/686/172 297/685/172
f 304/692/173 299/691/173 297/690/173 302/689/173
f 303/696/174 304/695/174 302/694/174 301/693/174
f 303/700/175 300/699/175 299/698/175 304/697/175
o cube
v 5.68868915684633 0.6498578559159842 -1.5625
v 5.68868915684633 0.6498578559159842 -1.8125
v 5.628769583707315 -0.035025999022090915 -1.5625
v 5.628769583707315 -0.035025999022090915 -1.8125
v 5.564164819584862 0.6607523237594415 -1.8125
v 5.564164819584862 0.6607523237594415 -1.5625
v 5.504245246445847 -0.024131531178633647 -1.8125
v 5.504245246445847 -0.024131531178633647 -1.5625
vt 0.421875 0.65625
vt 0.453125 0.65625
vt 0.453125 0.484375
vt 0.421875 0.484375
vt 0.234375 0.78125
vt 0.296875 0.78125
vt 0.296875 0.609375
vt 0.234375 0.609375
vt 0 0.5625
vt 0.03125 0.5625
vt 0.03125 0.390625
vt 0 0.390625
vt 0.296875 0.78125
vt 0.359375 0.78125
vt 0.359375 0.609375
vt 0.296875 0.609375
vt 0.296875 0.546875
vt 0.265625 0.546875
vt 0.265625 0.484375
vt 0.296875 0.484375
vn 0 0 -1
vn 0.9961946980917455 -0.08715574274765818 0
vn 0 0 1
vn -0.9961946980917455 0.08715574274765818 0
vn -0.08715574274765818 -0.9961946980917455 0
usemtl m_89d68c97-8363-d56e-5e9d-445ec6eb5e3d
f 308/704/176 311/703/176 309/702/176 306/701/176
f 307/708/177 308/707/177 306/706/177 305/705/177
f 312/712/178 307/711/178 305/710/178 310/709/178
f 311/716/179 312/715/179 310/714/179 309/713/179
f 311/720/180 308/719/180 307/718/180 312/717/180
o cube
v 6.435835180415138 0.6607523237594415 -2.1875
v 6.435835180415138 0.6607523237594415 -2.4375
v 6.495754753554153 -0.024131531178633647 -2.1875
v 6.495754753554153 -0.024131531178633647 -2.4375
v 6.31131084315367 0.6498578559159842 -2.4375
v 6.31131084315367 0.6498578559159842 -2.1875
v 6.371230416292685 -0.035025999022090915 -2.4375
v 6.371230416292685 -0.035025999022090915 -2.1875
vt 0.03125 0.5625
vt 0.0625 0.5625
vt 0.0625 0.390625
vt 0.03125 0.390625
vt 0.328125 1
vt 0.390625 1
vt 0.390625 0.828125
vt 0.328125 0.828125
vt 0.0625 0.5625
vt 0.09375 0.5625
vt 0.09375 0.390625
vt 0.0625 0.390625
vt 0.359375 0.828125
vt 0.421875 0.828125
vt 0.421875 0.65625
vt 0.359375 0.65625
vt 0.484375 0.734375
vt 0.453125 0.734375
vt 0.453125 0.671875
vt 0.484375 0.671875
vn 0 0 -1
vn 0.9961946980917455 0.08715574274765818 0
vn 0 0 1
vn -0.9961946980917455 -0.08715574274765818 0
vn 0.08715574274765818 -0.9961946980917455 0
usemtl m_89d68c97-8363-d56e-5e9d-445ec6eb5e3d
f 316/724/181 319/723/181 317/722/181 314/721/181
f 315/728/182 316/727/182 314/726/182 313/725/182
f 320/732/183 315/731/183 313/730/183 318/729/183
f 319/736/184 320/735/184 318/734/184 317/733/184
f 319/740/185 316/739/185 315/738/185 320/737/185
o cube
v 6.435835180415138 0.6607523237594415 -1.5625
v 6.435835180415138 0.6607523237594415 -1.8125
v 6.495754753554153 -0.024131531178633647 -1.5625
v 6.495754753554153 -0.024131531178633647 -1.8125
v 6.31131084315367 0.6498578559159842 -1.8125
v 6.31131084315367 0.6498578559159842 -1.5625
v 6.371230416292685 -0.035025999022090915 -1.8125
v 6.371230416292685 -0.035025999022090915 -1.5625
vt 0.453125 1
vt 0.484375 1
vt 0.484375 0.828125
vt 0.453125 0.828125
vt 0.359375 0.65625
vt 0.421875 0.65625
vt 0.421875 0.484375
vt 0.359375 0.484375
vt 0.09375 0.546875
vt 0.125 0.546875
vt 0.125 0.375
vt 0.09375 0.375
vt 0.390625 1
vt 0.453125 1
vt 0.453125 0.828125
vt 0.390625 0.828125
vt 0.328125 0.546875
vt 0.296875 0.546875
vt 0.296875 0.484375
vt 0.328125 0.484375
vn 0 0 -1
vn 0.9961946980917455 0.08715574274765818 0
vn 0 0 1
vn -0.9961946980917455 -0.08715574274765818 0
vn 0.08715574274765818 -0.9961946980917455 0
usemtl m_89d68c97-8363-d56e-5e9d-445ec6eb5e3d
f 324/744/186 327/743/186 325/742/186 322/741/186
f 323/748/187 324/747/187 322/746/187 321/745/187
f 328/752/188 323/751/188 321/750/188 326/749/188
f 327/756/189 328/755/189 326/754/189 325/753/189
f 327/760/190 324/759/190 323/758/190 328/757/190
o cube
v 8.375 0.75 -2.3125
v 8.375 0.75 -2.375
v 8.375 0.625 -2.3125
v 8.375 0.625 -2.375
v 7.625 0.75 -2.375
v 7.625 0.75 -2.3125
v 7.625 0.625 -2.375
v 7.625 0.625 -2.3125
vt 0.109375 0.71875
vt 0.296875 0.71875
vt 0.296875 0.6875
vt 0.109375 0.6875
vt 0.421875 0.828125
vt 0.4375 0.828125
vt 0.4375 0.796875
vt 0.421875 0.796875
vt 0.296875 0.71875
vt 0.484375 0.71875
vt 0.484375 0.6875
vt 0.296875 0.6875
vt 0.421875 0.640625
vt 0.4375 0.640625
vt 0.4375 0.609375
vt 0.421875 0.609375
vt 0.515625 0.65625
vt 0.328125 0.65625
vt 0.328125 0.640625
vt 0.515625 0.640625
vn 0 0 -1
vn 1 0 0
vn 0 0 1
vn -1 0 0
vn 0 -1 0
usemtl m_086f918d-2a3c-5421-835e-9d287a89c7ee
f 332/764/191 335/763/191 333/762/191 330/761/191
f 331/768/192 332/767/192 330/766/192 329/765/192
f 336/772/193 331/771/193 329/770/193 334/769/193
f 335/776/194 336/775/194 334/774/194 333/773/194
f 335/780/195 332/779/195 331/778/195 336/777/195
o cube
v 8.424940712571683 0.8477766610209096 -1.5625
v 8.424940712571683 0.8477766610209096 -2.4375
v 8.43583518041514 0.7232523237594415 -1.5625
v 8.43583518041514 0.7232523237594415 -2.4375
v 7.989105532156543 0.809646023568809 -2.4375
v 7.989105532156543 0.809646023568809 -1.5625
v 8 0.6851216863073408 -2.4375
v 8 0.6851216863073408 -1.5625
vt 0.328125 0.78125
vt 0.4375 0.78125
vt 0.4375 0.75
vt 0.328125 0.75
vt 0.109375 0.78125
vt 0.328125 0.78125
vt 0.328125 0.75
vt 0.109375 0.75
vt 0.328125 0.75
vt 0.4375 0.75
vt 0.4375 0.71875
vt 0.328125 0.71875
vt 0.109375 0.78125
vt 0 0.78125
vt 0 1
vt 0.109375 1
vt 0.21875 1
vt 0.109375 1
vt 0.109375 0.78125
vt 0.21875 0.78125
vn 0 0 -1
vn 0.9961946980917455 0.08715574274765818 0
vn 0 0 1
vn -0.08715574274765818 0.9961946980917455 0
vn 0.08715574274765818 -0.9961946980917455 0
usemtl m_086f918d-2a3c-5421-835e-9d287a89c7ee
f 340/784/196 343/783/196 341/782/196 338/781/196
f 339/788/197 340/787/197 338/786/197 337/785/197
f 344/792/198 339/791/198 337/790/198 342/789/198
f 342/796/199 337/795/199 338/794/199 341/793/199
f 343/800/200 340/799/200 339/798/200 344/797/200
o cube
v 8.010894467843459 0.8096460235688092 -1.5625
v 8.010894467843459 0.8096460235688092 -2.4375
v 8 0.6851216863073408 -1.5625
v 8 0.6851216863073408 -2.4375
v 7.575059287428319 0.8477766610209096 -2.4375
v 7.575059287428319 0.8477766610209096 -1.5625
v 7.564164819584862 0.7232523237594415 -2.4375
v 7.564164819584862 0.7232523237594415 -1.5625
vt 0.109375 0.65625
vt 0.21875 0.65625
vt 0.21875 0.625
vt 0.109375 0.625
vt 0.21875 0.65625
vt 0.328125 0.65625
vt 0.328125 0.625
vt 0.21875 0.625
vt 0.109375 0.75
vt 0.328125 0.75
vt 0.328125 0.71875
vt 0.109375 0.71875
vt 0.109375 0.5625
vt 0 0.5625
vt 0 0.78125
vt 0.109375 0.78125
vt 0.328125 1
vt 0.21875 1
vt 0.21875 0.78125
vt 0.328125 0.78125
vn 0 0 -1
vn 0 0 1
vn -0.9961946980917455 0.08715574274765818 0
vn 0.08715574274765818 0.9961946980917455 0
vn -0.08715574274765818 -0.9961946980917455 0
usemtl m_086f918d-2a3c-5421-835e-9d287a89c7ee
f 348/804/201 351/803/201 349/802/201 346/801/201
f 352/808/202 347/807/202 345/806/202 350/805/202
f 351/812/203 352/811/203 350/810/203 349/809/203
f 350/816/204 345/815/204 346/814/204 349/813/204
f 351/820/205 348/819/205 347/818/205 352/817/205
o cube
v 8.375 0.75 -1.625
v 8.375 0.75 -1.6875
v 8.375 0.625 -1.625
v 8.375 0.625 -1.6875
v 7.625 0.75 -1.6875
v 7.625 0.75 -1.625
v 7.625 0.625 -1.6875
v 7.625 0.625 -1.625
vt 0.109375 0.6875
vt 0.296875 0.6875
vt 0.296875 0.65625
vt 0.109375 0.65625
vt 0.421875 0.609375
vt 0.4375 0.609375
vt 0.4375 0.578125
vt 0.421875 0.578125
vt 0.296875 0.6875
vt 0.484375 0.6875
vt 0.484375 0.65625
vt 0.296875 0.65625
vt 0.421875 0.578125
vt 0.4375 0.578125
vt 0.4375 0.546875
vt 0.421875 0.546875
vt 0.546875 0.9375
vt 0.359375 0.9375
vt 0.359375 0.921875
vt 0.546875 0.921875
vn 0 0 -1
vn 1 0 0
vn 0 0 1
vn -1 0 0
vn 0 -1 0
usemtl m_086f918d-2a3c-5421-835e-9d287a89c7ee
f 356/824/206 359/823/206 357/822/206 354/821/206
f 355/828/207 356/827/207 354/826/207 353/825/207
f 360/832/208 355/831/208 353/830/208 358/829/208
f 359/836/209 360/835/209 358/834/209 357/833/209
f 359/840/210 356/839/210 355/838/210 360/837/210
o cube
v 7.687737831369265 0.6304472339217286 -2.3125
v 7.687737831369265 0.6304472339217286 -2.375
v 7.638712726073708 0.07008771624512178 -2.3125
v 7.638712726073708 0.07008771624512178 -2.375
v 7.6254756627385305 0.6358944678434573 -2.375
v 7.6254756627385305 0.6358944678434573 -2.3125
v 7.576450557442975 0.07553495016685041 -2.375
v 7.576450557442975 0.07553495016685041 -2.3125
vt 0.125 0.625
vt 0.140625 0.625
vt 0.140625 0.484375
vt 0.125 0.484375
vt 0.140625 0.625
vt 0.15625 0.625
vt 0.15625 0.484375
vt 0.140625 0.484375
vt 0.15625 0.625
vt 0.171875 0.625
vt 0.171875 0.484375
vt 0.15625 0.484375
vt 0.171875 0.625
vt 0.1875 0.625
vt 0.1875 0.484375
vt 0.171875 0.484375
vn 0 0 -1
vn 0.9961946980917455 -0.08715574274765818 0
vn 0 0 1
vn -0.9961946980917455 0.08715574274765818 0
usemtl m_086f918d-2a3c-5421-835e-9d287a89c7ee
f 364/844/211 367/843/211 365/842/211 362/841/211
f 363/848/212 364/847/212 362/846/212 361/845/212
f 368/852/213 363/851/213 361/850/213 366/849/213
f 367/856/214 368/855/214 366/854/214 365/853/214
o cube
v 7.687737831369265 0.6304472339217286 -1.625
v 7.687737831369265 0.6304472339217286 -1.6875
v 7.638712726073708 0.07008771624512178 -1.625
v 7.638712726073708 0.07008771624512178 -1.6875
v 7.6254756627385305 0.6358944678434573 -1.6875
v 7.6254756627385305 0.6358944678434573 -1.625
v 7.576450557442975 0.07553495016685041 -1.6875
v 7.576450557442975 0.07553495016685041 -1.625
vt 0.1875 0.625
vt 0.203125 0.625
vt 0.203125 0.484375
vt 0.1875 0.484375
vt 0.203125 0.625
vt 0.21875 0.625
vt 0.21875 0.484375
vt 0.203125 0.484375
vt 0.21875 0.625
vt 0.234375 0.625
vt 0.234375 0.484375
vt 0.21875 0.484375
vt 0.234375 0.625
vt 0.25 0.625
vt 0.25 0.484375
vt 0.234375 0.484375
vn 0 0 -1
vn 0.9961946980917455 -0.08715574274765818 0
vn 0 0 1
vn -0.9961946980917455 0.08715574274765818 0
usemtl m_086f918d-2a3c-5421-835e-9d287a89c7ee
f 372/860/215 375/859/215 373/858/215 370/857/215
f 371/864/216 372/863/216 370/862/216 369/861/216
f 376/868/217 371/867/217 369/866/217 374/865/217
f 375/872/218 376/871/218 374/870/218 373/869/218
o cube
v 7.655640076711823 0.08429144992237314 -1.609375
v 7.655640076711823 0.08429144992237314 -2.390625
v 7.64746922582923 -0.009101803023728094 -1.609375
v 7.64746922582923 -0.009101803023728094 -2.390625
v 7.562246823765722 0.09246230080496609 -2.390625
v 7.562246823765722 0.09246230080496609 -1.609375
v 7.55407597288313 -0.000930952141135033 -2.390625
v 7.55407597288313 -0.000930952141135033 -1.609375
vt 0.359375 0.796875
vt 0.375 0.796875
vt 0.375 0.78125
vt 0.359375 0.78125
vt 0.359375 0.921875
vt 0.546875 0.921875
vt 0.546875 0.90625
vt 0.359375 0.90625
vt 0.375 0.796875
vt 0.390625 0.796875
vt 0.390625 0.78125
vt 0.375 0.78125
vt 0.359375 0.90625
vt 0.546875 0.90625
vt 0.546875 0.890625
vt 0.359375 0.890625
vt 0.34375 0.453125
vt 0.328125 0.453125
vt 0.328125 0.640625
vt 0.34375 0.640625
vt 0.359375 0.640625
vt 0.34375 0.640625
vt 0.34375 0.453125
vt 0.359375 0.453125
vn 0 0 -1
vn 0.9961946980917455 -0.08715574274765818 0
vn 0 0 1
vn -0.9961946980917455 0.08715574274765818 0
vn 0.08715574274765818 0.9961946980917455 0
vn -0.08715574274765818 -0.9961946980917455 0
usemtl m_086f918d-2a3c-5421-835e-9d287a89c7ee
f 380/876/219 383/875/219 381/874/219 378/873/219
f 379/880/220 380/879/220 378/878/220 377/877/220
f 384/884/221 379/883/221 377/882/221 382/881/221
f 383/888/222 384/887/222 382/886/222 381/885/222
f 382/892/223 377/891/223 378/890/223 381/889/223
f 383/896/224 380/895/224 379/894/224 384/893/224
o cube
v 8.437753176234278 0.09246230080496609 -1.609375
v 8.437753176234278 0.09246230080496609 -2.390625
v 8.44592402711687 -0.000930952141135033 -1.609375
v 8.44592402711687 -0.000930952141135033 -2.390625
v 8.344359923288177 0.08429144992237314 -2.390625
v 8.344359923288177 0.08429144992237314 -1.609375
v 8.35253077417077 -0.009101803023728094 -2.390625
v 8.35253077417077 -0.009101803023728094 -1.609375
vt 0.390625 0.796875
vt 0.40625 0.796875
vt 0.40625 0.78125
vt 0.390625 0.78125
vt 0.359375 0.890625
vt 0.546875 0.890625
vt 0.546875 0.875
vt 0.359375 0.875
vt 0.40625 0.796875
vt 0.421875 0.796875
vt 0.421875 0.78125
vt 0.40625 0.78125
vt 0.359375 0.875
vt 0.546875 0.875
vt 0.546875 0.859375
vt 0.359375 0.859375
vt 0.375 0.453125
vt 0.359375 0.453125
vt 0.359375 0.640625
vt 0.375 0.640625
vt 0.125 0.625
vt 0.109375 0.625
vt 0.109375 0.4375
vt 0.125 0.4375
vn 0 0 -1
vn 0.9961946980917455 0.08715574274765818 0
vn 0 0 1
vn -0.9961946980917455 -0.08715574274765818 0
vn -0.08715574274765818 0.9961946980917455 0
vn 0.08715574274765818 -0.9961946980917455 0
usemtl m_086f918d-2a3c-5421-835e-9d287a89c7ee
f 388/900/225 391/899/225 389/898/225 386/897/225
f 387/904/226 388/903/226 386/902/226 385/901/226
f 392/908/227 387/907/227 385/906/227 390/905/227
f 391/912/228 392/911/228 390/910/228 389/909/228
f 390/916/229 385/915/229 386/914/229 389/913/229
f 391/920/230 388/919/230 387/918/230 392/917/230
o cube
v 8.37452433726147 0.6358944678434573 -2.3125
v 8.37452433726147 0.6358944678434573 -2.375
v 8.423549442557027 0.07553495016685041 -2.3125
v 8.423549442557027 0.07553495016685041 -2.375
v 8.312262168630735 0.6304472339217286 -2.375
v 8.312262168630735 0.6304472339217286 -2.3125
v 8.361287273926292 0.07008771624512178 -2.375
v 8.361287273926292 0.07008771624512178 -2.3125
vt 0.25 0.625
vt 0.265625 0.625
vt 0.265625 0.484375
vt 0.25 0.484375
vt 0.265625 0.625
vt 0.28125 0.625
vt 0.28125 0.484375
vt 0.265625 0.484375
vt 0.28125 0.625
vt 0.296875 0.625
vt 0.296875 0.484375
vt 0.28125 0.484375
vt 0.296875 0.625
vt 0.3125 0.625
vt 0.3125 0.484375
vt 0.296875 0.484375
vn 0 0 -1
vn 0.9961946980917455 0.08715574274765818 0
vn 0 0 1
vn -0.9961946980917455 -0.08715574274765818 0
usemtl m_086f918d-2a3c-5421-835e-9d287a89c7ee
f 396/924/231 399/923/231 397/922/231 394/921/231
f 395/928/232 396/927/232 394/926/232 393/925/232
f 400/932/233 395/931/233 393/930/233 398/929/233
f 399/936/234 400/935/234 398/934/234 397/933/234
o cube
v 8.37452433726147 0.6358944678434573 -1.625
v 8.37452433726147 0.6358944678434573 -1.6875
v 8.423549442557027 0.07553495016685041 -1.625
v 8.423549442557027 0.07553495016685041 -1.6875
v 8.312262168630735 0.6304472339217286 -1.6875
v 8.312262168630735 0.6304472339217286 -1.625
v 8.361287273926292 0.07008771624512178 -1.6875
v 8.361287273926292 0.07008771624512178 -1.625
vt 0.3125 0.625
vt 0.328125 0.625
vt 0.328125 0.484375
vt 0.3125 0.484375
vt 0.375 0.640625
vt 0.390625 0.640625
vt 0.390625 0.5
vt 0.375 0.5
vt 0.390625 0.640625
vt 0.40625 0.640625
vt 0.40625 0.5
vt 0.390625 0.5
vt 0.40625 0.640625
vt 0.421875 0.640625
vt 0.421875 0.5
vt 0.40625 0.5
vn 0 0 -1
vn 0.9961946980917455 0.08715574274765818 0
vn 0 0 1
vn -0.9961946980917455 -0.08715574274765818 0
usemtl m_086f918d-2a3c-5421-835e-9d287a89c7ee
f 404/940/235 407/939/235 405/938/235 402/937/235
f 403/944/236 404/943/236 402/942/236 401/941/236
f 408/948/237 403/947/237 401/946/237 406/945/237
f 407/952/238 408/951/238 406/950/238 405/949/238
o cube
v 8.375 0.375 -2.34375
v 8.375 0.375 -2.34375
v 8.375 0.3125 -2.34375
v 8.375 0.3125 -2.34375
v 7.625 0.375 -2.34375
v 7.625 0.375 -2.34375
v 7.625 0.3125 -2.34375
v 7.625 0.3125 -2.34375
vt 0.359375 0.859375
vt 0.546875 0.859375
vt 0.546875 0.84375
vt 0.359375 0.84375
vn 0 0 -1
usemtl m_086f918d-2a3c-5421-835e-9d287a89c7ee
f 412/956/239 415/955/239 413/954/239 410/953/239
o cube
v 8.375 0.375 -1.65625
v 8.375 0.375 -1.65625
v 8.375 0.3125 -1.65625
v 8.375 0.3125 -1.65625
v 7.625 0.375 -1.65625
v 7.625 0.375 -1.65625
v 7.625 0.3125 -1.65625
v 7.625 0.3125 -1.65625
vt 0.359375 0.84375
vt 0.546875 0.84375
vt 0.546875 0.828125
vt 0.359375 0.828125
vn 0 0 -1
usemtl m_086f918d-2a3c-5421-835e-9d287a89c7ee
f 420/960/240 423/959/240 421/958/240 418/957/240
o cube
v 8.0625 0.75 -1.6875
v 8.0625 0.75 -2.3125
v 8.0625 0.625 -1.6875
v 8.0625 0.625 -2.3125
v 7.9375 0.75 -2.3125
v 7.9375 0.75 -1.6875
v 7.9375 0.625 -2.3125
v 7.9375 0.625 -1.6875
vt 0.359375 0.828125
vt 0.390625 0.828125
vt 0.390625 0.796875
vt 0.359375 0.796875
vt 0.328125 1
vt 0.484375 1
vt 0.484375 0.96875
vt 0.328125 0.96875
vt 0.390625 0.828125
vt 0.421875 0.828125
vt 0.421875 0.796875
vt 0.390625 0.796875
vt 0.328125 0.96875
vt 0.484375 0.96875
vt 0.484375 0.9375
vt 0.328125 0.9375
vt 0.359375 0.9375
vt 0.328125 0.9375
vt 0.328125 0.78125
vt 0.359375 0.78125
vn 0 0 -1
vn 1 0 0
vn 0 0 1
vn -1 0 0
vn 0 -1 0
usemtl m_086f918d-2a3c-5421-835e-9d287a89c7ee
f 428/964/241 431/963/241 429/962/241 426/961/241
f 427/968/242 428/967/242 426/966/242 425/965/242
f 432/972/243 427/971/243 425/970/243 430/969/243
f 431/976/244 432/975/244 430/974/244 429/973/244
f 431/980/245 428/979/245 427/978/245 432/977/245
o cube
v 10.3125 0.3125 -1.6875
v 10.3125 0.3125 -2.3125
v 10.3125 0.1875 -1.6875
v 10.3125 0.1875 -2.3125
v 9.6875 0.3125 -2.3125
v 9.6875 0.3125 -1.6875
v 9.6875 0.1875 -2.3125
v 9.6875 0.1875 -1.6875
vt 0.328125 0.828125
vt 0.484375 0.828125
vt 0.484375 0.796875
vt 0.328125 0.796875
vt 0.453125 1
vt 0.609375 1
vt 0.609375 0.96875
vt 0.453125 0.96875
vt 0.453125 0.96875
vt 0.609375 0.96875
vt 0.609375 0.9375
vt 0.453125 0.9375
vt 0.453125 0.9375
vt 0.609375 0.9375
vt 0.609375 0.90625
vt 0.453125 0.90625
vn 0 0 -1
vn 1 0 0
vn 0 0 1
vn -1 0 0
usemtl m_a13787e8-2e33-e31c-34da-56d6c9cc4450
f 436/984/246 439/983/246 437/982/246 434/981/246
f 435/988/247 436/987/247 434/986/247 433/985/247
f 440/992/248 435/991/248 433/990/248 438/989/248
f 439/996/249 440/995/249 438/994/249 437/993/249
o cube
v 10.010894467843459 0.6221460235688092 -1.625
v 10.010894467843459 0.6221460235688092 -2.375
v 10.005447233921728 0.5598838549380751 -1.625
v 10.005447233921728 0.5598838549380751 -2.375
v 9.637321456059054 0.654829427099181 -2.375
v 9.637321456059054 0.654829427099181 -1.625
v 9.631874222137325 0.5925672584684469 -2.375
v 9.631874222137325 0.5925672584684469 -1.625
vt 0.453125 0.6875
vt 0.546875 0.6875
vt 0.546875 0.671875
vt 0.453125 0.671875
vt 0.453125 0.671875
vt 0.546875 0.671875
vt 0.546875 0.65625
vt 0.453125 0.65625
vt 0.328125 0.796875
vt 0.515625 0.796875
vt 0.515625 0.78125
vt 0.328125 0.78125
vt 0.203125 0.78125
vt 0.109375 0.78125
vt 0.109375 0.59375
vt 0.203125 0.59375
vn 0 0 -1
vn 0 0 1
vn -0.9961946980917455 0.08715574274765818 0
vn -0.08715574274765818 -0.9961946980917455 0
usemtl m_a13787e8-2e33-e31c-34da-56d6c9cc4450
f 444/1000/250 447/999/250 445/998/250 442/997/250
f 448/1004/251 443/1003/251 441/1002/251 446/1001/251
f 447/1008/252 448/1007/252 446/1006/252 445/1005/252
f 447/1012/253 444/1011/253 443/1010/253 448/1009/253
o cube
v 9.783134010554187 0.6537068567418864 -2.2168587928315664
v 9.784083525990924 0.6645598678460694 -2.3413831300930346
v 9.72344244948118 -0.02857080835606024 -2.276778365970581
v 9.724391964917917 -0.01771779725187711 -2.4013027032320493
v 9.659559188729455 0.6754543356895266 -2.3413831300930346
v 9.65860967329272 0.6646013245853437 -2.2168587928315664
v 9.59986762765645 -0.006823329408419843 -2.4013027032320493
v 9.598918112219712 -0.017676340512602973 -2.276778365970581
vt 0.296875 0.71875
vt 0.328125 0.71875
vt 0.328125 0.546875
vt 0.296875 0.546875
vt 0.328125 1
vt 0.359375 1
vt 0.359375 0.828125
vt 0.328125 0.828125
vt 0.328125 0.71875
vt 0.359375 0.71875
vt 0.359375 0.546875
vt 0.328125 0.546875
vt 0.359375 1
vt 0.390625 1
vt 0.390625 0.828125
vt 0.359375 0.828125
vn 0.007596123493895972 0.08682408883346518 -0.9961946980917455
vn 0.9961946980917455 -0.0871557427476582 -1.734723475976807e-18
vn -0.007596123493895972 -0.08682408883346518 0.9961946980917455
vn -0.9961946980917455 0.0871557427476582 1.734723475976807e-18
usemtl m_a13787e8-2e33-e31c-34da-56d6c9cc4450
f 452/1016/254 455/1015/254 453/1014/254 450/1013/254
f 451/1020/255 452/1019/255 450/1018/255 449/1017/255
f 456/1024/256 451/1023/256 449/1022/256 454/1021/256
f 455/1028/257 456/1027/257 454/1026/257 453/1025/257
o cube
v 9.756525445253569 0.17029279419078702 -2.2435093135672797
v 9.75771233954949 0.183859058071016 -2.3991647351441148
v 9.737532675821248 -0.04679555379492317 -2.26257463229333
v 9.73871957011717 -0.033229289914694204 -2.418230053870165
v 9.602056917972655 0.19747714287533757 -2.3991647351441148
v 9.600870023676734 0.18391087899510872 -2.2435093135672797
v 9.583064148540334 -0.01961120511037262 -2.418230053870165
v 9.581877254244413 -0.03317746899060159 -2.26257463229333
vt 0.03125 0.5625
vt 0.0625 0.5625
vt 0.0625 0.515625
vt 0.03125 0.515625
vt 0.0625 0.5625
vt 0.09375 0.5625
vt 0.09375 0.515625
vt 0.0625 0.515625
vt 0.453125 0.65625
vt 0.484375 0.65625
vt 0.484375 0.609375
vt 0.453125 0.609375
vt 0.453125 0.609375
vt 0.484375 0.609375
vt 0.484375 0.5625
vt 0.453125 0.5625
vt 0.453125 0.5
vt 0.421875 0.5
vt 0.421875 0.46875
vt 0.453125 0.46875
vn 0.007596123493895972 0.08682408883346518 -0.9961946980917455
vn 0.9961946980917455 -0.0871557427476582 -1.734723475976807e-18
vn -0.007596123493895972 -0.08682408883346518 0.9961946980917455
vn -0.9961946980917455 0.0871557427476582 1.734723475976807e-18
vn -0.08682408883346518 -0.9924038765061041 -0.0871557427476582
usemtl m_a13787e8-2e33-e31c-34da-56d6c9cc4450
f 460/1032/258 463/1031/258 461/1030/258 458/1029/258
f 459/1036/259 460/1035/259 458/1034/259 457/1033/259
f 464/1040/260 459/1039/260 457/1038/260 462/1037/260
f 463/1044/261 464/1043/261 462/1042/261 461/1041/261
f 463/1048/262 460/1047/262 459/1046/262 464/1045/262
o cube
v 10.34139032670728 0.6646013245853437 -2.2168587928315664
v 10.340440811270545 0.6754543356895266 -2.3413831300930346
v 10.401081887780288 -0.017676340512602973 -2.276778365970581
v 10.40013237234355 -0.006823329408419843 -2.4013027032320493
v 10.215916474009076 0.6645598678460694 -2.3413831300930346
v 10.216865989445813 0.6537068567418864 -2.2168587928315664
v 10.275608035082083 -0.01771779725187711 -2.4013027032320493
v 10.27655755051882 -0.02857080835606024 -2.276778365970581
vt 0.359375 0.71875
vt 0.390625 0.71875
vt 0.390625 0.546875
vt 0.359375 0.546875
vt 0.390625 1
vt 0.421875 1
vt 0.421875 0.828125
vt 0.390625 0.828125
vt 0.390625 0.71875
vt 0.421875 0.71875
vt 0.421875 0.546875
vt 0.390625 0.546875
vt 0.109375 0.59375
vt 0.140625 0.59375
vt 0.140625 0.421875
vt 0.109375 0.421875
vn -0.007596123493895972 0.08682408883346518 -0.9961946980917455
vn 0.9961946980917455 0.0871557427476582 1.734723475976807e-18
vn 0.007596123493895972 -0.08682408883346518 0.9961946980917455
vn -0.9961946980917455 -0.0871557427476582 -1.734723475976807e-18
usemtl m_a13787e8-2e33-e31c-34da-56d6c9cc4450
f 468/1052/263 471/1051/263 469/1050/263 466/1049/263
f 467/1056/264 468/1055/264 466/1054/264 465/1053/264
f 472/1060/265 467/1059/265 465/1058/265 470/1057/265
f 471/1064/266 472/1063/266 470/1062/266 469/1061/266
o cube
v 10.399129976323266 0.18391087899510872 -2.2435093135672797
v 10.397943082027345 0.19747714287533757 -2.3991647351441148
v 10.418122745755587 -0.03317746899060159 -2.26257463229333
v 10.416935851459666 -0.01961120511037262 -2.418230053870165
v 10.24228766045051 0.183859058071016 -2.3991647351441148
v 10.243474554746431 0.17029279419078702 -2.2435093135672797
v 10.26128042988283 -0.033229289914694204 -2.418230053870165
v 10.262467324178752 -0.04679555379492317 -2.26257463229333
vt 0.40625 0.546875
vt 0.4375 0.546875
vt 0.4375 0.5
vt 0.40625 0.5
vt 0.4375 0.546875
vt 0.46875 0.546875
vt 0.46875 0.5
vt 0.4375 0.5
vt 0.46875 0.5625
vt 0.5 0.5625
vt 0.5 0.515625
vt 0.46875 0.515625
vt 0.03125 0.515625
vt 0.0625 0.515625
vt 0.0625 0.46875
vt 0.03125 0.46875
vt 0.53125 0.5625
vt 0.5 0.5625
vt 0.5 0.53125
vt 0.53125 0.53125
vn -0.007596123493895972 0.08682408883346518 -0.9961946980917455
vn 0.9961946980917455 0.0871557427476582 1.734723475976807e-18
vn 0.007596123493895972 -0.08682408883346518 0.9961946980917455
vn -0.9961946980917455 -0.0871557427476582 -1.734723475976807e-18
vn 0.08682408883346518 -0.9924038765061041 -0.0871557427476582
usemtl m_a13787e8-2e33-e31c-34da-56d6c9cc4450
f 476/1068/267 479/1067/267 477/1066/267 474/1065/267
f 475/1072/268 476/1071/268 474/1070/268 473/1069/268
f 480/1076/269 475/1075/269 473/1074/269 478/1073/269
f 479/1080/270 480/1079/270 478/1078/270 477/1077/270
f 479/1084/271 476/1083/271 475/1082/271 480/1081/271
o cube
v 10.340440811270545 0.6754543356895266 -1.6586168699069657
v 10.34139032670728 0.6646013245853437 -1.7831412071684338
v 10.40013237234355 -0.006823329408419843 -1.5986972967679507
v 10.401081887780288 -0.017676340512602973 -1.7232216340294189
v 10.216865989445813 0.6537068567418864 -1.7831412071684338
v 10.215916474009076 0.6645598678460694 -1.6586168699069657
v 10.27655755051882 -0.02857080835606024 -1.7232216340294189
v 10.275608035082083 -0.01771779725187711 -1.5986972967679507
vt 0.140625 0.59375
vt 0.171875 0.59375
vt 0.171875 0.421875
vt 0.140625 0.421875
vt 0.171875 0.59375
vt 0.203125 0.59375
vt 0.203125 0.421875
vt 0.171875 0.421875
vt 0.203125 0.59375
vt 0.234375 0.59375
vt 0.234375 0.421875
vt 0.203125 0.421875
vt 0.234375 0.59375
vt 0.265625 0.59375
vt 0.265625 0.421875
vt 0.234375 0.421875
vn 0.007596123493895972 -0.08682408883346518 -0.9961946980917455
vn 0.9961946980917455 0.0871557427476582 -1.734723475976807e-18
vn -0.007596123493895972 0.08682408883346518 0.9961946980917455
vn -0.9961946980917455 -0.0871557427476582 1.734723475976807e-18
usemtl m_a13787e8-2e33-e31c-34da-56d6c9cc4450
f 484/1088/272 487/1087/272 485/1086/272 482/1085/272
f 483/1092/273 484/1091/273 482/1090/273 481/1089/273
f 488/1096/274 483/1095/274 481/1094/274 486/1093/274
f 487/1100/275 488/1099/275 486/1098/275 485/1097/275
o cube
v 10.362678543940948 0.6548294270991808 -1.625
v 10.362678543940948 0.6548294270991808 -2.375
v 10.368125777862677 0.5925672584684469 -1.625
v 10.368125777862677 0.5925672584684469 -2.375
v 9.989105532156543 0.622146023568809 -2.375
v 9.989105532156543 0.622146023568809 -1.625
v 9.994552766078272 0.5598838549380751 -2.375
v 9.994552766078272 0.5598838549380751 -1.625
vt 0.484375 0.828125
vt 0.578125 0.828125
vt 0.578125 0.8125
vt 0.484375 0.8125
vt 0.453125 0.84375
vt 0.640625 0.84375
vt 0.640625 0.828125
vt 0.453125 0.828125
vt 0.484375 0.8125
vt 0.578125 0.8125
vt 0.578125 0.796875
vt 0.484375 0.796875
vt 0.296875 0.78125
vt 0.203125 0.78125
vt 0.203125 0.59375
vt 0.296875 0.59375
vn 0 0 -1
vn 0.9961946980917455 0.08715574274765818 0
vn 0 0 1
vn 0.08715574274765818 -0.9961946980917455 0
usemtl m_a13787e8-2e33-e31c-34da-56d6c9cc4450
f 492/1104/276 495/1103/276 493/1102/276 490/1101/276
f 491/1108/277 492/1107/277 490/1106/277 489/1105/277
f 496/1112/278 491/1111/278 489/1110/278 494/1109/278
f 495/1116/279 492/1115/279 491/1114/279 496/1113/279
o cube
v 10.397943082027345 0.19747714287533757 -1.6008352648558852
v 10.399129976323266 0.18391087899510872 -1.7564906864327203
v 10.416935851459666 -0.01961120511037262 -1.581769946129835
v 10.418122745755587 -0.03317746899060159 -1.7374253677066702
v 10.243474554746431 0.17029279419078702 -1.7564906864327203
v 10.24228766045051 0.183859058071016 -1.6008352648558852
v 10.262467324178752 -0.04679555379492317 -1.7374253677066702
v 10.26128042988283 -0.033229289914694204 -1.581769946129835
vt 0.0625 0.515625
vt 0.09375 0.515625
vt 0.09375 0.46875
vt 0.0625 0.46875
vt 0.296875 0.515625
vt 0.328125 0.515625
vt 0.328125 0.46875
vt 0.296875 0.46875
vt 0.328125 0.515625
vt 0.359375 0.515625
vt 0.359375 0.46875
vt 0.328125 0.46875
vt 0.484375 0.65625
vt 0.515625 0.65625
vt 0.515625 0.609375
vt 0.484375 0.609375
vt 0.53125 0.53125
vt 0.5 0.53125
vt 0.5 0.5
vt 0.53125 0.5
vn 0.007596123493895972 -0.08682408883346518 -0.9961946980917455
vn 0.9961946980917455 0.0871557427476582 -1.734723475976807e-18
vn -0.007596123493895972 0.08682408883346518 0.9961946980917455
vn -0.9961946980917455 -0.0871557427476582 1.734723475976807e-18
vn 0.08682408883346518 -0.9924038765061041 0.0871557427476582
usemtl m_a13787e8-2e33-e31c-34da-56d6c9cc4450
f 500/1120/280 503/1119/280 501/1118/280 498/1117/280
f 499/1124/281 500/1123/281 498/1122/281 497/1121/281
f 504/1128/282 499/1127/282 497/1126/282 502/1125/282
f 503/1132/283 504/1131/283 502/1130/283 501/1129/283
f 503/1136/284 500/1135/284 499/1134/284 504/1133/284
o cube
v 9.784083525990924 0.6645598678460694 -1.6586168699069657
v 9.783134010554187 0.6537068567418864 -1.7831412071684338
v 9.724391964917917 -0.01771779725187711 -1.5986972967679507
v 9.72344244948118 -0.02857080835606024 -1.7232216340294189
v 9.65860967329272 0.6646013245853437 -1.7831412071684338
v 9.659559188729455 0.6754543356895266 -1.6586168699069657
v 9.598918112219712 -0.017676340512602973 -1.7232216340294189
v 9.59986762765645 -0.006823329408419843 -1.5986972967679507
vt 0.265625 0.59375
vt 0.296875 0.59375
vt 0.296875 0.421875
vt 0.265625 0.421875
vt 0.421875 1
vt 0.453125 1
vt 0.453125 0.828125
vt 0.421875 0.828125
vt 0.421875 0.71875
vt 0.453125 0.71875
vt 0.453125 0.546875
vt 0.421875 0.546875
vt 0 0.5625
vt 0.03125 0.5625
vt 0.03125 0.390625
vt 0 0.390625
vn -0.007596123493895972 -0.08682408883346518 -0.9961946980917455
vn 0.9961946980917455 -0.0871557427476582 1.734723475976807e-18
vn 0.007596123493895972 0.08682408883346518 0.9961946980917455
vn -0.9961946980917455 0.0871557427476582 -1.734723475976807e-18
usemtl m_a13787e8-2e33-e31c-34da-56d6c9cc4450
f 508/1140/285 511/1139/285 509/1138/285 506/1137/285
f 507/1144/286 508/1143/286 506/1142/286 505/1141/286
f 512/1148/287 507/1147/287 505/1146/287 510/1145/287
f 511/1152/288 512/1151/288 510/1150/288 509/1149/288
o cube
v 9.75771233954949 0.183859058071016 -1.6008352648558852
v 9.756525445253569 0.17029279419078702 -1.7564906864327203
v 9.73871957011717 -0.033229289914694204 -1.581769946129835
v 9.737532675821248 -0.04679555379492317 -1.7374253677066702
v 9.600870023676734 0.18391087899510872 -1.7564906864327203
v 9.602056917972655 0.19747714287533757 -1.6008352648558852
v 9.581877254244413 -0.03317746899060159 -1.7374253677066702
v 9.583064148540334 -0.01961120511037262 -1.581769946129835
vt 0.359375 0.515625
vt 0.390625 0.515625
vt 0.390625 0.46875
vt 0.359375 0.46875
vt 0.484375 0.609375
vt 0.515625 0.609375
vt 0.515625 0.5625
vt 0.484375 0.5625
vt 0.46875 0.515625
vt 0.5 0.515625
vt 0.5 0.46875
vt 0.46875 0.46875
vt 0.390625 0.5
vt 0.421875 0.5
vt 0.421875 0.453125
vt 0.390625 0.453125
vt 0.53125 0.5
vt 0.5 0.5
vt 0.5 0.46875
vt 0.53125 0.46875
vn -0.007596123493895972 -0.08682408883346518 -0.9961946980917455
vn 0.9961946980917455 -0.0871557427476582 1.734723475976807e-18
vn 0.007596123493895972 0.08682408883346518 0.9961946980917455
vn -0.9961946980917455 0.0871557427476582 -1.734723475976807e-18
vn -0.08682408883346518 -0.9924038765061041 0.0871557427476582
usemtl m_a13787e8-2e33-e31c-34da-56d6c9cc4450
f 516/1156/289 519/1155/289 517/1154/289 514/1153/289
f 515/1160/290 516/1159/290 514/1158/290 513/1157/290
f 520/1164/291 515/1163/291 513/1162/291 518/1161/291
f 519/1168/292 520/1167/292 518/1166/292 517/1165/292
f 519/1172/293 516/1171/293 515/1170/293 520/1169/293
o cube
v 10.424940712571683 0.7852766610209096 -1.5625
v 10.424940712571683 0.7852766610209096 -2.4375
v 10.43583518041514 0.6607523237594415 -1.5625
v 10.43583518041514 0.6607523237594415 -2.4375
v 9.989105532156543 0.747146023568809 -2.4375
v 9.989105532156543 0.747146023568809 -1.5625
v 10 0.6226216863073408 -2.4375
v 10 0.6226216863073408 -1.5625
vt 0.453125 0.90625
vt 0.5625 0.90625
vt 0.5625 0.875
vt 0.453125 0.875
vt 0.296875 0.78125
vt 0.515625 0.78125
vt 0.515625 0.75
vt 0.296875 0.75
vt 0.453125 0.875
vt 0.5625 0.875
vt 0.5625 0.84375
vt 0.453125 0.84375
vt 0.109375 0.78125
vt 0 0.78125
vt 0 1
vt 0.109375 1
vt 0.21875 1
vt 0.109375 1
vt 0.109375 0.78125
vt 0.21875 0.78125
vn 0 0 -1
vn 0.9961946980917455 0.08715574274765818 0
vn 0 0 1
vn -0.08715574274765818 0.9961946980917455 0
vn 0.08715574274765818 -0.9961946980917455 0
usemtl m_a13787e8-2e33-e31c-34da-56d6c9cc4450
f 524/1176/294 527/1175/294 525/1174/294 522/1173/294
f 523/1180/295 524/1179/295 522/1178/295 521/1177/295
f 528/1184/296 523/1183/296 521/1182/296 526/1181/296
f 526/1188/297 521/1187/297 522/1186/297 525/1185/297
f 527/1192/298 524/1191/298 523/1190/298 528/1189/298
o cube
v 10.010894467843459 0.7471460235688092 -1.5625
v 10.010894467843459 0.7471460235688092 -2.4375
v 10 0.6226216863073408 -1.5625
v 10 0.6226216863073408 -2.4375
v 9.575059287428319 0.7852766610209096 -2.4375
v 9.575059287428319 0.7852766610209096 -1.5625
v 9.564164819584862 0.6607523237594415 -2.4375
v 9.564164819584862 0.6607523237594415 -1.5625
vt 0.453125 0.71875
vt 0.5625 0.71875
vt 0.5625 0.6875
vt 0.453125 0.6875
vt 0.296875 0.546875
vt 0.40625 0.546875
vt 0.40625 0.515625
vt 0.296875 0.515625
vt 0.296875 0.75
vt 0.515625 0.75
vt 0.515625 0.71875
vt 0.296875 0.71875
vt 0.109375 0.5625
vt 0 0.5625
vt 0 0.78125
vt 0.109375 0.78125
vt 0.328125 1
vt 0.21875 1
vt 0.21875 0.78125
vt 0.328125 0.78125
vn 0 0 -1
vn 0 0 1
vn -0.9961946980917455 0.08715574274765818 0
vn 0.08715574274765818 0.9961946980917455 0
vn -0.08715574274765818 -0.9961946980917455 0
usemtl m_a13787e8-2e33-e31c-34da-56d6c9cc4450
f 532/1196/299 535/1195/299 533/1194/299 530/1193/299
f 536/1200/300 531/1199/300 529/1198/300 534/1197/300
f 535/1204/301 536/1203/301 534/1202/301 533/1201/301
f 534/1208/302 529/1207/302 530/1206/302 533/1205/302
f 535/1212/303 532/1211/303 531/1210/303 536/1209/303
o cube
v 12.424940712571683 0.8477766610209096 -1.5625
v 12.424940712571683 0.8477766610209096 -2.4375
v 12.43583518041514 0.7232523237594415 -1.5625
v 12.43583518041514 0.7232523237594415 -2.4375
v 11.989105532156543 0.809646023568809 -2.4375
v 11.989105532156543 0.809646023568809 -1.5625
v 12 0.6851216863073408 -2.4375
v 12 0.6851216863073408 -1.5625
vt 0 0.5625
vt 0.109375 0.5625
vt 0.109375 0.53125
vt 0 0.53125
vt 0.234375 0.78125
vt 0.453125 0.78125
vt 0.453125 0.75
vt 0.234375 0.75
vt 0.453125 0.90625
vt 0.5625 0.90625
vt 0.5625 0.875
vt 0.453125 0.875
vt 0.109375 0.78125
vt 0 0.78125
vt 0 1
vt 0.109375 1
vt 0.21875 1
vt 0.109375 1
vt 0.109375 0.78125
vt 0.21875 0.78125
vn 0 0 -1
vn 0.9961946980917455 0.08715574274765818 0
vn 0 0 1
vn -0.08715574274765818 0.9961946980917455 0
vn 0.08715574274765818 -0.9961946980917455 0
usemtl m_874fd50f-bead-370f-df72-7e1e63a3904f
f 540/1216/304 543/1215/304 541/1214/304 538/1213/304
f 539/1220/305 540/1219/305 538/1218/305 537/1217/305
f 544/1224/306 539/1223/306 537/1222/306 542/1221/306
f 542/1228/307 537/1227/307 538/1226/307 541/1225/307
f 543/1232/308 540/1231/308 539/1230/308 544/1229/308
o cube
v 12.010894467843459 0.8096460235688092 -1.5625
v 12.010894467843459 0.8096460235688092 -2.4375
v 12 0.6851216863073408 -1.5625
v 12 0.6851216863073408 -2.4375
v 11.575059287428319 0.8477766610209096 -2.4375
v 11.575059287428319 0.8477766610209096 -1.5625
v 11.564164819584862 0.7232523237594415 -2.4375
v 11.564164819584862 0.7232523237594415 -1.5625
vt 0.453125 0.875
vt 0.5625 0.875
vt 0.5625 0.84375
vt 0.453125 0.84375
vt 0.453125 0.84375
vt 0.5625 0.84375
vt 0.5625 0.8125
vt 0.453125 0.8125
vt 0.234375 0.75
vt 0.453125 0.75
vt 0.453125 0.71875
vt 0.234375 0.71875
vt 0.109375 0.5625
vt 0 0.5625
vt 0 0.78125
vt 0.109375 0.78125
vt 0.328125 1
vt 0.21875 1
vt 0.21875 0.78125
vt 0.328125 0.78125
vn 0 0 -1
vn 0 0 1
vn -0.9961946980917455 0.08715574274765818 0
vn 0.08715574274765818 0.9961946980917455 0
vn -0.08715574274765818 -0.9961946980917455 0
usemtl m_874fd50f-bead-370f-df72-7e1e63a3904f
f 548/1236/309 551/1235/309 549/1234/309 546/1233/309
f 552/1240/310 547/1239/310 545/1238/310 550/1237/310
f 551/1244/311 552/1243/311 550/1242/311 549/1241/311
f 550/1248/312 545/1247/312 546/1246/312 549/1245/312
f 551/1252/313 548/1251/313 547/1250/313 552/1249/313
o cube
v 12.125 0.5 -1.875
v 12.125 0.5 -2.125
v 12.125 0.375 -1.875
v 12.125 0.375 -2.125
v 11.875 0.5 -2.125
v 11.875 0.5 -1.875
v 11.875 0.375 -2.125
v 11.875 0.375 -1.875
vt 0.484375 0.546875
vt 0.546875 0.546875
vt 0.546875 0.515625
vt 0.484375 0.515625
vt 0.484375 0.515625
vt 0.546875 0.515625
vt 0.546875 0.484375
vt 0.484375 0.484375
vt 0.515625 0.8125
vt 0.578125 0.8125
vt 0.578125 0.78125
vt 0.515625 0.78125
vt 0.515625 0.78125
vt 0.578125 0.78125
vt 0.578125 0.75
vt 0.515625 0.75
vt 0.390625 0.796875
vt 0.328125 0.796875
vt 0.328125 0.859375
vt 0.390625 0.859375
vt 0.453125 0.859375
vt 0.390625 0.859375
vt 0.390625 0.796875
vt 0.453125 0.796875
vn 0 0 -1
vn 1 0 0
vn 0 0 1
vn -1 0 0
vn 0 1 0
vn 0 -1 0
usemtl m_874fd50f-bead-370f-df72-7e1e63a3904f
f 556/1256/314 559/1255/314 557/1254/314 554/1253/314
f 555/1260/315 556/1259/315 554/1258/315 553/1257/315
f 560/1264/316 555/1263/316 553/1262/316 558/1261/316
f 559/1268/317 560/1267/317 558/1266/317 557/1265/317
f 558/1272/318 553/1271/318 554/1270/318 557/1269/318
f 559/1276/319 556/1275/319 555/1274/319 560/1273/319
o cube
v 12.0625 0.75 -1.9375
v 12.0625 0.75 -2.0625
v 12.0625 0.1875 -1.9375
v 12.0625 0.1875 -2.0625
v 11.9375 0.75 -2.0625
v 11.9375 0.75 -1.9375
v 11.9375 0.1875 -2.0625
v 11.9375 0.1875 -1.9375
vt 0.421875 0.71875
vt 0.453125 0.71875
vt 0.453125 0.578125
vt 0.421875 0.578125
vt 0.296875 0.578125
vt 0.328125 0.578125
vt 0.328125 0.4375
vt 0.296875 0.4375
vt 0.328125 0.578125
vt 0.359375 0.578125
vt 0.359375 0.4375
vt 0.328125 0.4375
vt 0.359375 0.578125
vt 0.390625 0.578125
vt 0.390625 0.4375
vt 0.359375 0.4375
vt 0.515625 0.484375
vt 0.484375 0.484375
vt 0.484375 0.453125
vt 0.515625 0.453125
vn 0 0 -1
vn 1 0 0
vn 0 0 1
vn -1 0 0
vn 0 -1 0
usemtl m_874fd50f-bead-370f-df72-7e1e63a3904f
f 564/1280/320 567/1279/320 565/1278/320 562/1277/320
f 563/1284/321 564/1283/321 562/1282/321 561/1281/321
f 568/1288/322 563/1287/322 561/1286/322 566/1285/322
f 567/1292/323 568/1291/323 566/1290/323 565/1289/323
f 567/1296/324 564/1295/324 563/1294/324 568/1293/324
o cube
v 12.2625 0.7625 -1.7375
v 12.2625 0.7625 -2.2625
v 12.2625 0.6125 -1.7375
v 12.2625 0.6125 -2.2625
v 11.7375 0.7625 -2.2625
v 11.7375 0.7625 -1.7375
v 11.7375 0.6125 -2.2625
v 11.7375 0.6125 -1.7375
vt 0.390625 0.578125
vt 0.515625 0.578125
vt 0.515625 0.546875
vt 0.390625 0.546875
vt 0.453125 1
vt 0.578125 1
vt 0.578125 0.96875
vt 0.453125 0.96875
vt 0.453125 0.96875
vt 0.578125 0.96875
vt 0.578125 0.9375
vt 0.453125 0.9375
vt 0.453125 0.9375
vt 0.578125 0.9375
vt 0.578125 0.90625
vt 0.453125 0.90625
vt 0.234375 0.78125
vt 0.109375 0.78125
vt 0.109375 0.65625
vt 0.234375 0.65625
vn 0 0 -1
vn 1 0 0
vn 0 0 1
vn -1 0 0
vn 0 -1 0
usemtl m_874fd50f-bead-370f-df72-7e1e63a3904f
f 572/1300/325 575/1299/325 573/1298/325 570/1297/325
f 571/1304/326 572/1303/326 570/1302/326 569/1301/326
f 576/1308/327 571/1307/327 569/1306/327 574/1305/327
f 575/1312/328 576/1311/328 574/1310/328 573/1309/328
f 575/1316/329 572/1315/329 571/1314/329 576/1313/329
o cube
v 11.766781420695752 0.6656341010022717 -1.9375
v 11.766781420695752 0.6656341010022717 -2.0625
v 11.790699135218569 0.6078916302203163 -1.9375
v 11.790699135218569 0.6078916302203163 -2.0625
v 11.53581153756793 0.5699632429109993 -2.0625
v 11.53581153756793 0.5699632429109993 -1.9375
v 11.559729252090747 0.5122207721290439 -2.0625
v 11.559729252090747 0.5122207721290439 -1.9375
vt 0.328125 0.796875
vt 0.390625 0.796875
vt 0.390625 0.78125
vt 0.328125 0.78125
vt 0.390625 0.796875
vt 0.453125 0.796875
vt 0.453125 0.78125
vt 0.390625 0.78125
vt 0.578125 0.71875
vt 0.515625 0.71875
vt 0.515625 0.75
vt 0.578125 0.75
vt 0.578125 0.71875
vt 0.515625 0.71875
vt 0.515625 0.6875
vt 0.578125 0.6875
vn 0 0 -1
vn 0 0 1
vn -0.3826834323650897 0.9238795325112867 0
vn 0.3826834323650897 -0.9238795325112867 0
usemtl m_874fd50f-bead-370f-df72-7e1e63a3904f
f 580/1320/330 583/1319/330 581/1318/330 578/1317/330
f 584/1324/331 579/1323/331 577/1322/331 582/1321/331
f 582/1328/332 577/1327/332 578/1326/332 581/1325/332
f 583/1332/333 580/1331/333 579/1330/333 584/1329/333
o cube
v 11.659752668196624 0.6382137182828289 -1.921875
v 11.659752668196624 0.6382137182828289 -2.078125
v 11.695629239980851 0.5516000121098958 -1.921875
v 11.695629239980851 0.5516000121098958 -2.078125
v 11.515396491241736 0.5784194319757836 -2.078125
v 11.515396491241736 0.5784194319757836 -1.921875
v 11.551273063025963 0.49180572580285054 -2.078125
v 11.551273063025963 0.49180572580285054 -1.921875
vt 0.515625 0.5625
vt 0.546875 0.5625
vt 0.546875 0.546875
vt 0.515625 0.546875
vt 0.421875 0.46875
vt 0.453125 0.46875
vt 0.453125 0.453125
vt 0.421875 0.453125
vt 0.453125 0.46875
vt 0.484375 0.46875
vt 0.484375 0.453125
vt 0.453125 0.453125
vt 0.546875 0.453125
vt 0.515625 0.453125
vt 0.515625 0.484375
vt 0.546875 0.484375
vt 0.421875 0.46875
vt 0.390625 0.46875
vt 0.390625 0.4375
vt 0.421875 0.4375
vn 0 0 -1
vn 0 0 1
vn -0.9238795325112867 -0.3826834323650897 0
vn -0.3826834323650897 0.9238795325112867 0
vn 0.3826834323650897 -0.9238795325112867 0
usemtl m_874fd50f-bead-370f-df72-7e1e63a3904f
f 588/1336/334 591/1335/334 589/1334/334 586/1333/334
f 592/1340/335 587/1339/335 585/1338/335 590/1337/335
f 591/1344/336 592/1343/336 590/1342/336 589/1341/336
f 590/1348/337 585/1347/337 586/1346/337 589/1345/337
f 591/1352/338 588/1351/338 587/1350/338 592/1349/338
o cube
v 12.0625 0.38068689110435816 -2.014189326686925
v 12.0625 0.46907523875267665 -2.102577674335244
v 12.0625 -0.01706067331307476 -2.411936891104358
v 12.0625 0.07132767433524367 -2.500325238752677
v 11.9375 0.46907523875267665 -2.102577674335244
v 11.9375 0.38068689110435816 -2.014189326686925
v 11.9375 0.07132767433524367 -2.500325238752677
v 11.9375 -0.01706067331307476 -2.411936891104358
vt 0.234375 0.71875
vt 0.265625 0.71875
vt 0.265625 0.578125
vt 0.234375 0.578125
vt 0.265625 0.71875
vt 0.296875 0.71875
vt 0.296875 0.578125
vt 0.265625 0.578125
vt 0.296875 0.71875
vt 0.328125 0.71875
vt 0.328125 0.578125
vt 0.296875 0.578125
vt 0.328125 1
vt 0.359375 1
vt 0.359375 0.859375
vt 0.328125 0.859375
vn 0 0.7071067811865476 -0.7071067811865475
vn 1 0 0
vn 0 -0.7071067811865476 0.7071067811865475
vn -1 0 0
usemtl m_874fd50f-bead-370f-df72-7e1e63a3904f
f 596/1356/339 599/1355/339 597/1354/339 594/1353/339
f 595/1360/340 596/1359/340 594/1358/340 593/1357/340
f 600/1364/341 595/1363/341 593/1362/341 598/1361/341
f 599/1368/342 600/1367/342 598/1366/342 597/1365/342
o cube
v 12.0625 0.46907523875267665 -1.8974223256647562
v 12.0625 0.38068689110435816 -1.9858106733130747
v 12.0625 0.07132767433524367 -1.4996747612473234
v 12.0625 -0.01706067331307476 -1.5880631088956418
v 11.9375 0.38068689110435816 -1.9858106733130747
v 11.9375 0.46907523875267665 -1.8974223256647562
v 11.9375 -0.01706067331307476 -1.5880631088956418
v 11.9375 0.07132767433524367 -1.4996747612473234
vt 0.328125 0.71875
vt 0.359375 0.71875
vt 0.359375 0.578125
vt 0.328125 0.578125
vt 0.109375 0.65625
vt 0.140625 0.65625
vt 0.140625 0.515625
vt 0.109375 0.515625
vt 0.140625 0.65625
vt 0.171875 0.65625
vt 0.171875 0.515625
vt 0.140625 0.515625
vt 0.171875 0.65625
vt 0.203125 0.65625
vt 0.203125 0.515625
vt 0.171875 0.515625
vn 0 -0.7071067811865476 -0.7071067811865475
vn 1 0 0
vn 0 0.7071067811865476 0.7071067811865475
vn -1 0 0
usemtl m_874fd50f-bead-370f-df72-7e1e63a3904f
f 604/1372/343 607/1371/343 605/1370/343 602/1369/343
f 603/1376/344 604/1375/344 602/1374/344 601/1373/344
f 608/1380/345 603/1379/345 601/1378/345 606/1377/345
f 607/1384/346 608/1383/346 606/1382/346 605/1381/346
o cube
v 12.078125 0.2039101958077214 -2.1688689350714827
v 12.078125 0.31439563036811946 -2.2793543696318808
v 12.078125 -0.039157760225154326 -2.411936891104358
v 12.078125 0.07132767433524378 -2.522422325664756
v 11.921875 0.31439563036811946 -2.2793543696318808
v 11.921875 0.2039101958077214 -2.1688689350714827
v 11.921875 0.07132767433524378 -2.522422325664756
v 11.921875 -0.039157760225154326 -2.411936891104358
vt 0.453125 0.8125
vt 0.484375 0.8125
vt 0.484375 0.734375
vt 0.453125 0.734375
vt 0.453125 0.734375
vt 0.484375 0.734375
vt 0.484375 0.65625
vt 0.453125 0.65625
vt 0.453125 0.65625
vt 0.484375 0.65625
vt 0.484375 0.578125
vt 0.453125 0.578125
vt 0.390625 0.546875
vt 0.421875 0.546875
vt 0.421875 0.46875
vt 0.390625 0.46875
vt 0.546875 0.6875
vt 0.515625 0.6875
vt 0.515625 0.65625
vt 0.546875 0.65625
vn 0 0.7071067811865476 -0.7071067811865475
vn 1 0 0
vn 0 -0.7071067811865476 0.7071067811865475
vn -1 0 0
vn 0 -0.7071067811865475 -0.7071067811865476
usemtl m_874fd50f-bead-370f-df72-7e1e63a3904f
f 612/1388/347 615/1387/347 613/1386/347 610/1385/347
f 611/1392/348 612/1391/348 610/1390/348 609/1389/348
f 616/1396/349 611/1395/349 609/1394/349 614/1393/349
f 615/1400/350 616/1399/350 614/1398/350 613/1397/350
f 615/1404/351 612/1403/351 611/1402/351 616/1401/351
o cube
v 12.078125 0.31439563036811946 -1.7206456303681195
v 12.078125 0.2039101958077214 -1.8311310649285175
v 12.078125 0.07132767433524378 -1.4775776743352438
v 12.078125 -0.039157760225154326 -1.5880631088956418
v 11.921875 0.2039101958077214 -1.8311310649285175
v 11.921875 0.31439563036811946 -1.7206456303681195
v 11.921875 -0.039157760225154326 -1.5880631088956418
v 11.921875 0.07132767433524378 -1.4775776743352438
vt 0.421875 0.546875
vt 0.453125 0.546875
vt 0.453125 0.46875
vt 0.421875 0.46875
vt 0.453125 0.546875
vt 0.484375 0.546875
vt 0.484375 0.46875
vt 0.453125 0.46875
vt 0 0.53125
vt 0.03125 0.53125
vt 0.03125 0.453125
vt 0 0.453125
vt 0.03125 0.53125
vt 0.0625 0.53125
vt 0.0625 0.453125
vt 0.03125 0.453125
vt 0.546875 0.65625
vt 0.515625 0.65625
vt 0.515625 0.625
vt 0.546875 0.625
vn 0 -0.7071067811865476 -0.7071067811865475
vn 1 0 0
vn 0 0.7071067811865476 0.7071067811865475
vn -1 0 0
vn 0 -0.7071067811865475 0.7071067811865476
usemtl m_874fd50f-bead-370f-df72-7e1e63a3904f
f 620/1408/352 623/1407/352 621/1406/352 618/1405/352
f 619/1412/353 620/1411/353 618/1410/353 617/1409/353
f 624/1416/354 619/1415/354 617/1414/354 622/1413/354
f 623/1420/355 624/1419/355 622/1418/355 621/1417/355
f 623/1424/356 620/1423/356 619/1422/356 624/1421/356
o cube
v 11.831131064928517 0.2039101958077214 -1.921875
v 11.831131064928517 0.2039101958077214 -2.078125
v 11.588063108895641 -0.039157760225154326 -1.921875
v 11.588063108895641 -0.039157760225154326 -2.078125
v 11.72064563036812 0.31439563036811946 -2.078125
v 11.72064563036812 0.31439563036811946 -1.921875
v 11.477577674335244 0.07132767433524378 -2.078125
v 11.477577674335244 0.07132767433524378 -1.921875
vt 0.0625 0.53125
vt 0.09375 0.53125
vt 0.09375 0.453125
vt 0.0625 0.453125
vt 0.09375 0.515625
vt 0.125 0.515625
vt 0.125 0.4375
vt 0.09375 0.4375
vt 0.125 0.515625
vt 0.15625 0.515625
vt 0.15625 0.4375
vt 0.125 0.4375
vt 0.15625 0.515625
vt 0.1875 0.515625
vt 0.1875 0.4375
vt 0.15625 0.4375
vt 0.546875 0.625
vt 0.515625 0.625
vt 0.515625 0.59375
vt 0.546875 0.59375
vn 0 0 -1
vn 0.7071067811865475 -0.7071067811865476 0
vn 0 0 1
vn -0.7071067811865475 0.7071067811865476 0
vn -0.7071067811865476 -0.7071067811865475 0
usemtl m_874fd50f-bead-370f-df72-7e1e63a3904f
f 628/1428/357 631/1427/357 629/1426/357 626/1425/357
f 627/1432/358 628/1431/358 626/1430/358 625/1429/358
f 632/1436/359 627/1435/359 625/1434/359 630/1433/359
f 631/1440/360 632/1439/360 630/1438/360 629/1437/360
f 631/1444/361 628/1443/361 627/1442/361 632/1441/361
o cube
v 12.27935436963188 0.31439563036811946 -1.921875
v 12.27935436963188 0.31439563036811946 -2.078125
v 12.522422325664756 0.07132767433524378 -1.921875
v 12.522422325664756 0.07132767433524378 -2.078125
v 12.168868935071483 0.2039101958077214 -2.078125
v 12.168868935071483 0.2039101958077214 -1.921875
v 12.411936891104359 -0.039157760225154326 -2.078125
v 12.411936891104359 -0.039157760225154326 -1.921875
vt 0.1875 0.515625
vt 0.21875 0.515625
vt 0.21875 0.4375
vt 0.1875 0.4375
vt 0.484375 0.8125
vt 0.515625 0.8125
vt 0.515625 0.734375
vt 0.484375 0.734375
vt 0.484375 0.734375
vt 0.515625 0.734375
vt 0.515625 0.65625
vt 0.484375 0.65625
vt 0.484375 0.65625
vt 0.515625 0.65625
vt 0.515625 0.578125
vt 0.484375 0.578125
vt 0.546875 0.59375
vt 0.515625 0.59375
vt 0.515625 0.5625
vt 0.546875 0.5625
vn 0 0 -1
vn 0.7071067811865475 0.7071067811865476 0
vn 0 0 1
vn -0.7071067811865475 -0.7071067811865476 0
vn 0.7071067811865476 -0.7071067811865475 0
usemtl m_874fd50f-bead-370f-df72-7e1e63a3904f
f 636/1448/362 639/1447/362 637/1446/362 634/1445/362
f 635/1452/363 636/1451/363 634/1450/363 633/1449/363
f 640/1456/364 635/1455/364 633/1454/364 638/1453/364
f 639/1460/365 640/1459/365 638/1458/365 637/1457/365
f 639/1464/366 636/1463/366 635/1462/366 640/1461/366
o cube
v 11.985810673313075 0.38068689110435816 -1.9375
v 11.985810673313075 0.38068689110435816 -2.0625
v 11.588063108895641 -0.01706067331307476 -1.9375
v 11.588063108895641 -0.01706067331307476 -2.0625
v 11.897422325664756 0.46907523875267665 -2.0625
v 11.897422325664756 0.46907523875267665 -1.9375
v 11.499674761247324 0.07132767433524367 -2.0625
v 11.499674761247324 0.07132767433524367 -1.9375
vt 0.203125 0.65625
vt 0.234375 0.65625
vt 0.234375 0.515625
vt 0.203125 0.515625
vt 0.359375 1
vt 0.390625 1
vt 0.390625 0.859375
vt 0.359375 0.859375
vt 0.359375 0.71875
vt 0.390625 0.71875
vt 0.390625 0.578125
vt 0.359375 0.578125
vt 0.390625 1
vt 0.421875 1
vt 0.421875 0.859375
vt 0.390625 0.859375
vn 0 0 -1
vn 0.7071067811865475 -0.7071067811865476 0
vn 0 0 1
vn -0.7071067811865475 0.7071067811865476 0
usemtl m_874fd50f-bead-370f-df72-7e1e63a3904f
f 644/1468/367 647/1467/367 645/1466/367 642/1465/367
f 643/1472/368 644/1471/368 642/1470/368 641/1469/368
f 648/1476/369 643/1475/369 641/1474/369 646/1473/369
f 647/1480/370 648/1479/370 646/1478/370 645/1477/370
o cube
v 12.102577674335244 0.46907523875267665 -1.9375
v 12.102577674335244 0.46907523875267665 -2.0625
v 12.500325238752676 0.07132767433524367 -1.9375
v 12.500325238752676 0.07132767433524367 -2.0625
v 12.014189326686925 0.38068689110435816 -2.0625
v 12.014189326686925 0.38068689110435816 -1.9375
v 12.411936891104359 -0.01706067331307476 -2.0625
v 12.411936891104359 -0.01706067331307476 -1.9375
vt 0.390625 0.71875
vt 0.421875 0.71875
vt 0.421875 0.578125
vt 0.390625 0.578125
vt 0.421875 1
vt 0.453125 1
vt 0.453125 0.859375
vt 0.421875 0.859375
vt 0.234375 0.578125
vt 0.265625 0.578125
vt 0.265625 0.4375
vt 0.234375 0.4375
vt 0.265625 0.578125
vt 0.296875 0.578125
vt 0.296875 0.4375
vt 0.265625 0.4375
vn 0 0 -1
vn 0.7071067811865475 0.7071067811865476 0
vn 0 0 1
vn -0.7071067811865475 -0.7071067811865476 0
usemtl m_874fd50f-bead-370f-df72-7e1e63a3904f
f 652/1484/371 655/1483/371 653/1482/371 650/1481/371
f 651/1488/372 652/1487/372 650/1486/372 649/1485/372
f 656/1492/373 651/1491/373 649/1490/373 654/1489/373
f 655/1496/374 656/1495/374 654/1494/374 653/1493/374
o cube
v 14.375 0.6875 -1.625
v 14.375 0.6875 -2.375
v 14.375 0.25 -1.625
v 14.375 0.25 -2.375
v 13.625 0.6875 -2.375
v 13.625 0.6875 -1.625
v 13.625 0.25 -2.375
v 13.625 0.25 -1.625
vt 0.1875 0.8125
vt 0.375 0.8125
vt 0.375 0.703125
vt 0.1875 0.703125
vt 0.1875 0.703125
vt 0.375 0.703125
vt 0.375 0.59375
vt 0.1875 0.59375
vt 0 0.625
vt 0.1875 0.625
vt 0.1875 0.515625
vt 0 0.515625
vt 0.375 1
vt 0.5625 1
vt 0.5625 0.890625
vt 0.375 0.890625
vt 0.1875 0.8125
vt 0 0.8125
vt 0 1
vt 0.1875 1
vt 0.1875 0.8125
vt 0 0.8125
vt 0 0.625
vt 0.1875 0.625
vn 0 0 -1
vn 1 0 0
vn 0 0 1
vn -1 0 0
vn 0 1 0
vn 0 -1 0
usemtl m_6aa5cd60-6185-77d2-2dd0-d6e8b00f4e66
f 660/1500/375 663/1499/375 661/1498/375 658/1497/375
f 659/1504/376 660/1503/376 658/1502/376 657/1501/376
f 664/1508/377 659/1507/377 657/1506/377 662/1505/377
f 663/1512/378 664/1511/378 662/1510/378 661/1509/378
f 662/1516/379 657/1515/379 658/1514/379 661/1513/379
f 663/1520/380 660/1519/380 659/1518/380 664/1517/380
o cube
v 14.390625 0.453125 -1.609375
v 14.390625 0.453125 -2.390625
v 14.390625 0.234375 -1.609375
v 14.390625 0.234375 -2.390625
v 13.609375 0.453125 -2.390625
v 13.609375 0.453125 -1.609375
v 13.609375 0.234375 -2.390625
v 13.609375 0.234375 -1.609375
vt 0.375 0.890625
vt 0.5625 0.890625
vt 0.5625 0.84375
vt 0.375 0.84375
vt 0.375 0.84375
vt 0.5625 0.84375
vt 0.5625 0.796875
vt 0.375 0.796875
vt 0.375 0.796875
vt 0.5625 0.796875
vt 0.5625 0.75
vt 0.375 0.75
vt 0.375 0.75
vt 0.5625 0.75
vt 0.5625 0.703125
vt 0.375 0.703125
vt 0.375 1
vt 0.1875 1
vt 0.1875 0.8125
vt 0.375 0.8125
vn 0 0 -1
vn 1 0 0
vn 0 0 1
vn -1 0 0
vn 0 -1 0
usemtl m_6aa5cd60-6185-77d2-2dd0-d6e8b00f4e66
f 668/1524/381 671/1523/381 669/1522/381 666/1521/381
f 667/1528/382 668/1527/382 666/1526/382 665/1525/382
f 672/1532/383 667/1531/383 665/1530/383 670/1529/383
f 671/1536/384 672/1535/384 670/1534/384 669/1533/384
f 671/1540/385 668/1539/385 667/1538/385 672/1537/385
o cube
v 13.874506093610186 0.2652447938413669 -2.124898943415837
v 13.875930366765292 0.2815243104976417 -2.311685449308039
v 13.85822657695391 0.07916906699647241 -2.1412406451810226
v 13.859650850109016 0.09544858365274722 -2.328027151073225
v 13.68914386087309 0.2978660122628276 -2.311685449308039
v 13.687719587717984 0.2815864956065528 -2.124898943415837
v 13.672864344216814 0.11179028541793312 -2.328027151073225
v 13.671440071061708 0.09551076876165832 -2.1412406451810226
vt 0.375 0.703125
vt 0.421875 0.703125
vt 0.421875 0.65625
vt 0.375 0.65625
vt 0.375 0.65625
vt 0.421875 0.65625
vt 0.421875 0.609375
vt 0.375 0.609375
vt 0.375 0.609375
vt 0.421875 0.609375
vt 0.421875 0.5625
vt 0.375 0.5625
vt 0.1875 0.59375
vt 0.234375 0.59375
vt 0.234375 0.546875
vt 0.1875 0.546875
vn 0.007596123493895972 0.08682408883346518 -0.9961946980917455
vn 0.9961946980917455 -0.0871557427476582 -1.734723475976807e-18
vn -0.007596123493895972 -0.08682408883346518 0.9961946980917455
vn -0.9961946980917455 0.0871557427476582 1.734723475976807e-18
usemtl m_6aa5cd60-6185-77d2-2dd0-d6e8b00f4e66
f 676/1544/386 679/1543/386 677/1542/386 674/1541/386
f 675/1548/387 676/1547/387 674/1546/387 673/1545/387
f 680/1552/388 675/1551/388 673/1550/388 678/1549/388
f 679/1556/389 680/1555/389 678/1554/389 677/1553/389
o cube
v 13.880456561622116 0.15398218498005678 -2.1188660606211784
v 13.882118213636407 0.1729749544123773 -2.336783650828748
v 13.861463792189797 -0.06310616300565347 -2.1379313793472288
v 13.863125444204087 -0.04411339357333299 -2.355848969554798
v 13.664200623428837 0.19204027313842753 -2.336783650828748
v 13.662538971414548 0.173047503706107 -2.1188660606211784
v 13.645207853996517 -0.025048074847282775 -2.355848969554798
v 13.643546201982227 -0.04404084427960325 -2.1379313793472288
vt 0.234375 0.59375
vt 0.28125 0.59375
vt 0.28125 0.546875
vt 0.234375 0.546875
vt 0.28125 0.59375
vt 0.328125 0.59375
vt 0.328125 0.546875
vt 0.28125 0.546875
vt 0.328125 0.59375
vt 0.375 0.59375
vt 0.375 0.546875
vt 0.328125 0.546875
vt 0.421875 0.703125
vt 0.46875 0.703125
vt 0.46875 0.65625
vt 0.421875 0.65625
vt 0.46875 0.65625
vt 0.421875 0.65625
vt 0.421875 0.609375
vt 0.46875 0.609375
vn 0.007596123493895972 0.08682408883346518 -0.9961946980917455
vn 0.9961946980917455 -0.0871557427476582 -1.734723475976807e-18
vn -0.007596123493895972 -0.08682408883346518 0.9961946980917455
vn -0.9961946980917455 0.0871557427476582 1.734723475976807e-18
vn -0.08682408883346518 -0.9924038765061041 -0.0871557427476582
usemtl m_6aa5cd60-6185-77d2-2dd0-d6e8b00f4e66
f 684/1560/390 687/1559/390 685/1558/390 682/1557/390
f 683/1564/391 684/1563/391 682/1562/391 681/1561/391
f 688/1568/392 683/1567/392 681/1566/392 686/1565/392
f 687/1572/393 688/1571/393 686/1570/393 685/1569/393
f 687/1576/394 684/1575/394 683/1574/394 688/1573/394
o cube
v 14.337461028585452 0.173047503706107 -2.1188660606211784
v 14.335799376571163 0.19204027313842753 -2.336783650828748
v 14.356453798017773 -0.04404084427960325 -2.1379313793472288
v 14.354792146003483 -0.025048074847282775 -2.355848969554798
v 14.117881786363593 0.1729749544123773 -2.336783650828748
v 14.119543438377884 0.15398218498005678 -2.1188660606211784
v 14.136874555795913 -0.04411339357333299 -2.355848969554798
v 14.138536207810203 -0.06310616300565347 -2.1379313793472288
vt 0.421875 0.609375
vt 0.46875 0.609375
vt 0.46875 0.5625
vt 0.421875 0.5625
vt 0.375 0.5625
vt 0.421875 0.5625
vt 0.421875 0.515625
vt 0.375 0.515625
vt 0.421875 0.5625
vt 0.46875 0.5625
vt 0.46875 0.515625
vt 0.421875 0.515625
vt 0.1875 0.546875
vt 0.234375 0.546875
vt 0.234375 0.5
vt 0.1875 0.5
vt 0.28125 0.546875
vt 0.234375 0.546875
vt 0.234375 0.5
vt 0.28125 0.5
vn -0.007596123493895972 0.08682408883346518 -0.9961946980917455
vn 0.9961946980917455 0.0871557427476582 1.734723475976807e-18
vn 0.007596123493895972 -0.08682408883346518 0.9961946980917455
vn -0.9961946980917455 -0.0871557427476582 -1.734723475976807e-18
vn 0.08682408883346518 -0.9924038765061041 -0.0871557427476582
usemtl m_6aa5cd60-6185-77d2-2dd0-d6e8b00f4e66
f 692/1580/395 695/1579/395 693/1578/395 690/1577/395
f 691/1584/396 692/1583/396 690/1582/396 689/1581/396
f 696/1588/397 691/1587/397 689/1586/397 694/1585/397
f 695/1592/398 696/1591/398 694/1590/398 693/1589/398
f 695/1596/399 692/1595/399 691/1594/399 696/1593/399
o cube
v 14.312280412282016 0.2815864956065528 -2.124898943415837
v 14.31085613912691 0.2978660122628276 -2.311685449308039
v 14.328559928938292 0.09551076876165832 -2.1412406451810226
v 14.327135655783186 0.11179028541793312 -2.328027151073225
v 14.124069633234708 0.2815243104976417 -2.311685449308039
v 14.125493906389814 0.2652447938413669 -2.124898943415837
v 14.140349149890984 0.09544858365274722 -2.328027151073225
v 14.14177342304609 0.07916906699647241 -2.1412406451810226
vt 0.28125 0.546875
vt 0.328125 0.546875
vt 0.328125 0.5
vt 0.28125 0.5
vt 0.328125 0.546875
vt 0.375 0.546875
vt 0.375 0.5
vt 0.328125 0.5
vt 0.46875 0.703125
vt 0.515625 0.703125
vt 0.515625 0.65625
vt 0.46875 0.65625
vt 0.46875 0.65625
vt 0.515625 0.65625
vt 0.515625 0.609375
vt 0.46875 0.609375
vn -0.007596123493895972 0.08682408883346518 -0.9961946980917455
vn 0.9961946980917455 0.0871557427476582 1.734723475976807e-18
vn 0.007596123493895972 -0.08682408883346518 0.9961946980917455
vn -0.9961946980917455 -0.0871557427476582 -1.734723475976807e-18
usemtl m_6aa5cd60-6185-77d2-2dd0-d6e8b00f4e66
f 700/1600/400 703/1599/400 701/1598/400 698/1597/400
f 699/1604/401 700/1603/401 698/1602/401 697/1601/401
f 704/1608/402 699/1607/402 697/1606/402 702/1605/402
f 703/1612/403 704/1611/403 702/1610/403 701/1609/403
o cube
v 14.335799376571163 0.19204027313842753 -1.6632163491712522
v 14.337461028585452 0.173047503706107 -1.8811339393788216
v 14.354792146003483 -0.025048074847282775 -1.644151030445202
v 14.356453798017773 -0.04404084427960325 -1.8620686206527712
v 14.119543438377884 0.15398218498005678 -1.8811339393788216
v 14.117881786363593 0.1729749544123773 -1.6632163491712522
v 14.138536207810203 -0.06310616300565347 -1.8620686206527712
v 14.136874555795913 -0.04411339357333299 -1.644151030445202
vt 0.46875 0.609375
vt 0.515625 0.609375
vt 0.515625 0.5625
vt 0.46875 0.5625
vt 0.46875 0.5625
vt 0.515625 0.5625
vt 0.515625 0.515625
vt 0.46875 0.515625
vt 0 0.515625
vt 0.046875 0.515625
vt 0.046875 0.46875
vt 0 0.46875
vt 0.046875 0.515625
vt 0.09375 0.515625
vt 0.09375 0.46875
vt 0.046875 0.46875
vt 0.140625 0.515625
vt 0.09375 0.515625
vt 0.09375 0.46875
vt 0.140625 0.46875
vn 0.007596123493895972 -0.08682408883346518 -0.9961946980917455
vn 0.9961946980917455 0.0871557427476582 -1.734723475976807e-18
vn -0.007596123493895972 0.08682408883346518 0.9961946980917455
vn -0.9961946980917455 -0.0871557427476582 1.734723475976807e-18
vn 0.08682408883346518 -0.9924038765061041 0.0871557427476582
usemtl m_6aa5cd60-6185-77d2-2dd0-d6e8b00f4e66
f 708/1616/404 711/1615/404 709/1614/404 706/1613/404
f 707/1620/405 708/1619/405 706/1618/405 705/1617/405
f 712/1624/406 707/1623/406 705/1622/406 710/1621/406
f 711/1628/407 712/1627/407 710/1626/407 709/1625/407
f 711/1632/408 708/1631/408 707/1630/408 712/1629/408
o cube
v 14.31085613912691 0.2978660122628276 -1.6883145506919608
v 14.312280412282016 0.2815864956065528 -1.875101056584163
v 14.327135655783186 0.11179028541793312 -1.671972848926775
v 14.328559928938292 0.09551076876165832 -1.8587593548189771
v 14.125493906389814 0.2652447938413669 -1.875101056584163
v 14.124069633234708 0.2815243104976417 -1.6883145506919608
v 14.14177342304609 0.07916906699647241 -1.8587593548189771
v 14.140349149890984 0.09544858365274722 -1.671972848926775
vt 0.140625 0.515625
vt 0.1875 0.515625
vt 0.1875 0.46875
vt 0.140625 0.46875
vt 0.375 0.515625
vt 0.421875 0.515625
vt 0.421875 0.46875
vt 0.375 0.46875
vt 0.421875 0.515625
vt 0.46875 0.515625
vt 0.46875 0.46875
vt 0.421875 0.46875
vt 0.46875 0.515625
vt 0.515625 0.515625
vt 0.515625 0.46875
vt 0.46875 0.46875
vn 0.007596123493895972 -0.08682408883346518 -0.9961946980917455
vn 0.9961946980917455 0.0871557427476582 -1.734723475976807e-18
vn -0.007596123493895972 0.08682408883346518 0.9961946980917455
vn -0.9961946980917455 -0.0871557427476582 1.734723475976807e-18
usemtl m_6aa5cd60-6185-77d2-2dd0-d6e8b00f4e66
f 716/1636/409 719/1635/409 717/1634/409 714/1633/409
f 715/1640/410 716/1639/410 714/1638/410 713/1637/410
f 720/1644/411 715/1643/411 713/1642/411 718/1641/411
f 719/1648/412 720/1647/412 718/1646/412 717/1645/412
o cube
v 13.875930366765292 0.2815243104976417 -1.6883145506919608
v 13.874506093610186 0.2652447938413669 -1.875101056584163
v 13.859650850109016 0.09544858365274722 -1.671972848926775
v 13.85822657695391 0.07916906699647241 -1.8587593548189771
v 13.687719587717984 0.2815864956065528 -1.875101056584163
v 13.68914386087309 0.2978660122628276 -1.6883145506919608
v 13.671440071061708 0.09551076876165832 -1.8587593548189771
v 13.672864344216814 0.11179028541793312 -1.671972848926775
vt 0.1875 0.5
vt 0.234375 0.5
vt 0.234375 0.453125
vt 0.1875 0.453125
vt 0.234375 0.5
vt 0.28125 0.5
vt 0.28125 0.453125
vt 0.234375 0.453125
vt 0.28125 0.5
vt 0.328125 0.5
vt 0.328125 0.453125
vt 0.28125 0.453125
vt 0.328125 0.5
vt 0.375 0.5
vt 0.375 0.453125
vt 0.328125 0.453125
vn -0.007596123493895972 -0.08682408883346518 -0.9961946980917455
vn 0.9961946980917455 -0.0871557427476582 1.734723475976807e-18
vn 0.007596123493895972 0.08682408883346518 0.9961946980917455
vn -0.9961946980917455 0.0871557427476582 -1.734723475976807e-18
usemtl m_6aa5cd60-6185-77d2-2dd0-d6e8b00f4e66
f 724/1652/413 727/1651/413 725/1650/413 722/1649/413
f 723/1656/414 724/1655/414 722/1654/414 721/1653/414
f 728/1660/415 723/1659/415 721/1658/415 726/1657/415
f 727/1664/416 728/1663/416 726/1662/416 725/1661/416
o cube
v 13.882118213636407 0.1729749544123773 -1.6632163491712522
v 13.880456561622116 0.15398218498005678 -1.8811339393788216
v 13.863125444204087 -0.04411339357333299 -1.644151030445202
v 13.861463792189797 -0.06310616300565347 -1.8620686206527712
v 13.662538971414548 0.173047503706107 -1.8811339393788216
v 13.664200623428837 0.19204027313842753 -1.6632163491712522
v 13.643546201982227 -0.04404084427960325 -1.8620686206527712
v 13.645207853996517 -0.025048074847282775 -1.644151030445202
vt 0.515625 0.703125
vt 0.5625 0.703125
vt 0.5625 0.65625
vt 0.515625 0.65625
vt 0.515625 0.65625
vt 0.5625 0.65625
vt 0.5625 0.609375
vt 0.515625 0.609375
vt 0.515625 0.609375
vt 0.5625 0.609375
vt 0.5625 0.5625
vt 0.515625 0.5625
vt 0.515625 0.5625
vt 0.5625 0.5625
vt 0.5625 0.515625
vt 0.515625 0.515625
vt 0.5625 0.515625
vt 0.515625 0.515625
vt 0.515625 0.46875
vt 0.5625 0.46875
vn -0.007596123493895972 -0.08682408883346518 -0.9961946980917455
vn 0.9961946980917455 -0.0871557427476582 1.734723475976807e-18
vn 0.007596123493895972 0.08682408883346518 0.9961946980917455
vn -0.9961946980917455 0.0871557427476582 -1.734723475976807e-18
vn -0.08682408883346518 -0.9924038765061041 0.0871557427476582
usemtl m_6aa5cd60-6185-77d2-2dd0-d6e8b00f4e66
f 732/1668/417 735/1667/417 733/1666/417 730/1665/417
f 731/1672/418 732/1671/418 730/1670/418 729/1669/418
f 736/1676/419 731/1675/419 729/1674/419 734/1673/419
f 735/1680/420 736/1679/420 734/1678/420 733/1677/420
f 735/1684/421 732/1683/421 731/1682/421 736/1681/421
o cube
v 2.375 0.4375 0.375
v 2.375 0.4375 -0.375
v 2.375 0.3125 0.375
v 2.375 0.3125 -0.375
v 1.625 0.4375 -0.375
v 1.625 0.4375 0.375
v 1.625 0.3125 -0.375
v 1.625 0.3125 0.375
vt 0.328125 0.8125
vt 0.515625 0.8125
vt 0.515625 0.78125
vt 0.328125 0.78125
vt 0.328125 0.78125
vt 0.515625 0.78125
vt 0.515625 0.75
vt 0.328125 0.75
vt 0.328125 0.75
vt 0.515625 0.75
vt 0.515625 0.71875
vt 0.328125 0.71875
vt 0.328125 0.71875
vt 0.515625 0.71875
vt 0.515625 0.6875
vt 0.328125 0.6875
vn 0 0 -1
vn 1 0 0
vn 0 0 1
vn -1 0 0
usemtl m_c36177cc-1c78-484b-9ee7-6da77393760b
f 740/1688/422 743/1687/422 741/1686/422 738/1685/422
f 739/1692/423 740/1691/423 738/1690/423 737/1689/423
f 744/1696/424 739/1695/424 737/1694/424 742/1693/424
f 743/1700/425 744/1699/425 742/1698/425 741/1697/425
o cube
v 2.0108944678434573 0.7471460235688092 0.375
v 2.0108944678434573 0.7471460235688092 -0.4375
v 2 0.6226216863073408 0.375
v 2 0.6226216863073408 -0.4375
v 1.5750592874283185 0.7852766610209096 -0.4375
v 1.5750592874283185 0.7852766610209096 0.375
v 1.5641648195848612 0.6607523237594415 -0.4375
v 1.5641648195848612 0.6607523237594415 0.375
vt 0.515625 0.8125
vt 0.625 0.8125
vt 0.625 0.78125
vt 0.515625 0.78125
vt 0.515625 0.78125
vt 0.625 0.78125
vt 0.625 0.75
vt 0.515625 0.75
vt 0.328125 0.875
vt 0.53125 0.875
vt 0.53125 0.84375
vt 0.328125 0.84375
vt 0.109375 0.796875
vt 0 0.796875
vt 0 1
vt 0.109375 1
vt 0.21875 1
vt 0.109375 1
vt 0.109375 0.796875
vt 0.21875 0.796875
vn 0 0 -1
vn 0 0 1
vn -0.9961946980917455 0.08715574274765818 0
vn 0.08715574274765818 0.9961946980917455 0
vn -0.08715574274765818 -0.9961946980917455 0
usemtl m_c36177cc-1c78-484b-9ee7-6da77393760b
f 748/1704/426 751/1703/426 749/1702/426 746/1701/426
f 752/1708/427 747/1707/427 745/1706/427 750/1705/427
f 751/1712/428 752/1711/428 750/1710/428 749/1709/428
f 750/1716/429 745/1715/429 746/1714/429 749/1713/429
f 751/1720/430 748/1719/430 747/1718/430 752/1717/430
o cube
v 1.7522403050980038 0.6591437264787965 -0.24798987714693332
v 1.753189820534741 0.6699967375829794 -0.3725142144084016
v 1.6925487440249967 -0.02313393861915014 -0.30790945028594835
v 1.6934982594617338 -0.01228092751496701 -0.43243378754741657
v 1.6286654832732728 0.6808912054264367 -0.3725142144084016
v 1.6277159678365356 0.6700381943222538 -0.24798987714693332
v 1.5689739222002652 -0.0013864596715097433 -0.43243378754741657
v 1.568024406763528 -0.012239470775692873 -0.30790945028594835
vt 0.328125 0.6875
vt 0.359375 0.6875
vt 0.359375 0.515625
vt 0.328125 0.515625
vt 0.359375 0.6875
vt 0.390625 0.6875
vt 0.390625 0.515625
vt 0.359375 0.515625
vt 0.21875 0.625
vt 0.25 0.625
vt 0.25 0.453125
vt 0.21875 0.453125
vt 0.25 0.625
vt 0.28125 0.625
vt 0.28125 0.453125
vt 0.25 0.453125
vn 0.007596123493895972 0.08682408883346518 -0.9961946980917455
vn 0.9961946980917455 -0.0871557427476582 -1.734723475976807e-18
vn -0.007596123493895972 -0.08682408883346518 0.9961946980917455
vn -0.9961946980917455 0.0871557427476582 1.734723475976807e-18
usemtl m_c36177cc-1c78-484b-9ee7-6da77393760b
f 756/1724/431 759/1723/431 757/1722/431 754/1721/431
f 755/1728/432 756/1727/432 754/1726/432 753/1725/432
f 760/1732/433 755/1731/433 753/1730/433 758/1729/433
f 759/1736/434 760/1735/434 758/1734/434 757/1733/434
o cube
v 1.7256317397973855 0.17572966392769718 -0.27464039788264677
v 1.726818634093307 0.18929592780792615 -0.43029581945948203
v 1.706638970365065 -0.04135868405801307 -0.293705716608697
v 1.707825864660986 -0.027792420177784105 -0.44936113818553225
v 1.5711632125164714 0.20291401261224773 -0.43029581945948203
v 1.5699763182205504 0.18934774873201876 -0.27464039788264677
v 1.552170443084151 -0.014174335373462521 -0.44936113818553225
v 1.5509835487882295 -0.02774059925369149 -0.293705716608697
vt 0.546875 0.5625
vt 0.578125 0.5625
vt 0.578125 0.515625
vt 0.546875 0.515625
vt 0.546875 0.515625
vt 0.578125 0.515625
vt 0.578125 0.46875
vt 0.546875 0.46875
vt 0.546875 0.46875
vt 0.578125 0.46875
vt 0.578125 0.421875
vt 0.546875 0.421875
vt 0.5625 1
vt 0.59375 1
vt 0.59375 0.953125
vt 0.5625 0.953125
vt 0.609375 0.46875
vt 0.578125 0.46875
vt 0.578125 0.4375
vt 0.609375 0.4375
vn 0.007596123493895972 0.08682408883346518 -0.9961946980917455
vn 0.9961946980917455 -0.0871557427476582 -1.734723475976807e-18
vn -0.007596123493895972 -0.08682408883346518 0.9961946980917455
vn -0.9961946980917455 0.0871557427476582 1.734723475976807e-18
vn -0.08682408883346518 -0.9924038765061041 -0.0871557427476582
usemtl m_c36177cc-1c78-484b-9ee7-6da77393760b
f 764/1740/435 767/1739/435 765/1738/435 762/1737/435
f 763/1744/436 764/1743/436 762/1742/436 761/1741/436
f 768/1748/437 763/1747/437 761/1746/437 766/1745/437
f 767/1752/438 768/1751/438 766/1750/438 765/1749/438
f 767/1756/439 764/1755/439 763/1754/439 768/1753/439
o cube
v 2.372284032163464 0.6700381943222538 -0.24798987714693332
v 2.3713345167267272 0.6808912054264367 -0.3725142144084016
v 2.4319755932364715 -0.012239470775692873 -0.30790945028594835
v 2.4310260777997343 -0.0013864596715097433 -0.43243378754741657
v 2.246810179465259 0.6699967375829794 -0.3725142144084016
v 2.247759694901996 0.6591437264787965 -0.24798987714693332
v 2.306501740538266 -0.01228092751496701 -0.43243378754741657
v 2.3074512559750033 -0.02313393861915014 -0.30790945028594835
vt 0.28125 0.625
vt 0.3125 0.625
vt 0.3125 0.453125
vt 0.28125 0.453125
vt 0.390625 0.6875
vt 0.421875 0.6875
vt 0.421875 0.515625
vt 0.390625 0.515625
vt 0 0.59375
vt 0.03125 0.59375
vt 0.03125 0.421875
vt 0 0.421875
vt 0.03125 0.59375
vt 0.0625 0.59375
vt 0.0625 0.421875
vt 0.03125 0.421875
vn -0.007596123493895972 0.08682408883346518 -0.9961946980917455
vn 0.9961946980917455 0.0871557427476582 1.734723475976807e-18
vn 0.007596123493895972 -0.08682408883346518 0.9961946980917455
vn -0.9961946980917455 -0.0871557427476582 -1.734723475976807e-18
usemtl m_c36177cc-1c78-484b-9ee7-6da77393760b
f 772/1760/440 775/1759/440 773/1758/440 770/1757/440
f 771/1764/441 772/1763/441 770/1762/441 769/1761/441
f 776/1768/442 771/1767/442 769/1766/442 774/1765/442
f 775/1772/443 776/1771/443 774/1770/443 773/1769/443
o cube
v 2.4300236817794496 0.18934774873201876 -0.27464039788264677
v 2.428836787483528 0.20291401261224773 -0.43029581945948203
v 2.44901645121177 -0.02774059925369149 -0.293705716608697
v 2.4478295569158486 -0.014174335373462521 -0.44936113818553225
v 2.273181365906693 0.18929592780792615 -0.43029581945948203
v 2.274368260202614 0.17572966392769718 -0.27464039788264677
v 2.2921741353390135 -0.027792420177784105 -0.44936113818553225
v 2.2933610296349345 -0.04135868405801307 -0.293705716608697
vt 0.5625 0.953125
vt 0.59375 0.953125
vt 0.59375 0.90625
vt 0.5625 0.90625
vt 0.5625 0.90625
vt 0.59375 0.90625
vt 0.59375 0.859375
vt 0.5625 0.859375
vt 0.5625 0.859375
vt 0.59375 0.859375
vt 0.59375 0.8125
vt 0.5625 0.8125
vt 0 0.421875
vt 0.03125 0.421875
vt 0.03125 0.375
vt 0 0.375
vt 0.578125 0.421875
vt 0.546875 0.421875
vt 0.546875 0.390625
vt 0.578125 0.390625
vn -0.007596123493895972 0.08682408883346518 -0.9961946980917455
vn 0.9961946980917455 0.0871557427476582 1.734723475976807e-18
vn 0.007596123493895972 -0.08682408883346518 0.9961946980917455
vn -0.9961946980917455 -0.0871557427476582 -1.734723475976807e-18
vn 0.08682408883346518 -0.9924038765061041 -0.0871557427476582
usemtl m_c36177cc-1c78-484b-9ee7-6da77393760b
f 780/1776/444 783/1775/444 781/1774/444 778/1773/444
f 779/1780/445 780/1779/445 778/1778/445 777/1777/445
f 784/1784/446 779/1783/446 777/1782/446 782/1781/446
f 783/1788/447 784/1787/447 782/1786/447 781/1785/447
f 783/1792/448 780/1791/448 779/1790/448 784/1789/448
o cube
v 2.3713345167267272 0.6808912054264367 0.3725142144084016
v 2.372284032163464 0.6700381943222538 0.24798987714693332
v 2.4310260777997343 -0.0013864596715097433 0.43243378754741657
v 2.4319755932364715 -0.012239470775692873 0.3079094502859483
v 2.247759694901996 0.6591437264787965 0.24798987714693332
v 2.246810179465259 0.6699967375829794 0.3725142144084016
v 2.3074512559750033 -0.02313393861915014 0.3079094502859483
v 2.306501740538266 -0.01228092751496701 0.43243378754741657
vt 0.0625 0.59375
vt 0.09375 0.59375
vt 0.09375 0.421875
vt 0.0625 0.421875
vt 0.09375 0.59375
vt 0.125 0.59375
vt 0.125 0.421875
vt 0.09375 0.421875
vt 0.125 0.59375
vt 0.15625 0.59375
vt 0.15625 0.421875
vt 0.125 0.421875
vt 0.15625 0.59375
vt 0.1875 0.59375
vt 0.1875 0.421875
vt 0.15625 0.421875
vn 0.007596123493895972 -0.08682408883346518 -0.9961946980917455
vn 0.9961946980917455 0.0871557427476582 -1.734723475976807e-18
vn -0.007596123493895972 0.08682408883346518 0.9961946980917455
vn -0.9961946980917455 -0.0871557427476582 1.734723475976807e-18
usemtl m_c36177cc-1c78-484b-9ee7-6da77393760b
f 788/1796/449 791/1795/449 789/1794/449 786/1793/449
f 787/1800/450 788/1799/450 786/1798/450 785/1797/450
f 792/1804/451 787/1803/451 785/1802/451 790/1801/451
f 791/1808/452 792/1807/452 790/1806/452 789/1805/452
o cube
v 2.424940712571681 0.7852766610209096 0.375
v 2.424940712571681 0.7852766610209096 -0.4375
v 2.4358351804151384 0.6607523237594415 0.375
v 2.4358351804151384 0.6607523237594415 -0.4375
v 1.9891055321565423 0.747146023568809 -0.4375
v 1.9891055321565423 0.747146023568809 0.375
v 2 0.6226216863073408 -0.4375
v 2 0.6226216863073408 0.375
vt 0.515625 0.75
vt 0.625 0.75
vt 0.625 0.71875
vt 0.515625 0.71875
vt 0.328125 0.84375
vt 0.53125 0.84375
vt 0.53125 0.8125
vt 0.328125 0.8125
vt 0.515625 0.71875
vt 0.625 0.71875
vt 0.625 0.6875
vt 0.515625 0.6875
vt 0.109375 0.59375
vt 0 0.59375
vt 0 0.796875
vt 0.109375 0.796875
vt 0.21875 0.796875
vt 0.109375 0.796875
vt 0.109375 0.59375
vt 0.21875 0.59375
vn 0 0 -1
vn 0.9961946980917455 0.08715574274765818 0
vn 0 0 1
vn -0.08715574274765818 0.9961946980917455 0
vn 0.08715574274765818 -0.9961946980917455 0
usemtl m_c36177cc-1c78-484b-9ee7-6da77393760b
f 796/1812/453 799/1811/453 797/1810/453 794/1809/453
f 795/1816/454 796/1815/454 794/1814/454 793/1813/454
f 800/1820/455 795/1819/455 793/1818/455 798/1817/455
f 798/1824/456 793/1823/456 794/1822/456 797/1821/456
f 799/1828/457 796/1827/457 795/1826/457 800/1825/457
o cube
v 2.428836787483528 0.20291401261224773 0.43029581945948203
v 2.4300236817794496 0.18934774873201876 0.2746403978826468
v 2.4478295569158486 -0.014174335373462521 0.44936113818553225
v 2.44901645121177 -0.02774059925369149 0.29370571660869693
v 2.274368260202614 0.17572966392769718 0.2746403978826468
v 2.273181365906693 0.18929592780792615 0.43029581945948203
v 2.2933610296349345 -0.04135868405801307 0.29370571660869693
v 2.2921741353390135 -0.027792420177784105 0.44936113818553225
vt 0.03125 0.421875
vt 0.0625 0.421875
vt 0.0625 0.375
vt 0.03125 0.375
vt 0.0625 0.421875
vt 0.09375 0.421875
vt 0.09375 0.375
vt 0.0625 0.375
vt 0.09375 0.421875
vt 0.125 0.421875
vt 0.125 0.375
vt 0.09375 0.375
vt 0.125 0.421875
vt 0.15625 0.421875
vt 0.15625 0.375
vt 0.125 0.375
vt 0.609375 0.4375
vt 0.578125 0.4375
vt 0.578125 0.40625
vt 0.609375 0.40625
vn 0.007596123493895972 -0.08682408883346518 -0.9961946980917455
vn 0.9961946980917455 0.0871557427476582 -1.734723475976807e-18
vn -0.007596123493895972 0.08682408883346518 0.9961946980917455
vn -0.9961946980917455 -0.0871557427476582 1.734723475976807e-18
vn 0.08682408883346518 -0.9924038765061041 0.0871557427476582
usemtl m_c36177cc-1c78-484b-9ee7-6da77393760b
f 804/1832/458 807/1831/458 805/1830/458 802/1829/458
f 803/1836/459 804/1835/459 802/1834/459 801/1833/459
f 808/1840/460 803/1839/460 801/1838/460 806/1837/460
f 807/1844/461 808/1843/461 806/1842/461 805/1841/461
f 807/1848/462 804/1847/462 803/1846/462 808/1845/462
o cube
v 1.753189820534741 0.6699967375829794 0.3725142144084016
v 1.7522403050980038 0.6591437264787965 0.24798987714693332
v 1.6934982594617338 -0.01228092751496701 0.43243378754741657
v 1.6925487440249967 -0.02313393861915014 0.3079094502859483
v 1.6277159678365356 0.6700381943222538 0.24798987714693332
v 1.6286654832732728 0.6808912054264367 0.3725142144084016
v 1.568024406763528 -0.012239470775692873 0.3079094502859483
v 1.5689739222002652 -0.0013864596715097433 0.43243378754741657
vt 0.1875 0.59375
vt 0.21875 0.59375
vt 0.21875 0.421875
vt 0.1875 0.421875
vt 0.421875 0.6875
vt 0.453125 0.6875
vt 0.453125 0.515625
vt 0.421875 0.515625
vt 0.453125 0.6875
vt 0.484375 0.6875
vt 0.484375 0.515625
vt 0.453125 0.515625
vt 0.3125 0.515625
vt 0.34375 0.515625
vt 0.34375 0.34375
vt 0.3125 0.34375
vn -0.007596123493895972 -0.08682408883346518 -0.9961946980917455
vn 0.9961946980917455 -0.0871557427476582 1.734723475976807e-18
vn 0.007596123493895972 0.08682408883346518 0.9961946980917455
vn -0.9961946980917455 0.0871557427476582 -1.734723475976807e-18
usemtl m_c36177cc-1c78-484b-9ee7-6da77393760b
f 812/1852/463 815/1851/463 813/1850/463 810/1849/463
f 811/1856/464 812/1855/464 810/1854/464 809/1853/464
f 816/1860/465 811/1859/465 809/1858/465 814/1857/465
f 815/1864/466 816/1863/466 814/1862/466 813/1861/466
o cube
v 1.726818634093307 0.18929592780792615 0.43029581945948203
v 1.7256317397973855 0.17572966392769718 0.2746403978826468
v 1.707825864660986 -0.027792420177784105 0.44936113818553225
v 1.706638970365065 -0.04135868405801307 0.29370571660869693
v 1.5699763182205504 0.18934774873201876 0.2746403978826468
v 1.5711632125164714 0.20291401261224773 0.43029581945948203
v 1.5509835487882295 -0.02774059925369149 0.29370571660869693
v 1.552170443084151 -0.014174335373462521 0.44936113818553225
vt 0.15625 0.421875
vt 0.1875 0.421875
vt 0.1875 0.375
vt 0.15625 0.375
vt 0.1875 0.421875
vt 0.21875 0.421875
vt 0.21875 0.375
vt 0.1875 0.375
vt 0.578125 0.5625
vt 0.609375 0.5625
vt 0.609375 0.515625
vt 0.578125 0.515625
vt 0.578125 0.515625
vt 0.609375 0.515625
vt 0.609375 0.46875
vt 0.578125 0.46875
vt 0.625 1
vt 0.59375 1
vt 0.59375 0.96875
vt 0.625 0.96875
vn -0.007596123493895972 -0.08682408883346518 -0.9961946980917455
vn 0.9961946980917455 -0.0871557427476582 1.734723475976807e-18
vn 0.007596123493895972 0.08682408883346518 0.9961946980917455
vn -0.9961946980917455 0.0871557427476582 -1.734723475976807e-18
vn -0.08682408883346518 -0.9924038765061041 0.0871557427476582
usemtl m_c36177cc-1c78-484b-9ee7-6da77393760b
f 820/1868/467 823/1867/467 821/1866/467 818/1865/467
f 819/1872/468 820/1871/468 818/1870/468 817/1869/468
f 824/1876/469 819/1875/469 817/1874/469 822/1873/469
f 823/1880/470 824/1879/470 822/1878/470 821/1877/470
f 823/1884/471 820/1883/471 819/1882/471 824/1881/471
o cube
v 1.7916501171177504 1.109599939106492 0.39664574558703514
v 1.7911753593993818 1.1041734335544002 0.33438357695630105
v 1.7319585560447432 0.42732227400854517 0.4565653187260502
v 1.7314837983263747 0.4218957684564535 0.39430315009531614
v 1.6666510221379136 1.1150679013978575 0.33438357695630105
v 1.6671257798562822 1.1204944069499492 0.39664574558703514
v 1.606959461064906 0.43279023629991076 0.39430315009531614
v 1.6074342187832746 0.43821674185200243 0.4565653187260502
vt 0.484375 0.6875
vt 0.515625 0.6875
vt 0.515625 0.515625
vt 0.484375 0.515625
vt 0.53125 1
vt 0.546875 1
vt 0.546875 0.828125
vt 0.53125 0.828125
vt 0.34375 0.515625
vt 0.375 0.515625
vt 0.375 0.34375
vt 0.34375 0.34375
vt 0.53125 0.5625
vt 0.546875 0.5625
vt 0.546875 0.390625
vt 0.53125 0.390625
vt 0.5625 0.828125
vt 0.53125 0.828125
vt 0.53125 0.8125
vt 0.5625 0.8125
vn -0.007596123493895972 -0.08682408883346518 -0.9961946980917455
vn 0.9961946980917455 -0.0871557427476582 1.734723475976807e-18
vn 0.007596123493895972 0.08682408883346518 0.9961946980917455
vn -0.9961946980917455 0.0871557427476582 -1.734723475976807e-18
vn -0.08682408883346518 -0.9924038765061041 0.0871557427476582
usemtl m_c36177cc-1c78-484b-9ee7-6da77393760b
f 828/1888/472 831/1887/472 829/1886/472 826/1885/472
f 827/1892/473 828/1891/473 826/1890/473 825/1889/473
f 832/1896/474 827/1895/474 825/1894/474 830/1893/474
f 831/1900/475 832/1899/475 830/1898/475 829/1897/475
f 831/1904/476 828/1903/476 827/1902/476 832/1901/476
o cube
v 1.8336694093406383 1.5898826469391159 0.46161197690219025
v 1.8343804160425736 1.598009490729848 0.39964667306632695
v 1.7904643526974464 1.0960465897636678 0.39634888079216424
v 1.7911753593993818 1.1041734335544002 0.33438357695630105
v 1.7098560787811055 1.6089039585733054 0.39964667306632695
v 1.70914507207917 1.6007771147825731 0.46161197690219025
v 1.6666510221379136 1.1150679013978575 0.33438357695630105
v 1.6659400154359787 1.106941057607125 0.39634888079216424
vt 0.4375 1
vt 0.46875 1
vt 0.46875 0.875
vt 0.4375 0.875
vt 0.234375 0.453125
vt 0.25 0.453125
vt 0.25 0.328125
vt 0.234375 0.328125
vt 0.46875 1
vt 0.5 1
vt 0.5 0.875
vt 0.46875 0.875
vt 0.25 0.453125
vt 0.265625 0.453125
vt 0.265625 0.328125
vt 0.25 0.328125
vt 0.625 0.953125
vt 0.59375 0.953125
vt 0.59375 0.96875
vt 0.625 0.96875
vn 0.011376107230962199 0.13002950065171945 -0.9914448613738104
vn 0.9961946980917457 -0.08715574274765818 -1.7347234759768075e-18
vn -0.011376107230962199 -0.13002950065171945 0.9914448613738104
vn -0.9961946980917457 0.08715574274765818 1.7347234759768075e-18
vn 0.08641011328638344 0.9876721143508957 0.13052619222005163
usemtl m_c36177cc-1c78-484b-9ee7-6da77393760b
f 836/1908/477 839/1907/477 837/1906/477 834/1905/477
f 835/1912/478 836/1911/478 834/1910/478 833/1909/478
f 840/1916/479 835/1915/479 833/1914/479 838/1913/479
f 839/1920/480 840/1919/480 838/1918/480 837/1917/480
f 838/1924/481 833/1923/481 834/1922/481 837/1921/481
o cube
v 2.332874220143718 1.1204944069499492 0.39664574558703514
v 2.333348977862086 1.1150679013978575 0.33438357695630105
v 2.392565781216725 0.43821674185200243 0.4565653187260502
v 2.3930405389350935 0.43279023629991076 0.39430315009531614
v 2.208824640600618 1.1041734335544002 0.33438357695630105
v 2.208349882882249 1.109599939106492 0.39664574558703514
v 2.2685162016736253 0.4218957684564535 0.39430315009531614
v 2.2680414439552568 0.42732227400854517 0.4565653187260502
vt 0.375 0.515625
vt 0.40625 0.515625
vt 0.40625 0.34375
vt 0.375 0.34375
vt 0.546875 1
vt 0.5625 1
vt 0.5625 0.828125
vt 0.546875 0.828125
vt 0.40625 0.515625
vt 0.4375 0.515625
vt 0.4375 0.34375
vt 0.40625 0.34375
vt 0.21875 0.453125
vt 0.234375 0.453125
vt 0.234375 0.28125
vt 0.21875 0.28125
vt 0.625 0.953125
vt 0.59375 0.953125
vt 0.59375 0.9375
vt 0.625 0.9375
vn 0.007596123493895972 -0.08682408883346518 -0.9961946980917455
vn 0.9961946980917455 0.0871557427476582 -1.734723475976807e-18
vn -0.007596123493895972 0.08682408883346518 0.9961946980917455
vn -0.9961946980917455 -0.0871557427476582 1.734723475976807e-18
vn 0.08682408883346518 -0.9924038765061041 0.0871557427476582
usemtl m_c36177cc-1c78-484b-9ee7-6da77393760b
f 844/1928/482 847/1927/482 845/1926/482 842/1925/482
f 843/1932/483 844/1931/483 842/1930/483 841/1929/483
f 848/1936/484 843/1935/484 841/1934/484 846/1933/484
f 847/1940/485 848/1939/485 846/1938/485 845/1937/485
f 847/1944/486 844/1943/486 843/1942/486 848/1941/486
o cube
v 2.29085492792083 1.6007771147825731 0.46161197690219025
v 2.2901439212188945 1.6089039585733054 0.39964667306632695
v 2.3340599845640213 1.106941057607125 0.39634888079216424
v 2.3333489778620864 1.1150679013978575 0.33438357695630105
v 2.1656195839574264 1.598009490729848 0.39964667306632695
v 2.1663305906593617 1.5898826469391159 0.46161197690219025
v 2.2088246406006182 1.1041734335544002 0.33438357695630105
v 2.209535647302553 1.0960465897636678 0.39634888079216424
vt 0.4375 0.515625
vt 0.46875 0.515625
vt 0.46875 0.390625
vt 0.4375 0.390625
vt 0.265625 0.453125
vt 0.28125 0.453125
vt 0.28125 0.328125
vt 0.265625 0.328125
vt 0.46875 0.515625
vt 0.5 0.515625
vt 0.5 0.390625
vt 0.46875 0.390625
vt 0.28125 0.453125
vt 0.296875 0.453125
vt 0.296875 0.328125
vt 0.28125 0.328125
vt 0.625 0.921875
vt 0.59375 0.921875
vt 0.59375 0.9375
vt 0.625 0.9375
vn -0.011376107230962199 0.13002950065171945 -0.9914448613738104
vn 0.9961946980917457 0.08715574274765818 1.7347234759768075e-18
vn 0.011376107230962199 -0.13002950065171945 0.9914448613738104
vn -0.9961946980917457 -0.08715574274765818 -1.7347234759768075e-18
vn -0.08641011328638344 0.9876721143508957 0.13052619222005163
usemtl m_c36177cc-1c78-484b-9ee7-6da77393760b
f 852/1948/487 855/1947/487 853/1946/487 850/1945/487
f 851/1952/488 852/1951/488 850/1950/488 849/1949/488
f 856/1956/489 851/1955/489 849/1954/489 854/1953/489
f 855/1960/490 856/1959/490 854/1958/490 853/1957/490
f 854/1964/491 849/1963/491 850/1962/491 853/1961/491
o cube
v 2.435835180415139 1.5794533476943258 0.3802213847592615
v 2.425033916254341 1.5957691217218324 0.2567623704653995
v 2.4301471267996577 1.0837309170074203 0.3152066344334017
v 2.4193458626388598 1.1000466910349267 0.19174762013953983
v 1.989198735839202 1.5957691217218324 0.29489300791750006
v 2 1.5794533476943258 0.4183520222113619
v 1.983510682223721 1.1000466910349267 0.22987825759164027
v 1.994311946384519 1.0837309170074203 0.3533372718855021
vt 0.21875 1
vt 0.328125 1
vt 0.328125 0.875
vt 0.21875 0.875
vt 0.5 1
vt 0.53125 1
vt 0.53125 0.875
vt 0.5 0.875
vt 0.21875 0.875
vt 0.328125 0.875
vt 0.328125 0.75
vt 0.21875 0.75
vt 0.625 0.65625
vt 0.515625 0.65625
vt 0.515625 0.6875
vt 0.625 0.6875
vt 0.625 0.65625
vt 0.515625 0.65625
vt 0.515625 0.625
vt 0.625 0.625
vn -0.08641011328638344 0.13052619222005163 -0.9876721143508957
vn 0.9961946980917457 1.7347234759768075e-18 -0.08715574274765818
vn 0.08641011328638344 -0.13052619222005163 0.9876721143508957
vn 0.011376107230962199 0.9914448613738104 0.13002950065171945
vn -0.011376107230962199 -0.9914448613738104 -0.13002950065171945
usemtl m_c36177cc-1c78-484b-9ee7-6da77393760b
f 860/1968/492 863/1967/492 861/1966/492 858/1965/492
f 859/1972/493 860/1971/493 858/1970/493 857/1969/493
f 864/1976/494 859/1975/494 857/1974/494 862/1973/494
f 862/1980/495 857/1979/495 858/1978/495 861/1977/495
f 863/1984/496 860/1983/496 859/1982/496 864/1981/496
o cube
v 2 1.5794533476943258 0.41835202221136203
v 2.010801264160798 1.5957691217218324 0.29489300791750006
v 2.005688053615481 1.0837309170074207 0.35333727188550235
v 2.016489317776279 1.1000466910349271 0.22987825759164038
v 1.5749660837456592 1.5957691217218324 0.2567623704653996
v 1.5641648195848612 1.5794533476943258 0.3802213847592616
v 1.5806541373611402 1.1000466910349271 0.19174762013953994
v 1.5698528732003423 1.0837309170074207 0.3152066344334019
vt 0.21875 0.75
vt 0.328125 0.75
vt 0.328125 0.625
vt 0.21875 0.625
vt 0.328125 1
vt 0.4375 1
vt 0.4375 0.875
vt 0.328125 0.875
vt 0.5 0.515625
vt 0.53125 0.515625
vt 0.53125 0.390625
vt 0.5 0.390625
vt 0.625 0.59375
vt 0.515625 0.59375
vt 0.515625 0.625
vt 0.625 0.625
vt 0.625 0.59375
vt 0.515625 0.59375
vt 0.515625 0.5625
vt 0.625 0.5625
vn 0.08641011328638344 0.13052619222005163 -0.9876721143508957
vn -0.08641011328638344 -0.13052619222005163 0.9876721143508957
vn -0.9961946980917457 1.7347234759768075e-18 -0.08715574274765818
vn -0.011376107230962199 0.9914448613738104 0.13002950065171945
vn 0.011376107230962199 -0.9914448613738104 -0.13002950065171945
usemtl m_c36177cc-1c78-484b-9ee7-6da77393760b
f 868/1988/497 871/1987/497 869/1986/497 866/1985/497
f 872/1992/498 867/1991/498 865/1990/498 870/1989/498
f 871/1996/499 872/1995/499 870/1994/499 869/1993/499
f 870/2000/500 865/1999/500 866/1998/500 869/1997/500
f 871/2004/501 868/2003/501 867/2002/501 872/2001/501
o cube
v 4.010894467843457 0.7471460235688092 0.4375
v 4.010894467843457 0.7471460235688092 -0.4375
v 4 0.6226216863073408 0.4375
v 4 0.6226216863073408 -0.4375
v 3.575059287428318 0.7852766610209096 -0.4375
v 3.575059287428318 0.7852766610209096 0.4375
v 3.5641648195848603 0.6607523237594415 -0.4375
v 3.5641648195848603 0.6607523237594415 0.4375
vt 0.484375 0.734375
vt 0.59375 0.734375
vt 0.59375 0.703125
vt 0.484375 0.703125
vt 0.484375 0.703125
vt 0.59375 0.703125
vt 0.59375 0.671875
vt 0.484375 0.671875
vt 0.109375 0.78125
vt 0.328125 0.78125
vt 0.328125 0.75
vt 0.109375 0.75
vt 0.109375 0.78125
vt 0 0.78125
vt 0 1
vt 0.109375 1
vt 0.21875 1
vt 0.109375 1
vt 0.109375 0.78125
vt 0.21875 0.78125
vn 0 0 -1
vn 0 0 1
vn -0.9961946980917455 0.08715574274765818 0
vn 0.08715574274765818 0.9961946980917455 0
vn -0.08715574274765818 -0.9961946980917455 0
usemtl m_698752f3-8d6a-f951-fb07-83893f28b7d8
f 876/2008/502 879/2007/502 877/2006/502 874/2005/502
f 880/2012/503 875/2011/503 873/2010/503 878/2009/503
f 879/2016/504 880/2015/504 878/2014/504 877/2013/504
f 878/2020/505 873/2019/505 874/2018/505 877/2017/505
f 879/2024/506 876/2023/506 875/2022/506 880/2021/506
o cube
v 4.424940712571681 0.7852766610209096 0.4375
v 4.424940712571681 0.7852766610209096 -0.4375
v 4.435835180415139 0.6607523237594415 0.4375
v 4.435835180415139 0.6607523237594415 -0.4375
v 3.989105532156543 0.747146023568809 -0.4375
v 3.989105532156543 0.747146023568809 0.4375
v 4 0.6226216863073408 -0.4375
v 4 0.6226216863073408 0.4375
vt 0.484375 0.671875
vt 0.59375 0.671875
vt 0.59375 0.640625
vt 0.484375 0.640625
vt 0.109375 0.75
vt 0.328125 0.75
vt 0.328125 0.71875
vt 0.109375 0.71875
vt 0.484375 0.640625
vt 0.59375 0.640625
vt 0.59375 0.609375
vt 0.484375 0.609375
vt 0.109375 0.5625
vt 0 0.5625
vt 0 0.78125
vt 0.109375 0.78125
vt 0.328125 1
vt 0.21875 1
vt 0.21875 0.78125
vt 0.328125 0.78125
vn 0 0 -1
vn 0.9961946980917455 0.08715574274765818 0
vn 0 0 1
vn -0.08715574274765818 0.9961946980917455 0
vn 0.08715574274765818 -0.9961946980917455 0
usemtl m_698752f3-8d6a-f951-fb07-83893f28b7d8
f 884/2028/507 887/2027/507 885/2026/507 882/2025/507
f 883/2032/508 884/2031/508 882/2030/508 881/2029/508
f 888/2036/509 883/2035/509 881/2034/509 886/2033/509
f 886/2040/510 881/2039/510 882/2038/510 885/2037/510
f 887/2044/511 884/2043/511 883/2042/511 888/2041/511
o cube
v 4.5 1.3125 0.4375
v 4.549025105295558 1.3125 -0.12285951767660686
v 4.5 1.125 0.4375
v 4.549025105295558 1.125 -0.12285951767660686
v 4.42450076803409 1.3125 -0.13375398552006412
v 4.375475662738532 1.3125 0.42660553215654273
v 4.42450076803409 1.125 -0.13375398552006412
v 4.375475662738532 1.125 0.42660553215654273
vt 0.109375 0.71875
vt 0.25 0.71875
vt 0.25 0.671875
vt 0.109375 0.671875
vt 0.25 0.71875
vt 0.390625 0.71875
vt 0.390625 0.671875
vt 0.25 0.671875
vt 0.484375 0.765625
vt 0.453125 0.765625
vt 0.453125 0.90625
vt 0.484375 0.90625
vt 0.484375 0.765625
vt 0.453125 0.765625
vt 0.453125 0.625
vt 0.484375 0.625
vn 0.9961946980917455 0 0.08715574274765818
vn -0.9961946980917455 0 -0.08715574274765818
vn 0 1 0
vn 0 -1 0
usemtl m_698752f3-8d6a-f951-fb07-83893f28b7d8
f 891/2048/512 892/2047/512 890/2046/512 889/2045/512
f 895/2052/513 896/2051/513 894/2050/513 893/2049/513
f 894/2056/514 889/2055/514 890/2054/514 893/2053/514
f 895/2060/515 892/2059/515 891/2058/515 896/2057/515
o cube
v 4 1.328125 0.5449384028968571
v 4.0271325277604575 1.328125 0.3910621914886997
v 4 1.109375 0.5449384028968571
v 4.0271325277604575 1.109375 0.3910621914886997
v 3.5039534089727216 1.328125 0.29881159710314287
v 3.476820881212264 1.328125 0.4526878085113004
v 3.5039534089727216 1.109375 0.29881159710314287
v 3.476820881212264 1.109375 0.4526878085113004
vt 0.328125 0.90625
vt 0.453125 0.90625
vt 0.453125 0.859375
vt 0.328125 0.859375
vt 0.109375 0.671875
vt 0.234375 0.671875
vt 0.234375 0.625
vt 0.109375 0.625
vt 0.40625 0.421875
vt 0.4375 0.421875
vt 0.4375 0.375
vt 0.40625 0.375
vt 0.609375 0.828125
vt 0.484375 0.828125
vt 0.484375 0.859375
vt 0.609375 0.859375
vt 0.609375 0.828125
vt 0.484375 0.828125
vt 0.484375 0.796875
vt 0.609375 0.796875
vn 0.17364817766693033 0 -0.984807753012208
vn -0.17364817766693033 0 0.984807753012208
vn -0.984807753012208 0 -0.17364817766693033
vn 0 1 0
vn 0 -1 0
usemtl m_698752f3-8d6a-f951-fb07-83893f28b7d8
f 900/2064/516 903/2063/516 901/2062/516 898/2061/516
f 904/2068/517 899/2067/517 897/2066/517 902/2065/517
f 903/2072/518 904/2071/518 902/2070/518 901/2069/518
f 902/2076/519 897/2075/519 898/2074/519 901/2073/519
f 903/2080/520 900/2079/520 899/2078/520 904/2077/520
o cube
v 3.6245243372614677 1.3125 0.42660553215654273
v 3.5754992319659102 1.3125 -0.13375398552006412
v 3.6245243372614677 1.125 0.42660553215654273
v 3.5754992319659102 1.125 -0.13375398552006412
v 3.450974894704442 1.3125 -0.12285951767660686
v 3.5 1.3125 0.4375
v 3.450974894704442 1.125 -0.12285951767660686
v 3.5 1.125 0.4375
vt 0.328125 1
vt 0.46875 1
vt 0.46875 0.953125
vt 0.328125 0.953125
vt 0.328125 0.953125
vt 0.46875 0.953125
vt 0.46875 0.90625
vt 0.328125 0.90625
vt 0.484375 0.484375
vt 0.453125 0.484375
vt 0.453125 0.625
vt 0.484375 0.625
vt 0.515625 1
vt 0.484375 1
vt 0.484375 0.859375
vt 0.515625 0.859375
vn 0.9961946980917455 0 -0.08715574274765818
vn -0.9961946980917455 0 0.08715574274765818
vn 0 1 0
vn 0 -1 0
usemtl m_698752f3-8d6a-f951-fb07-83893f28b7d8
f 907/2084/521 908/2083/521 906/2082/521 905/2081/521
f 911/2088/522 912/2087/522 910/2086/522 909/2085/522
f 910/2092/523 905/2091/523 906/2090/523 909/2089/523
f 911/2096/524 908/2095/524 907/2094/524 912/2093/524
o cube
v 3.5754992319659102 1.3125 -0.13375398552006412
v 3.559157530200725 1.3125 -0.3205404914122664
v 3.5754992319659102 1.125 -0.13375398552006412
v 3.559157530200725 1.125 -0.3205404914122664
v 3.372371024308522 1.3125 -0.3041987896470805
v 3.388712726073708 1.3125 -0.11741228375487822
v 3.372371024308522 1.125 -0.3041987896470805
v 3.388712726073708 1.125 -0.11741228375487822
vt 0.328125 0.765625
vt 0.375 0.765625
vt 0.375 0.71875
vt 0.328125 0.71875
vt 0.484375 0.609375
vt 0.53125 0.609375
vt 0.53125 0.5625
vt 0.484375 0.5625
vt 0.484375 0.5625
vt 0.53125 0.5625
vt 0.53125 0.515625
vt 0.484375 0.515625
vt 0.484375 0.515625
vt 0.53125 0.515625
vt 0.53125 0.46875
vt 0.484375 0.46875
vt 0.28125 0.453125
vt 0.234375 0.453125
vt 0.234375 0.5
vt 0.28125 0.5
vt 0.328125 0.5
vt 0.28125 0.5
vt 0.28125 0.453125
vt 0.328125 0.453125
vn -0.08715574274765818 0 -0.9961946980917455
vn 0.9961946980917455 0 -0.08715574274765818
vn 0.08715574274765818 0 0.9961946980917455
vn -0.9961946980917455 0 0.08715574274765818
vn 0 1 0
vn 0 -1 0
usemtl m_698752f3-8d6a-f951-fb07-83893f28b7d8
f 916/2100/525 919/2099/525 917/2098/525 914/2097/525
f 915/2104/526 916/2103/526 914/2102/526 913/2101/526
f 920/2108/527 915/2107/527 913/2106/527 918/2105/527
f 919/2112/528 920/2111/528 918/2110/528 917/2109/528
f 918/2116/529 913/2115/529 914/2114/529 917/2113/529
f 919/2120/530 916/2119/530 915/2118/530 920/2117/530
o cube
v 4.611287273926292 1.3125 -0.11741228375487822
v 4.6276289756914775 1.3125 -0.3041987896470805
v 4.611287273926292 1.125 -0.11741228375487822
v 4.6276289756914775 1.125 -0.3041987896470805
v 4.440842469799276 1.3125 -0.3205404914122664
v 4.42450076803409 1.3125 -0.13375398552006412
v 4.440842469799276 1.125 -0.3205404914122664
v 4.42450076803409 1.125 -0.13375398552006412
vt 0.328125 0.5
vt 0.375 0.5
vt 0.375 0.453125
vt 0.328125 0.453125
vt 0.515625 1
vt 0.5625 1
vt 0.5625 0.953125
vt 0.515625 0.953125
vt 0.515625 0.953125
vt 0.5625 0.953125
vt 0.5625 0.90625
vt 0.515625 0.90625
vt 0.515625 0.90625
vt 0.5625 0.90625
vt 0.5625 0.859375
vt 0.515625 0.859375
vt 0.578125 0.5625
vt 0.53125 0.5625
vt 0.53125 0.609375
vt 0.578125 0.609375
vt 0.578125 0.5625
vt 0.53125 0.5625
vt 0.53125 0.515625
vt 0.578125 0.515625
vn 0.08715574274765818 0 -0.9961946980917455
vn 0.9961946980917455 0 0.08715574274765818
vn -0.08715574274765818 0 0.9961946980917455
vn -0.9961946980917455 0 -0.08715574274765818
vn 0 1 0
vn 0 -1 0
usemtl m_698752f3-8d6a-f951-fb07-83893f28b7d8
f 924/2124/531 927/2123/531 925/2122/531 922/2121/531
f 923/2128/532 924/2127/532 922/2126/532 921/2125/532
f 928/2132/533 923/2131/533 921/2130/533 926/2129/533
f 927/2136/534 928/2135/534 926/2134/534 925/2133/534
f 926/2140/535 921/2139/535 922/2138/535 925/2137/535
f 927/2144/536 924/2143/536 923/2142/536 928/2141/536
o cube
v 3.791815616956119 0.6490817451927202 -0.20566631758849413
v 3.7939452528130513 0.6652579355116277 -0.32959692526022044
v 3.7028465702021265 -0.02670525759414699 -0.29540307473977956
v 3.70497620605906 -0.010529067275239501 -0.41933368241150587
v 3.6700146451413254 0.6815737095391341 -0.32959692526022044
v 3.667885009284392 0.6653975192202266 -0.20566631758849413
v 3.581045598387334 0.00578670675226689 -0.41933368241150587
v 3.5789159625304006 -0.0103894835666406 -0.29540307473977956
vt 0.234375 0.671875
vt 0.265625 0.671875
vt 0.265625 0.5
vt 0.234375 0.5
vt 0.265625 0.671875
vt 0.296875 0.671875
vt 0.296875 0.5
vt 0.265625 0.5
vt 0.296875 0.671875
vt 0.328125 0.671875
vt 0.328125 0.5
vt 0.296875 0.5
vt 0.328125 0.671875
vt 0.359375 0.671875
vt 0.359375 0.5
vt 0.328125 0.5
vn 0.017037086855465854 0.1294095225512604 -0.9914448613738105
vn 0.9914448613738105 -0.1305261922200516 -3.469446951953615e-18
vn -0.017037086855465854 -0.1294095225512604 0.9914448613738105
vn -0.9914448613738105 0.1305261922200516 3.469446951953615e-18
usemtl m_698752f3-8d6a-f951-fb07-83893f28b7d8
f 932/2148/537 935/2147/537 933/2146/537 930/2145/537
f 931/2152/538 932/2151/538 930/2150/538 929/2149/538
f 936/2156/539 931/2155/539 929/2154/539 934/2153/539
f 935/2160/540 936/2159/540 934/2158/540 933/2157/540
o cube
v 3.7443580009472015 0.16889758859503468 -0.2533986159861158
v 3.747020045768368 0.18911782649366915 -0.4083118755757737
v 3.716049667889113 -0.04612554865533214 -0.2819512205342521
v 3.718711712710279 -0.025905310756697664 -0.43686448012391
v 3.592106786178709 0.2095125440280522 -0.4083118755757737
v 3.5894447413575428 0.18929230612941772 -0.2533986159861158
v 3.5637984531206213 -0.005510593222314619 -0.43686448012391
v 3.561136408299455 -0.025730831120949094 -0.2819512205342521
vt 0.578125 0.5
vt 0.609375 0.5
vt 0.609375 0.453125
vt 0.578125 0.453125
vt 0.578125 0.453125
vt 0.609375 0.453125
vt 0.609375 0.40625
vt 0.578125 0.40625
vt 0.59375 1
vt 0.625 1
vt 0.625 0.953125
vt 0.59375 0.953125
vt 0.59375 0.953125
vt 0.625 0.953125
vt 0.625 0.90625
vt 0.59375 0.90625
vt 0.59375 0.890625
vt 0.5625 0.890625
vt 0.5625 0.859375
vt 0.59375 0.859375
vn 0.017037086855465854 0.1294095225512604 -0.9914448613738105
vn 0.9914448613738105 -0.1305261922200516 -3.469446951953615e-18
vn -0.017037086855465854 -0.1294095225512604 0.9914448613738105
vn -0.9914448613738105 0.1305261922200516 3.469446951953615e-18
vn -0.12940952255126037 -0.9829629131445341 -0.13052619222005157
usemtl m_698752f3-8d6a-f951-fb07-83893f28b7d8
f 940/2164/541 943/2163/541 941/2162/541 938/2161/541
f 939/2168/542 940/2167/542 938/2166/542 937/2165/542
f 944/2172/543 939/2171/543 937/2170/543 942/2169/543
f 943/2176/544 944/2175/544 942/2174/544 941/2173/544
f 943/2180/545 940/2179/545 939/2178/545 944/2177/545
o cube
v 4.410555258642457 0.18929230612941772 -0.2533986159861158
v 4.40789321382129 0.2095125440280522 -0.4083118755757737
v 4.438863591700545 -0.025730831120949094 -0.2819512205342521
v 4.436201546879379 -0.005510593222314619 -0.43686448012391
v 4.252979954231632 0.18911782649366915 -0.4083118755757737
v 4.255641999052799 0.16889758859503468 -0.2533986159861158
v 4.281288287289721 -0.025905310756697664 -0.43686448012391
v 4.283950332110887 -0.04612554865533214 -0.2819512205342521
vt 0.59375 0.90625
vt 0.625 0.90625
vt 0.625 0.859375
vt 0.59375 0.859375
vt 0.59375 0.734375
vt 0.625 0.734375
vt 0.625 0.6875
vt 0.59375 0.6875
vt 0.59375 0.6875
vt 0.625 0.6875
vt 0.625 0.640625
vt 0.59375 0.640625
vt 0.59375 0.640625
vt 0.625 0.640625
vt 0.625 0.59375
vt 0.59375 0.59375
vt 0.640625 0.8125
vt 0.609375 0.8125
vt 0.609375 0.78125
vt 0.640625 0.78125
vn -0.017037086855465854 0.1294095225512604 -0.9914448613738105
vn 0.9914448613738105 0.1305261922200516 3.469446951953615e-18
vn 0.017037086855465854 -0.1294095225512604 0.9914448613738105
vn -0.9914448613738105 -0.1305261922200516 -3.469446951953615e-18
vn 0.12940952255126037 -0.9829629131445341 -0.13052619222005157
usemtl m_698752f3-8d6a-f951-fb07-83893f28b7d8
f 948/2184/546 951/2183/546 949/2182/546 946/2181/546
f 947/2188/547 948/2187/547 946/2186/547 945/2185/547
f 952/2192/548 947/2191/548 945/2190/548 950/2189/548
f 951/2196/549 952/2195/549 950/2194/549 949/2193/549
f 951/2200/550 948/2199/550 947/2198/550 952/2197/550
o cube
v 4.332114990715608 0.6653975192202266 -0.20566631758849413
v 4.329985354858675 0.6815737095391341 -0.32959692526022044
v 4.421084037469599 -0.0103894835666406 -0.29540307473977956
v 4.418954401612666 0.00578670675226689 -0.41933368241150587
v 4.206054747186948 0.6652579355116277 -0.32959692526022044
v 4.208184383043881 0.6490817451927202 -0.20566631758849413
v 4.29502379394094 -0.010529067275239501 -0.41933368241150587
v 4.297153429797873 -0.02670525759414699 -0.29540307473977956
vt 0.359375 0.671875
vt 0.390625 0.671875
vt 0.390625 0.5
vt 0.359375 0.5
vt 0.109375 0.625
vt 0.140625 0.625
vt 0.140625 0.453125
vt 0.109375 0.453125
vt 0.140625 0.625
vt 0.171875 0.625
vt 0.171875 0.453125
vt 0.140625 0.453125
vt 0.171875 0.625
vt 0.203125 0.625
vt 0.203125 0.453125
vt 0.171875 0.453125
vn -0.017037086855465854 0.1294095225512604 -0.9914448613738105
vn 0.9914448613738105 0.1305261922200516 3.469446951953615e-18
vn 0.017037086855465854 -0.1294095225512604 0.9914448613738105
vn -0.9914448613738105 -0.1305261922200516 -3.469446951953615e-18
usemtl m_698752f3-8d6a-f951-fb07-83893f28b7d8
f 956/2204/551 959/2203/551 957/2202/551 954/2201/551
f 955/2208/552 956/2207/552 954/2206/552 953/2205/552
f 960/2212/553 955/2211/553 953/2210/553 958/2209/553
f 959/2216/554 960/2215/554 958/2214/554 957/2213/554
o cube
v 4.40789321382129 0.2095125440280522 0.40831187557577375
v 4.410555258642457 0.18929230612941772 0.2533986159861158
v 4.436201546879379 -0.005510593222314619 0.43686448012391
v 4.438863591700545 -0.025730831120949094 0.28195122053425203
v 4.255641999052799 0.16889758859503468 0.2533986159861158
v 4.252979954231632 0.18911782649366915 0.40831187557577375
v 4.283950332110887 -0.04612554865533214 0.28195122053425203
v 4.281288287289721 -0.025905310756697664 0.43686448012391
vt 0.59375 0.59375
vt 0.625 0.59375
vt 0.625 0.546875
vt 0.59375 0.546875
vt 0.59375 0.546875
vt 0.625 0.546875
vt 0.625 0.5
vt 0.59375 0.5
vt 0.53125 0.40625
vt 0.5625 0.40625
vt 0.5625 0.359375
vt 0.53125 0.359375
vt 0.5625 0.40625
vt 0.59375 0.40625
vt 0.59375 0.359375
vt 0.5625 0.359375
vt 0.640625 0.78125
vt 0.609375 0.78125
vt 0.609375 0.75
vt 0.640625 0.75
vn 0.017037086855465854 -0.1294095225512604 -0.9914448613738105
vn 0.9914448613738105 0.1305261922200516 -3.469446951953615e-18
vn -0.017037086855465854 0.1294095225512604 0.9914448613738105
vn -0.9914448613738105 -0.1305261922200516 3.469446951953615e-18
vn 0.12940952255126037 -0.9829629131445341 0.13052619222005157
usemtl m_698752f3-8d6a-f951-fb07-83893f28b7d8
f 964/2220/555 967/2219/555 965/2218/555 962/2217/555
f 963/2224/556 964/2223/556 962/2222/556 961/2221/556
f 968/2228/557 963/2227/557 961/2226/557 966/2225/557
f 967/2232/558 968/2231/558 966/2230/558 965/2229/558
f 967/2236/559 964/2235/559 963/2234/559 968/2233/559
o cube
v 4.329985354858675 0.6815737095391341 0.32959692526022044
v 4.332114990715608 0.6653975192202266 0.20566631758849407
v 4.418954401612666 0.00578670675226689 0.4193336824115059
v 4.421084037469599 -0.0103894835666406 0.29540307473977956
v 4.208184383043881 0.6490817451927202 0.20566631758849407
v 4.206054747186948 0.6652579355116277 0.32959692526022044
v 4.297153429797873 -0.02670525759414699 0.29540307473977956
v 4.29502379394094 -0.010529067275239501 0.4193336824115059
vt 0.203125 0.625
vt 0.234375 0.625
vt 0.234375 0.453125
vt 0.203125 0.453125
vt 0.390625 0.765625
vt 0.421875 0.765625
vt 0.421875 0.59375
vt 0.390625 0.59375
vt 0.390625 0.59375
vt 0.421875 0.59375
vt 0.421875 0.421875
vt 0.390625 0.421875
vt 0.421875 0.765625
vt 0.453125 0.765625
vt 0.453125 0.59375
vt 0.421875 0.59375
vn 0.017037086855465854 -0.1294095225512604 -0.9914448613738105
vn 0.9914448613738105 0.1305261922200516 -3.469446951953615e-18
vn -0.017037086855465854 0.1294095225512604 0.9914448613738105
vn -0.9914448613738105 -0.1305261922200516 3.469446951953615e-18
usemtl m_698752f3-8d6a-f951-fb07-83893f28b7d8
f 972/2240/560 975/2239/560 973/2238/560 970/2237/560
f 971/2244/561 972/2243/561 970/2242/561 969/2241/561
f 976/2248/562 971/2247/562 969/2246/562 974/2245/562
f 975/2252/563 976/2251/563 974/2250/563 973/2249/563
o cube
v 3.747020045768368 0.18911782649366915 0.40831187557577375
v 3.7443580009472015 0.16889758859503468 0.2533986159861158
v 3.718711712710279 -0.025905310756697664 0.43686448012391
v 3.716049667889113 -0.04612554865533214 0.28195122053425203
v 3.5894447413575428 0.18929230612941772 0.2533986159861158
v 3.592106786178709 0.2095125440280522 0.40831187557577375
v 3.561136408299455 -0.025730831120949094 0.28195122053425203
v 3.5637984531206213 -0.005510593222314619 0.43686448012391
vt 0.59375 0.40625
vt 0.625 0.40625
vt 0.625 0.359375
vt 0.59375 0.359375
vt 0 0.390625
vt 0.03125 0.390625
vt 0.03125 0.34375
vt 0 0.34375
vt 0.03125 0.390625
vt 0.0625 0.390625
vt 0.0625 0.34375
vt 0.03125 0.34375
vt 0.0625 0.390625
vt 0.09375 0.390625
vt 0.09375 0.34375
vt 0.0625 0.34375
vt 0.640625 0.5
vt 0.609375 0.5
vt 0.609375 0.46875
vt 0.640625 0.46875
vn -0.017037086855465854 -0.1294095225512604 -0.9914448613738105
vn 0.9914448613738105 -0.1305261922200516 3.469446951953615e-18
vn 0.017037086855465854 0.1294095225512604 0.9914448613738105
vn -0.9914448613738105 0.1305261922200516 -3.469446951953615e-18
vn -0.12940952255126037 -0.9829629131445341 0.13052619222005157
usemtl m_698752f3-8d6a-f951-fb07-83893f28b7d8
f 980/2256/564 983/2255/564 981/2254/564 978/2253/564
f 979/2260/565 980/2259/565 978/2258/565 977/2257/565
f 984/2264/566 979/2263/566 977/2262/566 982/2261/566
f 983/2268/567 984/2267/567 982/2266/567 981/2265/567
f 983/2272/568 980/2271/568 979/2270/568 984/2269/568
o cube
v 3.7939452528130513 0.6652579355116277 0.32959692526022044
v 3.791815616956119 0.6490817451927202 0.20566631758849407
v 3.70497620605906 -0.010529067275239501 0.4193336824115059
v 3.7028465702021265 -0.02670525759414699 0.29540307473977956
v 3.667885009284392 0.6653975192202266 0.20566631758849407
v 3.6700146451413254 0.6815737095391341 0.32959692526022044
v 3.5789159625304006 -0.0103894835666406 0.29540307473977956
v 3.581045598387334 0.00578670675226689 0.4193336824115059
vt 0.421875 0.59375
vt 0.453125 0.59375
vt 0.453125 0.421875
vt 0.421875 0.421875
vt 0 0.5625
vt 0.03125 0.5625
vt 0.03125 0.390625
vt 0 0.390625
vt 0.03125 0.5625
vt 0.0625 0.5625
vt 0.0625 0.390625
vt 0.03125 0.390625
vt 0.0625 0.5625
vt 0.09375 0.5625
vt 0.09375 0.390625
vt 0.0625 0.390625
vn -0.017037086855465854 -0.1294095225512604 -0.9914448613738105
vn 0.9914448613738105 -0.1305261922200516 3.469446951953615e-18
vn 0.017037086855465854 0.1294095225512604 0.9914448613738105
vn -0.9914448613738105 0.1305261922200516 -3.469446951953615e-18
usemtl m_698752f3-8d6a-f951-fb07-83893f28b7d8
f 988/2276/569 991/2275/569 989/2274/569 986/2273/569
f 987/2280/570 988/2279/570 986/2278/570 985/2277/570
f 992/2284/571 987/2283/571 985/2282/571 990/2281/571
f 991/2288/572 992/2287/572 990/2286/572 989/2285/572
o cube
v 4.523179118787735 1.328125 0.4526878085113004
v 4.4960465910272776 1.328125 0.29881159710314287
v 4.523179118787735 1.109375 0.4526878085113004
v 4.4960465910272776 1.109375 0.29881159710314287
v 3.9728674722395425 1.328125 0.3910621914886996
v 4 1.328125 0.5449384028968569
v 3.9728674722395425 1.109375 0.3910621914886996
v 4 1.109375 0.5449384028968569
vt 0.328125 0.859375
vt 0.453125 0.859375
vt 0.453125 0.8125
vt 0.328125 0.8125
vt 0.609375 0.859375
vt 0.640625 0.859375
vt 0.640625 0.8125
vt 0.609375 0.8125
vt 0.328125 0.8125
vt 0.453125 0.8125
vt 0.453125 0.765625
vt 0.328125 0.765625
vt 0.609375 0.765625
vt 0.484375 0.765625
vt 0.484375 0.796875
vt 0.609375 0.796875
vt 0.609375 0.765625
vt 0.484375 0.765625
vt 0.484375 0.734375
vt 0.609375 0.734375
vn -0.17364817766693033 0 -0.984807753012208
vn 0.984807753012208 0 -0.17364817766693033
vn 0.17364817766693033 0 0.984807753012208
vn 0 1 0
vn 0 -1 0
usemtl m_698752f3-8d6a-f951-fb07-83893f28b7d8
f 996/2292/573 999/2291/573 997/2290/573 994/2289/573
f 995/2296/574 996/2295/574 994/2294/574 993/2293/574
f 1000/2300/575 995/2299/575 993/2298/575 998/2297/575
f 998/2304/576 993/2303/576 994/2302/576 997/2301/576
f 999/2308/577 996/2307/577 995/2306/577 1000/2305/577
o cube
v 3.56927127591468 1.1426988328913634 -0.06960060972089638
v 3.56927127591468 1.1426988328913634 -0.13210060972089638
v 3.626376485010952 0.7089417060403214 -0.06960060972089638
v 3.626376485010952 0.7089417060403214 -0.13210060972089638
v 3.5073059720788162 1.1345409458776101 -0.13210060972089638
v 3.5073059720788162 1.1345409458776101 -0.06960060972089638
v 3.564411181175089 0.7007838190265683 -0.13210060972089638
v 3.564411181175089 0.7007838190265683 -0.06960060972089638
vt 0.09375 0.5625
vt 0.109375 0.5625
vt 0.109375 0.453125
vt 0.09375 0.453125
vt 0.375 0.5
vt 0.390625 0.5
vt 0.390625 0.390625
vt 0.375 0.390625
vt 0.453125 0.484375
vt 0.46875 0.484375
vt 0.46875 0.375
vt 0.453125 0.375
vt 0.46875 0.484375
vt 0.484375 0.484375
vt 0.484375 0.375
vt 0.46875 0.375
vn 0 0 -1
vn 0.9914448613738104 0.13052619222005157 0
vn 0 0 1
vn -0.9914448613738104 -0.13052619222005157 0
usemtl m_698752f3-8d6a-f951-fb07-83893f28b7d8
f 1004/2312/578 1007/2311/578 1005/2310/578 1002/2309/578
f 1003/2316/579 1004/2315/579 1002/2314/579 1001/2313/579
f 1008/2320/580 1003/2319/580 1001/2318/580 1006/2317/580
f 1007/2324/581 1008/2323/581 1006/2322/581 1005/2321/581
o cube
v 3.56927127591468 1.1426988328913634 0.18039939027910368
v 3.56927127591468 1.1426988328913634 0.11789939027910368
v 3.626376485010952 0.7089417060403214 0.18039939027910368
v 3.626376485010952 0.7089417060403214 0.11789939027910368
v 3.5073059720788162 1.1345409458776101 0.11789939027910368
v 3.5073059720788162 1.1345409458776101 0.18039939027910368
v 3.564411181175089 0.7007838190265683 0.11789939027910368
v 3.564411181175089 0.7007838190265683 0.18039939027910368
vt 0.484375 0.46875
vt 0.5 0.46875
vt 0.5 0.359375
vt 0.484375 0.359375
vt 0.53125 0.515625
vt 0.546875 0.515625
vt 0.546875 0.40625
vt 0.53125 0.40625
vt 0.5 0.46875
vt 0.515625 0.46875
vt 0.515625 0.359375
vt 0.5 0.359375
vt 0.515625 0.46875
vt 0.53125 0.46875
vt 0.53125 0.359375
vt 0.515625 0.359375
vn 0 0 -1
vn 0.9914448613738104 0.13052619222005157 0
vn 0 0 1
vn -0.9914448613738104 -0.13052619222005157 0
usemtl m_698752f3-8d6a-f951-fb07-83893f28b7d8
f 1012/2328/582 1015/2327/582 1013/2326/582 1010/2325/582
f 1011/2332/583 1012/2331/583 1010/2330/583 1009/2329/583
f 1016/2336/584 1011/2335/584 1009/2334/584 1014/2333/584
f 1015/2340/585 1016/2339/585 1014/2338/585 1013/2337/585
o cube
v 3.56927127591468 1.1426988328913634 0.4303993902791037
v 3.56927127591468 1.1426988328913634 0.3678993902791037
v 3.626376485010952 0.7089417060403214 0.4303993902791037
v 3.626376485010952 0.7089417060403214 0.3678993902791037
v 3.5073059720788162 1.1345409458776101 0.3678993902791037
v 3.5073059720788162 1.1345409458776101 0.4303993902791037
v 3.564411181175089 0.7007838190265683 0.3678993902791037
v 3.564411181175089 0.7007838190265683 0.4303993902791037
vt 0.09375 0.453125
vt 0.109375 0.453125
vt 0.109375 0.34375
vt 0.09375 0.34375
vt 0.109375 0.453125
vt 0.125 0.453125
vt 0.125 0.34375
vt 0.109375 0.34375
vt 0.125 0.453125
vt 0.140625 0.453125
vt 0.140625 0.34375
vt 0.125 0.34375
vt 0.140625 0.453125
vt 0.15625 0.453125
vt 0.15625 0.34375
vt 0.140625 0.34375
vn 0 0 -1
vn 0.9914448613738104 0.13052619222005157 0
vn 0 0 1
vn -0.9914448613738104 -0.13052619222005157 0
usemtl m_698752f3-8d6a-f951-fb07-83893f28b7d8
f 1020/2344/586 1023/2343/586 1021/2342/586 1018/2341/586
f 1019/2348/587 1020/2347/587 1018/2346/587 1017/2345/587
f 1024/2352/588 1019/2351/588 1017/2350/588 1022/2349/588
f 1023/2356/589 1024/2355/589 1022/2354/589 1021/2353/589
o cube
v 3.869596250995694 1.121443973246705 0.49876720710759814
v 3.877723094786427 1.1268912071684336 0.4370376999606672
v 3.87457329790924 0.6856087928315664 0.4609627825448055
v 3.8827001416999725 0.691056026753295 0.39923327539787445
v 3.8157577909505633 1.1268912071684336 0.428879812946914
v 3.807630947159831 1.121443973246705 0.49060932009384495
v 3.8207348378641095 0.691056026753295 0.39107538838412126
v 3.8126079940733764 0.6856087928315664 0.4528048955310522
vt 0.15625 0.453125
vt 0.171875 0.453125
vt 0.171875 0.34375
vt 0.15625 0.34375
vt 0.171875 0.453125
vt 0.1875 0.453125
vt 0.1875 0.34375
vt 0.171875 0.34375
vt 0.1875 0.453125
vt 0.203125 0.453125
vt 0.203125 0.34375
vt 0.1875 0.34375
vt 0.203125 0.453125
vt 0.21875 0.453125
vt 0.21875 0.34375
vt 0.203125 0.34375
vn 0.13002950065171948 0.08715574274765818 -0.9876721143508957
vn 0.9914448613738104 -1.734723475976807e-18 0.1305261922200516
vn -0.13002950065171948 -0.08715574274765818 0.9876721143508957
vn -0.9914448613738104 1.734723475976807e-18 -0.1305261922200516
usemtl m_698752f3-8d6a-f951-fb07-83893f28b7d8
f 1028/2360/590 1031/2359/590 1029/2358/590 1026/2357/590
f 1027/2364/591 1028/2363/591 1026/2362/591 1025/2361/591
f 1032/2368/592 1027/2367/592 1025/2366/592 1030/2365/592
f 1031/2372/593 1032/2371/593 1030/2370/593 1029/2369/593
o cube
v 4.192369052840169 1.121443973246705 0.49060932009384495
v 4.184242209049437 1.1268912071684336 0.428879812946914
v 4.187392005926623 0.6856087928315664 0.4528048955310522
v 4.1792651621358905 0.691056026753295 0.39107538838412126
v 4.122276905213574 1.1268912071684336 0.4370376999606672
v 4.130403749004306 1.121443973246705 0.49876720710759814
v 4.1172998583000275 0.691056026753295 0.39923327539787445
v 4.12542670209076 0.6856087928315664 0.4609627825448055
vt 0.21875 0.453125
vt 0.234375 0.453125
vt 0.234375 0.34375
vt 0.21875 0.34375
vt 0.234375 0.453125
vt 0.25 0.453125
vt 0.25 0.34375
vt 0.234375 0.34375
vt 0.25 0.453125
vt 0.265625 0.453125
vt 0.265625 0.34375
vt 0.25 0.34375
vt 0.265625 0.453125
vt 0.28125 0.453125
vt 0.28125 0.34375
vt 0.265625 0.34375
vn -0.13002950065171948 0.08715574274765818 -0.9876721143508957
vn 0.9914448613738104 1.734723475976807e-18 -0.1305261922200516
vn 0.13002950065171948 -0.08715574274765818 0.9876721143508957
vn -0.9914448613738104 -1.734723475976807e-18 0.1305261922200516
usemtl m_698752f3-8d6a-f951-fb07-83893f28b7d8
f 1036/2376/594 1039/2375/594 1037/2374/594 1034/2373/594
f 1035/2380/595 1036/2379/595 1034/2378/595 1033/2377/595
f 1040/2384/596 1035/2383/596 1033/2382/596 1038/2381/596
f 1039/2388/597 1040/2387/597 1038/2386/597 1037/2385/597
o cube
v 4.492694027921184 1.1345409458776101 0.4303993902791037
v 4.492694027921184 1.1345409458776101 0.3678993902791037
v 4.435588818824911 0.7007838190265683 0.4303993902791037
v 4.435588818824911 0.7007838190265683 0.3678993902791037
v 4.430728724085321 1.1426988328913634 0.3678993902791037
v 4.430728724085321 1.1426988328913634 0.4303993902791037
v 4.373623514989048 0.7089417060403214 0.3678993902791037
v 4.373623514989048 0.7089417060403214 0.4303993902791037
vt 0.28125 0.453125
vt 0.296875 0.453125
vt 0.296875 0.34375
vt 0.28125 0.34375
vt 0.296875 0.453125
vt 0.3125 0.453125
vt 0.3125 0.34375
vt 0.296875 0.34375
vt 0.3125 0.453125
vt 0.328125 0.453125
vt 0.328125 0.34375
vt 0.3125 0.34375
vt 0.328125 0.453125
vt 0.34375 0.453125
vt 0.34375 0.34375
vt 0.328125 0.34375
vn 0 0 -1
vn 0.9914448613738104 -0.13052619222005157 0
vn 0 0 1
vn -0.9914448613738104 0.13052619222005157 0
usemtl m_698752f3-8d6a-f951-fb07-83893f28b7d8
f 1044/2392/598 1047/2391/598 1045/2390/598 1042/2389/598
f 1043/2396/599 1044/2395/599 1042/2394/599 1041/2393/599
f 1048/2400/600 1043/2399/600 1041/2398/600 1046/2397/600
f 1047/2404/601 1048/2403/601 1046/2402/601 1045/2401/601
o cube
v 4.492694027921184 1.1345409458776101 0.18039939027910368
v 4.492694027921184 1.1345409458776101 0.11789939027910368
v 4.435588818824911 0.7007838190265683 0.18039939027910368
v 4.435588818824911 0.7007838190265683 0.11789939027910368
v 4.430728724085321 1.1426988328913634 0.11789939027910368
v 4.430728724085321 1.1426988328913634 0.18039939027910368
v 4.373623514989048 0.7089417060403214 0.11789939027910368
v 4.373623514989048 0.7089417060403214 0.18039939027910368
vt 0.34375 0.453125
vt 0.359375 0.453125
vt 0.359375 0.34375
vt 0.34375 0.34375
vt 0.359375 0.453125
vt 0.375 0.453125
vt 0.375 0.34375
vt 0.359375 0.34375
vt 0.546875 0.515625
vt 0.5625 0.515625
vt 0.5625 0.40625
vt 0.546875 0.40625
vt 0.5625 1
vt 0.578125 1
vt 0.578125 0.890625
vt 0.5625 0.890625
vn 0 0 -1
vn 0.9914448613738104 -0.13052619222005157 0
vn 0 0 1
vn -0.9914448613738104 0.13052619222005157 0
usemtl m_698752f3-8d6a-f951-fb07-83893f28b7d8
f 1052/2408/602 1055/2407/602 1053/2406/602 1050/2405/602
f 1051/2412/603 1052/2411/603 1050/2410/603 1049/2409/603
f 1056/2416/604 1051/2415/604 1049/2414/604 1054/2413/604
f 1055/2420/605 1056/2419/605 1054/2418/605 1053/2417/605
o cube
v 4.492694027921184 1.1345409458776101 -0.06960060972089638
v 4.492694027921184 1.1345409458776101 -0.13210060972089638
v 4.435588818824911 0.7007838190265683 -0.06960060972089638
v 4.435588818824911 0.7007838190265683 -0.13210060972089638
v 4.430728724085321 1.1426988328913634 -0.13210060972089638
v 4.430728724085321 1.1426988328913634 -0.06960060972089638
v 4.373623514989048 0.7089417060403214 -0.13210060972089638
v 4.373623514989048 0.7089417060403214 -0.06960060972089638
vt 0.5625 0.515625
vt 0.578125 0.515625
vt 0.578125 0.40625
vt 0.5625 0.40625
vt 0.578125 1
vt 0.59375 1
vt 0.59375 0.890625
vt 0.578125 0.890625
vt 0.390625 0.421875
vt 0.40625 0.421875
vt 0.40625 0.3125
vt 0.390625 0.3125
vt 0.578125 0.609375
vt 0.59375 0.609375
vt 0.59375 0.5
vt 0.578125 0.5
vn 0 0 -1
vn 0.9914448613738104 -0.13052619222005157 0
vn 0 0 1
vn -0.9914448613738104 0.13052619222005157 0
usemtl m_698752f3-8d6a-f951-fb07-83893f28b7d8
f 1060/2424/606 1063/2423/606 1061/2422/606 1058/2421/606
f 1059/2428/607 1060/2427/607 1058/2426/607 1057/2425/607
f 1064/2432/608 1059/2431/608 1057/2430/608 1062/2429/608
f 1063/2436/609 1064/2435/609 1062/2434/609 1061/2433/609
o cube
v 6.016341701765186 0.8094081921995433 0.4375
v 6.016341701765186 0.8094081921995433 -0.4375
v 6.000000000000001 0.6226216863073408 0.4375
v 6.000000000000001 0.6226216863073408 -0.4375
v 5.580506521350047 0.8475388296516437 -0.4375
v 5.580506521350047 0.8475388296516437 0.4375
v 5.564164819584862 0.6607523237594415 -0.4375
v 5.564164819584862 0.6607523237594415 0.4375
vt 0.484375 1
vt 0.59375 1
vt 0.59375 0.953125
vt 0.484375 0.953125
vt 0.484375 0.953125
vt 0.59375 0.953125
vt 0.59375 0.90625
vt 0.484375 0.90625
vt 0.359375 0.8125
vt 0.578125 0.8125
vt 0.578125 0.765625
vt 0.359375 0.765625
vt 0.109375 0.78125
vt 0 0.78125
vt 0 1
vt 0.109375 1
vt 0.21875 1
vt 0.109375 1
vt 0.109375 0.78125
vt 0.21875 0.78125
vn 0 0 -1
vn 0 0 1
vn -0.9961946980917455 0.08715574274765818 0
vn 0.08715574274765818 0.9961946980917455 0
vn -0.08715574274765818 -0.9961946980917455 0
usemtl m_15387983-a611-e25d-df57-c0a5ce9cc78d
f 1068/2440/610 1071/2439/610 1069/2438/610 1066/2437/610
f 1072/2444/611 1067/2443/611 1065/2442/611 1070/2441/611
f 1071/2448/612 1072/2447/612 1070/2446/612 1069/2445/612
f 1070/2452/613 1065/2451/613 1066/2450/613 1069/2449/613
f 1071/2456/614 1068/2455/614 1067/2454/614 1072/2453/614
o cube
v 6.419493478649953 0.8475388296516435 0.4375
v 6.419493478649953 0.8475388296516435 -0.4375
v 6.435835180415139 0.6607523237594415 0.4375
v 6.435835180415139 0.6607523237594415 -0.4375
v 5.983658298234814 0.8094081921995433 -0.4375
v 5.983658298234814 0.8094081921995433 0.4375
v 6 0.6226216863073408 -0.4375
v 6 0.6226216863073408 0.4375
vt 0.484375 0.90625
vt 0.59375 0.90625
vt 0.59375 0.859375
vt 0.484375 0.859375
vt 0.359375 0.765625
vt 0.578125 0.765625
vt 0.578125 0.71875
vt 0.359375 0.71875
vt 0.484375 0.859375
vt 0.59375 0.859375
vt 0.59375 0.8125
vt 0.484375 0.8125
vt 0.109375 0.5625
vt 0 0.5625
vt 0 0.78125
vt 0.109375 0.78125
vt 0.328125 1
vt 0.21875 1
vt 0.21875 0.78125
vt 0.328125 0.78125
vn 0 0 -1
vn 0.9961946980917455 0.08715574274765818 0
vn 0 0 1
vn -0.08715574274765818 0.9961946980917455 0
vn 0.08715574274765818 -0.9961946980917455 0
usemtl m_15387983-a611-e25d-df57-c0a5ce9cc78d
f 1076/2460/615 1079/2459/615 1077/2458/615 1074/2457/615
f 1075/2464/616 1076/2463/616 1074/2462/616 1073/2461/616
f 1080/2468/617 1075/2467/617 1073/2466/617 1078/2465/617
f 1078/2472/618 1073/2471/618 1074/2470/618 1077/2469/618
f 1079/2476/619 1076/2475/619 1075/2474/619 1080/2473/619
o cube
v 5.703125 1.3652640395945295 0.4917401545157052
v 5.703125 1.3761585074379867 0.367215817254237
v 5.703125 0.8049045219179227 0.4427150492201475
v 5.703125 0.81579898976138 0.3181907119586793
v 5.578125 1.3761585074379867 0.367215817254237
v 5.578125 1.3652640395945295 0.4917401545157052
v 5.578125 0.81579898976138 0.3181907119586793
v 5.578125 0.8049045219179227 0.4427150492201475
vt 0.484375 0.65625
vt 0.515625 0.65625
vt 0.515625 0.515625
vt 0.484375 0.515625
vt 0.484375 0.515625
vt 0.515625 0.515625
vt 0.515625 0.375
vt 0.484375 0.375
vt 0.515625 0.65625
vt 0.546875 0.65625
vt 0.546875 0.515625
vt 0.515625 0.515625
vt 0.515625 0.515625
vt 0.546875 0.515625
vt 0.546875 0.375
vt 0.515625 0.375
vt 0.359375 0.78125
vt 0.328125 0.78125
vt 0.328125 0.8125
vt 0.359375 0.8125
vt 0.640625 0.421875
vt 0.609375 0.421875
vt 0.609375 0.390625
vt 0.640625 0.390625
vn 0 0.08715574274765818 -0.9961946980917455
vn 1 0 0
vn 0 -0.08715574274765818 0.9961946980917455
vn -1 0 0
vn 0 0.9961946980917455 0.08715574274765818
vn 0 -0.9961946980917455 -0.08715574274765818
usemtl m_15387983-a611-e25d-df57-c0a5ce9cc78d
f 1084/2480/620 1087/2479/620 1085/2478/620 1082/2477/620
f 1083/2484/621 1084/2483/621 1082/2482/621 1081/2481/621
f 1088/2488/622 1083/2487/622 1081/2486/622 1086/2485/622
f 1087/2492/623 1088/2491/623 1086/2490/623 1085/2489/623
f 1086/2496/624 1081/2495/624 1082/2494/624 1085/2493/624
f 1087/2500/625 1084/2499/625 1083/2498/625 1088/2497/625
o cube
v 5.999296703324873 1.7366149832605284 0.5724050292621956
v 6.015622851411003 1.7447936183915287 0.3857963027351017
v 6.000722333363882 1.3619719001673318 0.5561100033519364
v 6.017048481450011 1.370150535298332 0.36950127682484246
v 5.51752550236513 1.7447936183915287 0.3422184313612725
v 5.501199354279 1.7366149832605284 0.5288271578883665
v 5.518951132404139 1.370150535298332 0.3259234054510134
v 5.502624984318009 1.3619719001673318 0.5125321319781073
vt 0.234375 0.78125
vt 0.359375 0.78125
vt 0.359375 0.6875
vt 0.234375 0.6875
vt 0.546875 0.65625
vt 0.59375 0.65625
vt 0.59375 0.5625
vt 0.546875 0.5625
vt 0.234375 0.6875
vt 0.359375 0.6875
vt 0.359375 0.59375
vt 0.234375 0.59375
vt 0.546875 0.5625
vt 0.59375 0.5625
vt 0.59375 0.46875
vt 0.546875 0.46875
vt 0.234375 0.59375
vt 0.109375 0.59375
vt 0.109375 0.640625
vt 0.234375 0.640625
vt 0.484375 0.71875
vt 0.359375 0.71875
vt 0.359375 0.671875
vt 0.484375 0.671875
vn 0.08707278979269382 0.043619387365336 -0.9952465414778341
vn 0.9961946980917455 -4.336808689942018e-19 0.08715574274765818
vn -0.08707278979269382 -0.043619387365336 0.9952465414778341
vn -0.9961946980917455 4.336808689942018e-19 -0.08715574274765818
vn -0.0038016801040236764 0.9990482215818578 0.0434534024273578
vn 0.0038016801040236764 -0.9990482215818578 -0.0434534024273578
usemtl m_15387983-a611-e25d-df57-c0a5ce9cc78d
f 1092/2504/626 1095/2503/626 1093/2502/626 1090/2501/626
f 1091/2508/627 1092/2507/627 1090/2506/627 1089/2505/627
f 1096/2512/628 1091/2511/628 1089/2510/628 1094/2509/628
f 1095/2516/629 1096/2515/629 1094/2514/629 1093/2513/629
f 1094/2520/630 1089/2519/630 1090/2518/630 1093/2517/630
f 1095/2524/631 1092/2523/631 1091/2522/631 1096/2521/631
o cube
v 6.421875 1.3652640395945295 0.4917401545157052
v 6.421875 1.3761585074379867 0.367215817254237
v 6.421875 0.8049045219179227 0.4427150492201475
v 6.421875 0.81579898976138 0.3181907119586793
v 6.296875 1.3761585074379867 0.367215817254237
v 6.296875 1.3652640395945295 0.4917401545157052
v 6.296875 0.81579898976138 0.3181907119586793
v 6.296875 0.8049045219179227 0.4427150492201475
vt 0.546875 0.46875
vt 0.578125 0.46875
vt 0.578125 0.328125
vt 0.546875 0.328125
vt 0.578125 0.46875
vt 0.609375 0.46875
vt 0.609375 0.328125
vt 0.578125 0.328125
vt 0.59375 1
vt 0.625 1
vt 0.625 0.859375
vt 0.59375 0.859375
vt 0.09375 0.40625
vt 0.125 0.40625
vt 0.125 0.265625
vt 0.09375 0.265625
vt 0.640625 0.359375
vt 0.609375 0.359375
vt 0.609375 0.390625
vt 0.640625 0.390625
vt 0.03125 0.375
vt 0 0.375
vt 0 0.34375
vt 0.03125 0.34375
vn 0 0.08715574274765818 -0.9961946980917455
vn 1 0 0
vn 0 -0.08715574274765818 0.9961946980917455
vn -1 0 0
vn 0 0.9961946980917455 0.08715574274765818
vn 0 -0.9961946980917455 -0.08715574274765818
usemtl m_15387983-a611-e25d-df57-c0a5ce9cc78d
f 1100/2528/632 1103/2527/632 1101/2526/632 1098/2525/632
f 1099/2532/633 1100/2531/633 1098/2530/633 1097/2529/633
f 1104/2536/634 1099/2535/634 1097/2534/634 1102/2533/634
f 1103/2540/635 1104/2539/635 1102/2538/635 1101/2537/635
f 1102/2544/636 1097/2543/636 1098/2542/636 1101/2541/636
f 1103/2548/637 1100/2547/637 1099/2546/637 1104/2545/637
o cube
v 6.498800645721 1.7366149832605284 0.5288271578883665
v 6.48247449763487 1.7447936183915287 0.3422184313612725
v 6.497375015681991 1.3619719001673318 0.5125321319781073
v 6.481048867595861 1.370150535298332 0.3259234054510134
v 5.984377148588997 1.7447936183915287 0.3857963027351017
v 6.000703296675127 1.7366149832605284 0.5724050292621956
v 5.982951518549989 1.370150535298332 0.36950127682484246
v 5.999277666636118 1.3619719001673318 0.5561100033519364
vt 0.328125 1
vt 0.453125 1
vt 0.453125 0.90625
vt 0.328125 0.90625
vt 0.578125 0.8125
vt 0.625 0.8125
vt 0.625 0.71875
vt 0.578125 0.71875
vt 0.328125 0.90625
vt 0.453125 0.90625
vt 0.453125 0.8125
vt 0.328125 0.8125
vt 0.125 0.40625
vt 0.171875 0.40625
vt 0.171875 0.3125
vt 0.125 0.3125
vt 0.484375 0.625
vt 0.359375 0.625
vt 0.359375 0.671875
vt 0.484375 0.671875
vt 0.484375 0.625
vt 0.359375 0.625
vt 0.359375 0.578125
vt 0.484375 0.578125
vn -0.08707278979269382 0.043619387365336 -0.9952465414778341
vn 0.9961946980917455 4.336808689942018e-19 -0.08715574274765818
vn 0.08707278979269382 -0.043619387365336 0.9952465414778341
vn -0.9961946980917455 -4.336808689942018e-19 0.08715574274765818
vn 0.0038016801040236764 0.9990482215818578 0.0434534024273578
vn -0.0038016801040236764 -0.9990482215818578 -0.0434534024273578
usemtl m_15387983-a611-e25d-df57-c0a5ce9cc78d
f 1108/2552/638 1111/2551/638 1109/2550/638 1106/2549/638
f 1107/2556/639 1108/2555/639 1106/2554/639 1105/2553/639
f 1112/2560/640 1107/2559/640 1105/2558/640 1110/2557/640
f 1111/2564/641 1112/2563/641 1110/2562/641 1109/2561/641
f 1110/2568/642 1105/2567/642 1106/2566/642 1109/2565/642
f 1111/2572/643 1108/2571/643 1107/2570/643 1112/2569/643
o cube
v 6.25 1.370711273516258 0.4294779858849711
v 6.25 1.370711273516258 0.4294779858849711
v 6.25 0.8103517558396511 0.3804528805894134
v 6.25 0.8103517558396511 0.3804528805894134
v 5.75 1.370711273516258 0.4294779858849711
v 5.75 1.370711273516258 0.4294779858849711
v 5.75 0.8103517558396511 0.3804528805894134
v 5.75 0.8103517558396511 0.3804528805894134
vt 0.109375 0.78125
vt 0.234375 0.78125
vt 0.234375 0.640625
vt 0.109375 0.640625
vn 0 0.08715574274765818 -0.9961946980917455
usemtl m_15387983-a611-e25d-df57-c0a5ce9cc78d
f 1116/2576/644 1119/2575/644 1117/2574/644 1114/2573/644
o cube
v 5.720489107724369 0.7313655816259479 -0.19080110493065072
v 5.721438623161106 0.742218592730131 -0.3153254421921189
v 5.6553710410992695 -0.012937325753630269 -0.25616791199139444
v 5.656320556536007 -0.0020843146494469167 -0.3806922492528626
v 5.596914285899637 0.7531130605735883 -0.3153254421921189
v 5.5959647704629 0.7422600494694052 -0.19080110493065072
v 5.531796219274538 0.00881015319401035 -0.3806922492528626
v 5.530846703837802 -0.0020428579101730016 -0.25616791199139444
vt 0.109375 0.59375
vt 0.140625 0.59375
vt 0.140625 0.40625
vt 0.109375 0.40625
vt 0.140625 0.59375
vt 0.171875 0.59375
vt 0.171875 0.40625
vt 0.140625 0.40625
vt 0.171875 0.59375
vt 0.203125 0.59375
vt 0.203125 0.40625
vt 0.171875 0.40625
vt 0.203125 0.59375
vt 0.234375 0.59375
vt 0.234375 0.40625
vt 0.203125 0.40625
vt 0.65625 0.96875
vt 0.625 0.96875
vt 0.625 1
vt 0.65625 1
vt 0.0625 0.375
vt 0.03125 0.375
vt 0.03125 0.34375
vt 0.0625 0.34375
vn 0.007596123493895972 0.08682408883346518 -0.9961946980917455
vn 0.9961946980917455 -0.0871557427476582 -1.734723475976807e-18
vn -0.007596123493895972 -0.08682408883346518 0.9961946980917455
vn -0.9961946980917455 0.0871557427476582 1.734723475976807e-18
vn 0.08682408883346518 0.9924038765061041 0.0871557427476582
vn -0.08682408883346518 -0.9924038765061041 -0.0871557427476582
usemtl m_15387983-a611-e25d-df57-c0a5ce9cc78d
f 1124/2580/645 1127/2579/645 1125/2578/645 1122/2577/645
f 1123/2584/646 1124/2583/646 1122/2582/646 1121/2581/646
f 1128/2588/647 1123/2587/647 1121/2586/647 1126/2585/647
f 1127/2592/648 1128/2591/648 1126/2590/648 1125/2589/648
f 1126/2596/649 1121/2595/649 1122/2594/649 1125/2593/649
f 1127/2600/650 1124/2599/650 1123/2598/650 1128/2597/650
o cube
v 5.721438623161106 0.742218592730131 0.3778254421921189
v 5.720489107724369 0.7313655816259479 0.2533011049306507
v 5.656320556536007 -0.0020843146494469167 0.4431922492528626
v 5.6553710410992695 -0.012937325753630269 0.31866791199139444
v 5.5959647704629 0.7422600494694052 0.2533011049306507
v 5.596914285899637 0.7531130605735883 0.3778254421921189
v 5.530846703837802 -0.0020428579101730016 0.31866791199139444
v 5.531796219274538 0.00881015319401035 0.4431922492528626
vt 0.234375 0.59375
vt 0.265625 0.59375
vt 0.265625 0.40625
vt 0.234375 0.40625
vt 0.265625 0.59375
vt 0.296875 0.59375
vt 0.296875 0.40625
vt 0.265625 0.40625
vt 0.296875 0.59375
vt 0.328125 0.59375
vt 0.328125 0.40625
vt 0.296875 0.40625
vt 0.328125 0.59375
vt 0.359375 0.59375
vt 0.359375 0.40625
vt 0.328125 0.40625
vt 0.65625 0.9375
vt 0.625 0.9375
vt 0.625 0.96875
vt 0.65625 0.96875
vt 0.09375 0.375
vt 0.0625 0.375
vt 0.0625 0.34375
vt 0.09375 0.34375
vn -0.007596123493895972 -0.08682408883346518 -0.9961946980917455
vn 0.9961946980917455 -0.0871557427476582 1.734723475976807e-18
vn 0.007596123493895972 0.08682408883346518 0.9961946980917455
vn -0.9961946980917455 0.0871557427476582 -1.734723475976807e-18
vn 0.08682408883346518 0.9924038765061041 -0.0871557427476582
vn -0.08682408883346518 -0.9924038765061041 0.0871557427476582
usemtl m_15387983-a611-e25d-df57-c0a5ce9cc78d
f 1132/2604/651 1135/2603/651 1133/2602/651 1130/2601/651
f 1131/2608/652 1132/2607/652 1130/2606/652 1129/2605/652
f 1136/2612/653 1131/2611/653 1129/2610/653 1134/2609/653
f 1135/2616/654 1136/2615/654 1134/2614/654 1133/2613/654
f 1134/2620/655 1129/2619/655 1130/2618/655 1133/2617/655
f 1135/2624/656 1132/2623/656 1131/2622/656 1136/2621/656
o cube
v 5.61008528645041 0.4685185839455105 0.3125
v 5.61008528645041 0.4685185839455105 -0.3125
v 5.599190818606953 0.3439942466840422 0.3125
v 5.599190818606953 0.3439942466840422 -0.3125
v 5.61008528645041 0.4685185839455105 -0.3125
v 5.61008528645041 0.4685185839455105 0.3125
v 5.599190818606953 0.3439942466840422 -0.3125
v 5.599190818606953 0.3439942466840422 0.3125
vt 0.484375 0.71875
vt 0.640625 0.71875
vt 0.640625 0.6875
vt 0.484375 0.6875
vn -0.9961946980917455 0.08715574274765818 0
usemtl m_15387983-a611-e25d-df57-c0a5ce9cc78d
f 1143/2628/657 1144/2627/657 1142/2626/657 1141/2625/657
o cube
v 5.688454036871659 0.18592627679321727 -0.22289885958809286
v 5.68964093116758 0.19949254067344602 -0.37855428116492806
v 5.669461267439338 -0.031162071192492924 -0.24196417831414307
v 5.670648161735259 -0.017595807312264178 -0.3976195998909783
v 5.533985509590744 0.2131106254777675 -0.37855428116492806
v 5.532798615294824 0.19954436159753874 -0.22289885958809286
v 5.514992740158424 -0.003977722507942705 -0.3976195998909783
v 5.513805845862503 -0.01754398638817145 -0.24196417831414307
vt 0.59375 0.859375
vt 0.625 0.859375
vt 0.625 0.8125
vt 0.59375 0.8125
vt 0.171875 0.40625
vt 0.203125 0.40625
vt 0.203125 0.359375
vt 0.171875 0.359375
vt 0.203125 0.40625
vt 0.234375 0.40625
vt 0.234375 0.359375
vt 0.203125 0.359375
vt 0.234375 0.40625
vt 0.265625 0.40625
vt 0.265625 0.359375
vt 0.234375 0.359375
vt 0.65625 0.9375
vt 0.625 0.9375
vt 0.625 0.90625
vt 0.65625 0.90625
vn 0.007596123493895972 0.08682408883346518 -0.9961946980917455
vn 0.9961946980917455 -0.0871557427476582 -1.734723475976807e-18
vn -0.007596123493895972 -0.08682408883346518 0.9961946980917455
vn -0.9961946980917455 0.0871557427476582 1.734723475976807e-18
vn -0.08682408883346518 -0.9924038765061041 -0.0871557427476582
usemtl m_15387983-a611-e25d-df57-c0a5ce9cc78d
f 1148/2632/658 1151/2631/658 1149/2630/658 1146/2629/658
f 1147/2636/659 1148/2635/659 1146/2634/659 1145/2633/659
f 1152/2640/660 1147/2639/660 1145/2638/660 1150/2637/660
f 1151/2644/661 1152/2643/661 1150/2642/661 1149/2641/661
f 1151/2648/662 1148/2647/662 1147/2646/662 1152/2645/662
o cube
v 5.690115688885949 0.2049190462255377 0.44081644979566215
v 5.688928794590027 0.19135278234530873 0.28516102821882694
v 5.6711229194536275 -0.012169301760172502 0.45988176852171236
v 5.669936025157707 -0.02573556564040147 0.30422634694487716
v 5.533273373013192 0.2049708671496302 0.28516102821882694
v 5.534460267309113 0.21853713102985917 0.44081644979566215
v 5.514280603580871 -0.012117480836079997 0.30422634694487716
v 5.515467497876792 0.0014487830441489713 0.45988176852171236
vt 0.265625 0.40625
vt 0.296875 0.40625
vt 0.296875 0.359375
vt 0.265625 0.359375
vt 0.296875 0.40625
vt 0.328125 0.40625
vt 0.328125 0.359375
vt 0.296875 0.359375
vt 0.328125 0.40625
vt 0.359375 0.40625
vt 0.359375 0.359375
vt 0.328125 0.359375
vt 0.59375 0.65625
vt 0.625 0.65625
vt 0.625 0.609375
vt 0.59375 0.609375
vt 0.65625 0.90625
vt 0.625 0.90625
vt 0.625 0.875
vt 0.65625 0.875
vn -0.007596123493895972 -0.08682408883346518 -0.9961946980917455
vn 0.9961946980917455 -0.0871557427476582 1.734723475976807e-18
vn 0.007596123493895972 0.08682408883346518 0.9961946980917455
vn -0.9961946980917455 0.0871557427476582 -1.734723475976807e-18
vn -0.08682408883346518 -0.9924038765061041 0.0871557427476582
usemtl m_15387983-a611-e25d-df57-c0a5ce9cc78d
f 1156/2652/663 1159/2651/663 1157/2650/663 1154/2649/663
f 1155/2656/664 1156/2655/664 1154/2654/664 1153/2653/664
f 1160/2660/665 1155/2659/665 1153/2658/665 1158/2657/665
f 1159/2664/666 1160/2663/666 1158/2662/666 1157/2661/666
f 1159/2668/667 1156/2667/667 1155/2666/667 1160/2665/667
o cube
v 6.465539732690887 0.21853713102985917 0.44081644979566215
v 6.466726626986808 0.2049708671496302 0.28516102821882694
v 6.484532502123208 0.0014487830441489713 0.45988176852171236
v 6.485719396419129 -0.012117480836079997 0.30422634694487716
v 6.311071205409973 0.19135278234530873 0.28516102821882694
v 6.309884311114051 0.2049190462255377 0.44081644979566215
v 6.330063974842293 -0.02573556564040147 0.30422634694487716
v 6.3288770805463725 -0.012169301760172502 0.45988176852171236
vt 0.59375 0.609375
vt 0.625 0.609375
vt 0.625 0.5625
vt 0.59375 0.5625
vt 0.59375 0.5625
vt 0.625 0.5625
vt 0.625 0.515625
vt 0.59375 0.515625
vt 0.59375 0.515625
vt 0.625 0.515625
vt 0.625 0.46875
vt 0.59375 0.46875
vt 0.359375 0.390625
vt 0.390625 0.390625
vt 0.390625 0.34375
vt 0.359375 0.34375
vt 0.65625 0.875
vt 0.625 0.875
vt 0.625 0.84375
vt 0.65625 0.84375
vn 0.007596123493895972 -0.08682408883346518 -0.9961946980917455
vn 0.9961946980917455 0.0871557427476582 -1.734723475976807e-18
vn -0.007596123493895972 0.08682408883346518 0.9961946980917455
vn -0.9961946980917455 -0.0871557427476582 1.734723475976807e-18
vn 0.08682408883346518 -0.9924038765061041 0.0871557427476582
usemtl m_15387983-a611-e25d-df57-c0a5ce9cc78d
f 1164/2672/668 1167/2671/668 1165/2670/668 1162/2669/668
f 1163/2676/669 1164/2675/669 1162/2674/669 1161/2673/669
f 1168/2680/670 1163/2679/670 1161/2678/670 1166/2677/670
f 1167/2684/671 1168/2683/671 1166/2682/671 1165/2681/671
f 1167/2688/672 1164/2687/672 1163/2686/672 1168/2685/672
o cube
v 6.467201384705176 0.19954436159753874 -0.22289885958809286
v 6.466014490409256 0.2131106254777675 -0.37855428116492806
v 6.486194154137497 -0.01754398638817145 -0.24196417831414307
v 6.485007259841576 -0.003977722507942705 -0.3976195998909783
v 6.31035906883242 0.19949254067344602 -0.37855428116492806
v 6.311545963128341 0.18592627679321727 -0.22289885958809286
v 6.329351838264741 -0.017595807312264178 -0.3976195998909783
v 6.330538732560662 -0.031162071192492924 -0.24196417831414307
vt 0.390625 0.390625
vt 0.421875 0.390625
vt 0.421875 0.34375
vt 0.390625 0.34375
vt 0.421875 0.390625
vt 0.453125 0.390625
vt 0.453125 0.34375
vt 0.421875 0.34375
vt 0.453125 0.390625
vt 0.484375 0.390625
vt 0.484375 0.34375
vt 0.453125 0.34375
vt 0.609375 0.46875
vt 0.640625 0.46875
vt 0.640625 0.421875
vt 0.609375 0.421875
vt 0.65625 0.84375
vt 0.625 0.84375
vt 0.625 0.8125
vt 0.65625 0.8125
vn -0.007596123493895972 0.08682408883346518 -0.9961946980917455
vn 0.9961946980917455 0.0871557427476582 1.734723475976807e-18
vn 0.007596123493895972 -0.08682408883346518 0.9961946980917455
vn -0.9961946980917455 -0.0871557427476582 -1.734723475976807e-18
vn 0.08682408883346518 -0.9924038765061041 -0.0871557427476582
usemtl m_15387983-a611-e25d-df57-c0a5ce9cc78d
f 1172/2692/673 1175/2691/673 1173/2690/673 1170/2689/673
f 1171/2696/674 1172/2695/674 1170/2694/674 1169/2693/674
f 1176/2700/675 1171/2699/675 1169/2698/675 1174/2697/675
f 1175/2704/676 1176/2703/676 1174/2702/676 1173/2701/676
f 1175/2708/677 1172/2707/677 1171/2706/677 1176/2705/677
o cube
v 6.403085714100363 0.7531130605735883 0.3778254421921189
v 6.4040352295371 0.7422600494694052 0.2533011049306507
v 6.468203780725462 0.00881015319401035 0.4431922492528626
v 6.469153296162198 -0.0020428579101730016 0.31866791199139444
v 6.279510892275631 0.7313655816259479 0.2533011049306507
v 6.278561376838894 0.742218592730131 0.3778254421921189
v 6.3446289589007305 -0.012937325753630269 0.31866791199139444
v 6.343679443463993 -0.0020843146494469167 0.4431922492528626
vt 0.359375 0.578125
vt 0.390625 0.578125
vt 0.390625 0.390625
vt 0.359375 0.390625
vt 0.390625 0.578125
vt 0.421875 0.578125
vt 0.421875 0.390625
vt 0.390625 0.390625
vt 0.421875 0.578125
vt 0.453125 0.578125
vt 0.453125 0.390625
vt 0.421875 0.390625
vt 0 0.5625
vt 0.03125 0.5625
vt 0.03125 0.375
vt 0 0.375
vt 0.65625 0.78125
vt 0.625 0.78125
vt 0.625 0.8125
vt 0.65625 0.8125
vt 0.65625 0.78125
vt 0.625 0.78125
vt 0.625 0.75
vt 0.65625 0.75
vn 0.007596123493895972 -0.08682408883346518 -0.9961946980917455
vn 0.9961946980917455 0.0871557427476582 -1.734723475976807e-18
vn -0.007596123493895972 0.08682408883346518 0.9961946980917455
vn -0.9961946980917455 -0.0871557427476582 1.734723475976807e-18
vn -0.08682408883346518 0.9924038765061041 -0.0871557427476582
vn 0.08682408883346518 -0.9924038765061041 0.0871557427476582
usemtl m_15387983-a611-e25d-df57-c0a5ce9cc78d
f 1180/2712/678 1183/2711/678 1181/2710/678 1178/2709/678
f 1179/2716/679 1180/2715/679 1178/2714/679 1177/2713/679
f 1184/2720/680 1179/2719/680 1177/2718/680 1182/2717/680
f 1183/2724/681 1184/2723/681 1182/2722/681 1181/2721/681
f 1182/2728/682 1177/2727/682 1178/2726/682 1181/2725/682
f 1183/2732/683 1180/2731/683 1179/2730/683 1184/2729/683
o cube
v 6.4040352295371 0.7422600494694052 -0.19080110493065072
v 6.403085714100363 0.7531130605735883 -0.3153254421921189
v 6.469153296162198 -0.0020428579101730016 -0.25616791199139444
v 6.468203780725462 0.00881015319401035 -0.3806922492528626
v 6.278561376838894 0.742218592730131 -0.3153254421921189
v 6.279510892275631 0.7313655816259479 -0.19080110493065072
v 6.343679443463993 -0.0020843146494469167 -0.3806922492528626
v 6.3446289589007305 -0.012937325753630269 -0.25616791199139444
vt 0.03125 0.5625
vt 0.0625 0.5625
vt 0.0625 0.375
vt 0.03125 0.375
vt 0.0625 0.5625
vt 0.09375 0.5625
vt 0.09375 0.375
vt 0.0625 0.375
vt 0.453125 1
vt 0.484375 1
vt 0.484375 0.8125
vt 0.453125 0.8125
vt 0.453125 0.578125
vt 0.484375 0.578125
vt 0.484375 0.390625
vt 0.453125 0.390625
vt 0.65625 0.71875
vt 0.625 0.71875
vt 0.625 0.75
vt 0.65625 0.75
vt 0.65625 0.65625
vt 0.625 0.65625
vt 0.625 0.625
vt 0.65625 0.625
vn -0.007596123493895972 0.08682408883346518 -0.9961946980917455
vn 0.9961946980917455 0.0871557427476582 1.734723475976807e-18
vn 0.007596123493895972 -0.08682408883346518 0.9961946980917455
vn -0.9961946980917455 -0.0871557427476582 -1.734723475976807e-18
vn -0.08682408883346518 0.9924038765061041 0.0871557427476582
vn 0.08682408883346518 -0.9924038765061041 -0.0871557427476582
usemtl m_15387983-a611-e25d-df57-c0a5ce9cc78d
f 1188/2736/684 1191/2735/684 1189/2734/684 1186/2733/684
f 1187/2740/685 1188/2739/685 1186/2738/685 1185/2737/685
f 1192/2744/686 1187/2743/686 1185/2742/686 1190/2741/686
f 1191/2748/687 1192/2747/687 1190/2746/687 1189/2745/687
f 1190/2752/688 1185/2751/688 1186/2750/688 1189/2749/688
f 1191/2756/689 1188/2755/689 1187/2754/689 1192/2753/689
o cube
v 6.38991471354959 0.4685185839455105 0.3125
v 6.38991471354959 0.4685185839455105 -0.3125
v 6.400809181393047 0.3439942466840422 0.3125
v 6.400809181393047 0.3439942466840422 -0.3125
v 6.38991471354959 0.4685185839455105 -0.3125
v 6.38991471354959 0.4685185839455105 0.3125
v 6.400809181393047 0.3439942466840422 -0.3125
v 6.400809181393047 0.3439942466840422 0.3125
vt 0.484375 0.6875
vt 0.640625 0.6875
vt 0.640625 0.65625
vt 0.484375 0.65625
vn 0.9961946980917455 0.08715574274765818 0
usemtl m_15387983-a611-e25d-df57-c0a5ce9cc78d
f 1195/2760/690 1196/2759/690 1194/2758/690 1193/2757/690
o cube
v 6.444591680170661 0.7399418430282911 0.453125
v 6.444591680170661 0.7399418430282911 -0.453125
v 6.452762531053255 0.6465485900821899 0.453125
v 6.452762531053255 0.6465485900821899 -0.453125
v 5.977625415440156 0.6990875886153263 -0.453125
v 5.977625415440156 0.6990875886153263 0.453125
v 5.985796266322748 0.6056943356692253 -0.453125
v 5.985796266322748 0.6056943356692253 0.453125
vt 0.625 0.5625
vt 0.734375 0.5625
vt 0.734375 0.546875
vt 0.625 0.546875
vt 0.625 0.609375
vt 0.84375 0.609375
vt 0.84375 0.59375
vt 0.625 0.59375
vt 0.625 0.546875
vt 0.734375 0.546875
vt 0.734375 0.53125
vt 0.625 0.53125
vn 0 0 -1
vn 0.9961946980917455 0.08715574274765818 0
vn 0 0 1
usemtl m_15387983-a611-e25d-df57-c0a5ce9cc78d
f 1204/2764/691 1207/2763/691 1205/2762/691 1202/2761/691
f 1203/2768/692 1204/2767/692 1202/2766/692 1201/2765/692
f 1208/2772/693 1203/2771/693 1201/2770/693 1206/2769/693
o cube
v 6.022374584559845 0.6990875886153263 0.453125
v 6.022374584559845 0.6990875886153263 -0.453125
v 6.014203733677252 0.6056943356692253 0.453125
v 6.014203733677252 0.6056943356692253 -0.453125
v 5.555408319829339 0.7399418430282911 -0.453125
v 5.555408319829339 0.7399418430282911 0.453125
v 5.547237468946746 0.6465485900821901 -0.453125
v 5.547237468946746 0.6465485900821901 0.453125
vt 0.625 0.59375
vt 0.734375 0.59375
vt 0.734375 0.578125
vt 0.625 0.578125
vt 0.625 0.578125
vt 0.734375 0.578125
vt 0.734375 0.5625
vt 0.625 0.5625
vt 0.625 0.625
vt 0.84375 0.625
vt 0.84375 0.609375
vt 0.625 0.609375
vn 0 0 -1
vn 0 0 1
vn -0.9961946980917455 0.08715574274765818 0
usemtl m_15387983-a611-e25d-df57-c0a5ce9cc78d
f 1212/2776/694 1215/2775/694 1213/2774/694 1210/2773/694
f 1216/2780/695 1211/2779/695 1209/2778/695 1214/2777/695
f 1215/2784/696 1216/2783/696 1214/2782/696 1213/2781/696
o cube
v 7.6875 0.7370349908752905 -0.20446470036814618
v 7.6875 0.7587410130836567 -0.3275656694946722
v 7.6875 -0.0015708238838655908 -0.3347008336183439
v 7.6875 0.020135198324500725 -0.4578018027448699
v 7.5625 0.7587410130836567 -0.3275656694946722
v 7.5625 0.7370349908752905 -0.20446470036814618
v 7.5625 0.020135198324500725 -0.4578018027448699
v 7.5625 -0.0015708238838655908 -0.3347008336183439
vt 0.21875 0.5625
vt 0.25 0.5625
vt 0.25 0.375
vt 0.21875 0.375
vt 0.25 0.5625
vt 0.28125 0.5625
vt 0.28125 0.375
vt 0.25 0.375
vt 0.28125 0.5625
vt 0.3125 0.5625
vt 0.3125 0.375
vt 0.28125 0.375
vt 0.3125 0.5625
vt 0.34375 0.5625
vt 0.34375 0.375
vt 0.3125 0.375
vt 0.671875 0.84375
vt 0.640625 0.84375
vt 0.640625 0.875
vt 0.671875 0.875
vt 0.1875 0.359375
vt 0.15625 0.359375
vt 0.15625 0.328125
vt 0.1875 0.328125
vn 0 0.17364817766693033 -0.984807753012208
vn 1 0 0
vn 0 -0.17364817766693033 0.984807753012208
vn -1 0 0
vn 0 0.984807753012208 0.17364817766693033
vn 0 -0.984807753012208 -0.17364817766693033
usemtl m_4d723a49-a23b-4e82-0300-ce90a1952f47
f 1220/2788/697 1223/2787/697 1221/2786/697 1218/2785/697
f 1219/2792/698 1220/2791/698 1218/2790/698 1217/2789/698
f 1224/2796/699 1219/2795/699 1217/2794/699 1222/2793/699
f 1223/2800/700 1224/2799/700 1222/2798/700 1221/2797/700
f 1222/2804/701 1217/2803/701 1218/2802/701 1221/2801/701
f 1223/2808/702 1220/2807/702 1219/2806/702 1224/2805/702
o cube
v 7.6875 0.125 0.34375
v 7.6875 0.125 -0.34375
v 7.6875 0 0.34375
v 7.6875 0 -0.34375
v 7.5625 0.125 -0.34375
v 7.5625 0.125 0.34375
v 7.5625 0 -0.34375
v 7.5625 0 0.34375
vt 0.640625 0.375
vt 0.671875 0.375
vt 0.671875 0.34375
vt 0.640625 0.34375
vt 0.4375 0.84375
vt 0.609375 0.84375
vt 0.609375 0.8125
vt 0.4375 0.8125
vt 0 0.53125
vt 0.171875 0.53125
vt 0.171875 0.5
vt 0 0.5
vt 0.203125 0.359375
vt 0.171875 0.359375
vt 0.171875 0.53125
vt 0.203125 0.53125
vt 0.5 0.59375
vt 0.46875 0.59375
vt 0.46875 0.421875
vt 0.5 0.421875
vn 0 0 -1
vn 1 0 0
vn -1 0 0
vn 0 1 0
vn 0 -1 0
usemtl m_4d723a49-a23b-4e82-0300-ce90a1952f47
f 1228/2812/703 1231/2811/703 1229/2810/703 1226/2809/703
f 1227/2816/704 1228/2815/704 1226/2814/704 1225/2813/704
f 1231/2820/705 1232/2819/705 1230/2818/705 1229/2817/705
f 1230/2824/706 1225/2823/706 1226/2822/706 1229/2821/706
f 1231/2828/707 1228/2827/707 1227/2826/707 1232/2825/707
o cube
v 8.4375 0.125 0.34375
v 8.4375 0.125 -0.34375
v 8.4375 0 0.34375
v 8.4375 0 -0.34375
v 8.3125 0.125 -0.34375
v 8.3125 0.125 0.34375
v 8.3125 0 -0.34375
v 8.3125 0 0.34375
vt 0.65625 1
vt 0.6875 1
vt 0.6875 0.96875
vt 0.65625 0.96875
vt 0 0.5
vt 0.171875 0.5
vt 0.171875 0.46875
vt 0 0.46875
vt 0.5 0.8125
vt 0.671875 0.8125
vt 0.671875 0.78125
vt 0.5 0.78125
vt 0.53125 0.609375
vt 0.5 0.609375
vt 0.5 0.78125
vt 0.53125 0.78125
vt 0.53125 0.609375
vt 0.5 0.609375
vt 0.5 0.4375
vt 0.53125 0.4375
vn 0 0 -1
vn 1 0 0
vn -1 0 0
vn 0 1 0
vn 0 -1 0
usemtl m_4d723a49-a23b-4e82-0300-ce90a1952f47
f 1236/2832/708 1239/2831/708 1237/2830/708 1234/2829/708
f 1235/2836/709 1236/2835/709 1234/2834/709 1233/2833/709
f 1239/2840/710 1240/2839/710 1238/2838/710 1237/2837/710
f 1238/2844/711 1233/2843/711 1234/2842/711 1237/2841/711
f 1239/2848/712 1236/2847/712 1235/2846/712 1240/2845/712
o cube
v 8.4375 0.7370349908752905 -0.20446470036814618
v 8.4375 0.7587410130836567 -0.3275656694946722
v 8.4375 -0.0015708238838655908 -0.3347008336183439
v 8.4375 0.020135198324500725 -0.4578018027448699
v 8.3125 0.7587410130836567 -0.3275656694946722
v 8.3125 0.7370349908752905 -0.20446470036814618
v 8.3125 0.020135198324500725 -0.4578018027448699
v 8.3125 -0.0015708238838655908 -0.3347008336183439
vt 0.34375 0.5625
vt 0.375 0.5625
vt 0.375 0.375
vt 0.34375 0.375
vt 0.375 0.5625
vt 0.40625 0.5625
vt 0.40625 0.375
vt 0.375 0.375
vt 0.40625 0.5625
vt 0.4375 0.5625
vt 0.4375 0.375
vt 0.40625 0.375
vt 0.4375 0.59375
vt 0.46875 0.59375
vt 0.46875 0.40625
vt 0.4375 0.40625
vt 0.6875 0.9375
vt 0.65625 0.9375
vt 0.65625 0.96875
vt 0.6875 0.96875
vt 0.6875 0.9375
vt 0.65625 0.9375
vt 0.65625 0.90625
vt 0.6875 0.90625
vn 0 0.17364817766693033 -0.984807753012208
vn 1 0 0
vn 0 -0.17364817766693033 0.984807753012208
vn -1 0 0
vn 0 0.984807753012208 0.17364817766693033
vn 0 -0.984807753012208 -0.17364817766693033
usemtl m_4d723a49-a23b-4e82-0300-ce90a1952f47
f 1244/2852/713 1247/2851/713 1245/2850/713 1242/2849/713
f 1243/2856/714 1244/2855/714 1242/2854/714 1241/2853/714
f 1248/2860/715 1243/2859/715 1241/2858/715 1246/2857/715
f 1247/2864/716 1248/2863/716 1246/2862/716 1245/2861/716
f 1246/2868/717 1241/2867/717 1242/2866/717 1245/2865/717
f 1247/2872/718 1244/2871/718 1243/2870/718 1248/2869/718
o cube
v 8.4375 0.125 0.46875
v 8.4375 0.125 0.34375
v 8.4375 0 0.46875
v 8.4375 0 0.34375
v 7.5625 0.125 0.34375
v 7.5625 0.125 0.46875
v 7.5625 0 0.34375
v 7.5625 0 0.46875
vt 0 0.59375
vt 0.21875 0.59375
vt 0.21875 0.5625
vt 0 0.5625
vt 0.234375 0.34375
vt 0.265625 0.34375
vt 0.265625 0.3125
vt 0.234375 0.3125
vt 0.21875 0.59375
vt 0.4375 0.59375
vt 0.4375 0.5625
vt 0.21875 0.5625
vt 0.265625 0.34375
vt 0.296875 0.34375
vt 0.296875 0.3125
vt 0.265625 0.3125
vt 0.21875 0.53125
vt 0 0.53125
vt 0 0.5625
vt 0.21875 0.5625
vt 0.65625 1
vt 0.4375 1
vt 0.4375 0.96875
vt 0.65625 0.96875
vn 0 0 -1
vn 1 0 0
vn 0 0 1
vn -1 0 0
vn 0 1 0
vn 0 -1 0
usemtl m_4d723a49-a23b-4e82-0300-ce90a1952f47
f 1252/2876/719 1255/2875/719 1253/2874/719 1250/2873/719
f 1251/2880/720 1252/2879/720 1250/2878/720 1249/2877/720
f 1256/2884/721 1251/2883/721 1249/2882/721 1254/2881/721
f 1255/2888/722 1256/2887/722 1254/2886/722 1253/2885/722
f 1254/2892/723 1249/2891/723 1250/2890/723 1253/2889/723
f 1255/2896/724 1252/2895/724 1251/2894/724 1256/2893/724
o cube
v 8.424940712571683 0.7852766610209096 0.375
v 8.424940712571683 0.7852766610209096 -0.4375
v 8.43583518041514 0.6607523237594415 0.375
v 8.43583518041514 0.6607523237594415 -0.4375
v 7.989105532156543 0.747146023568809 -0.4375
v 7.989105532156543 0.747146023568809 0.375
v 8 0.6226216863073408 -0.4375
v 8 0.6226216863073408 0.375
vt 0.59375 0.5
vt 0.703125 0.5
vt 0.703125 0.46875
vt 0.59375 0.46875
vt 0.4375 0.90625
vt 0.640625 0.90625
vt 0.640625 0.875
vt 0.4375 0.875
vt 0.59375 0.46875
vt 0.703125 0.46875
vt 0.703125 0.4375
vt 0.59375 0.4375
vt 0.109375 0.796875
vt 0 0.796875
vt 0 1
vt 0.109375 1
vt 0.21875 1
vt 0.109375 1
vt 0.109375 0.796875
vt 0.21875 0.796875
vn 0 0 -1
vn 0.9961946980917455 0.08715574274765818 0
vn 0 0 1
vn -0.08715574274765818 0.9961946980917455 0
vn 0.08715574274765818 -0.9961946980917455 0
usemtl m_4d723a49-a23b-4e82-0300-ce90a1952f47
f 1260/2900/725 1263/2899/725 1261/2898/725 1258/2897/725
f 1259/2904/726 1260/2903/726 1258/2902/726 1257/2901/726
f 1264/2908/727 1259/2907/727 1257/2906/727 1262/2905/727
f 1262/2912/728 1257/2911/728 1258/2910/728 1261/2909/728
f 1263/2916/729 1260/2915/729 1259/2914/729 1264/2913/729
o cube
v 8.009201732779646 0.7457256502010841 0.3734375
v 8.009201732779646 0.7457256502010841 -0.4359375
v 7.998579626632274 0.6243144213711527 0.3734375
v 7.998579626632274 0.6243144213711527 -0.4359375
v 7.5764796607960445 0.783583925957098 -0.4359375
v 7.5764796607960445 0.783583925957098 0.3734375
v 7.565857554648673 0.6621726971271666 -0.4359375
v 7.565857554648673 0.6621726971271666 0.3734375
vt 0.5625 0.40625
vt 0.671875 0.40625
vt 0.671875 0.375
vt 0.5625 0.375
vt 0.59375 0.4375
vt 0.703125 0.4375
vt 0.703125 0.40625
vt 0.59375 0.40625
vt 0.4375 0.875
vt 0.640625 0.875
vt 0.640625 0.84375
vt 0.4375 0.84375
vt 0.109375 0.59375
vt 0 0.59375
vt 0 0.796875
vt 0.109375 0.796875
vt 0.21875 0.796875
vt 0.109375 0.796875
vt 0.109375 0.59375
vt 0.21875 0.59375
vn 0 0 -1
vn 0 0 1
vn -0.9961946980917455 0.08715574274765818 0
vn 0.08715574274765818 0.9961946980917455 0
vn -0.08715574274765818 -0.9961946980917455 0
usemtl m_4d723a49-a23b-4e82-0300-ce90a1952f47
f 1268/2920/730 1271/2919/730 1269/2918/730 1266/2917/730
f 1272/2924/731 1267/2923/731 1265/2922/731 1270/2921/731
f 1271/2928/732 1272/2927/732 1270/2926/732 1269/2925/732
f 1270/2932/733 1265/2931/733 1266/2930/733 1269/2929/733
f 1271/2936/734 1268/2935/734 1267/2934/734 1272/2933/734
o cube
v 8.4359375 0.6859375000000001 0.3734375
v 8.4359375 0.6859375000000001 -0.24843749999999998
v 8.4359375 0.5640624999999999 0.3734375
v 8.4359375 0.5640624999999999 -0.24843749999999998
v 8.3140625 0.6859375000000001 -0.24843749999999998
v 8.3140625 0.6859375000000001 0.3734375
v 8.3140625 0.5640624999999999 -0.24843749999999998
v 8.3140625 0.5640624999999999 0.3734375
vt 0.5625 0.34375
vt 0.59375 0.34375
vt 0.59375 0.3125
vt 0.5625 0.3125
vt 0 0.46875
vt 0.15625 0.46875
vt 0.15625 0.4375
vt 0 0.4375
vt 0.59375 0.34375
vt 0.625 0.34375
vt 0.625 0.3125
vt 0.59375 0.3125
vt 0.53125 0.78125
vt 0.6875 0.78125
vt 0.6875 0.75
vt 0.53125 0.75
vt 0.5625 0.59375
vt 0.53125 0.59375
vt 0.53125 0.75
vt 0.5625 0.75
vt 0.5625 0.59375
vt 0.53125 0.59375
vt 0.53125 0.4375
vt 0.5625 0.4375
vn 0 0 -1
vn 1 0 0
vn 0 0 1
vn -1 0 0
vn 0 1 0
vn 0 -1 0
usemtl m_4d723a49-a23b-4e82-0300-ce90a1952f47
f 1276/2940/735 1279/2939/735 1277/2938/735 1274/2937/735
f 1275/2944/736 1276/2943/736 1274/2942/736 1273/2941/736
f 1280/2948/737 1275/2947/737 1273/2946/737 1278/2945/737
f 1279/2952/738 1280/2951/738 1278/2950/738 1277/2949/738
f 1278/2956/739 1273/2955/739 1274/2954/739 1277/2953/739
f 1279/2960/740 1276/2959/740 1275/2958/740 1280/2957/740
o cube
v 7.6859375 0.6859375000000001 0.3734375
v 7.6859375 0.6859375000000001 -0.24843749999999998
v 7.6859375 0.5640624999999999 0.3734375
v 7.6859375 0.5640624999999999 -0.24843749999999998
v 7.5640625 0.6859375000000001 -0.24843749999999998
v 7.5640625 0.6859375000000001 0.3734375
v 7.5640625 0.5640624999999999 -0.24843749999999998
v 7.5640625 0.5640624999999999 0.3734375
vt 0.625 0.34375
vt 0.65625 0.34375
vt 0.65625 0.3125
vt 0.625 0.3125
vt 0 0.4375
vt 0.15625 0.4375
vt 0.15625 0.40625
vt 0 0.40625
vt 0.65625 0.34375
vt 0.6875 0.34375
vt 0.6875 0.3125
vt 0.65625 0.3125
vt 0.5625 0.75
vt 0.71875 0.75
vt 0.71875 0.71875
vt 0.5625 0.71875
vt 0.59375 0.5625
vt 0.5625 0.5625
vt 0.5625 0.71875
vt 0.59375 0.71875
vt 0.59375 0.5625
vt 0.5625 0.5625
vt 0.5625 0.40625
vt 0.59375 0.40625
vn 0 0 -1
vn 1 0 0
vn 0 0 1
vn -1 0 0
vn 0 1 0
vn 0 -1 0
usemtl m_4d723a49-a23b-4e82-0300-ce90a1952f47
f 1284/2964/741 1287/2963/741 1285/2962/741 1282/2961/741
f 1283/2968/742 1284/2967/742 1282/2966/742 1281/2965/742
f 1288/2972/743 1283/2971/743 1281/2970/743 1286/2969/743
f 1287/2976/744 1288/2975/744 1286/2974/744 1285/2973/744
f 1286/2980/745 1281/2979/745 1282/2978/745 1285/2977/745
f 1287/2984/746 1284/2983/746 1283/2982/746 1288/2981/746
o cube
v 7.570370099745006 1.1044204173954768 0.12656250000000002
v 7.570370099745006 1.1044204173954768 -0.4390625
v 7.627883203191965 0.6675650253526417 0.12656250000000002
v 7.627883203191965 0.6675650253526417 -0.4390625
v 7.443341226881485 1.0876967490172826 -0.4390625
v 7.443341226881485 1.0876967490172826 0.12656250000000002
v 7.500854330328446 0.6508413569744476 -0.4390625
v 7.500854330328446 0.6508413569744476 0.12656250000000002
vt 0.4375 0.40625
vt 0.46875 0.40625
vt 0.46875 0.296875
vt 0.4375 0.296875
vt 0.21875 0.8125
vt 0.359375 0.8125
vt 0.359375 0.703125
vt 0.21875 0.703125
vt 0.03125 0.375
vt 0.0625 0.375
vt 0.0625 0.265625
vt 0.03125 0.265625
vt 0.21875 0.703125
vt 0.359375 0.703125
vt 0.359375 0.59375
vt 0.21875 0.59375
vt 0.53125 0.296875
vt 0.5 0.296875
vt 0.5 0.4375
vt 0.53125 0.4375
vt 0.5625 0.4375
vt 0.53125 0.4375
vt 0.53125 0.296875
vt 0.5625 0.296875
vn 0 0 -1
vn 0.9914448613738104 0.13052619222005157 0
vn 0 0 1
vn -0.9914448613738104 -0.13052619222005157 0
vn -0.13052619222005157 0.9914448613738104 0
vn 0.13052619222005157 -0.9914448613738104 0
usemtl m_4d723a49-a23b-4e82-0300-ce90a1952f47
f 1292/2988/747 1295/2987/747 1293/2986/747 1290/2985/747
f 1291/2992/748 1292/2991/748 1290/2990/748 1289/2989/748
f 1296/2996/749 1291/2995/749 1289/2994/749 1294/2993/749
f 1295/3000/750 1296/2999/750 1294/2998/750 1293/2997/750
f 1294/3004/751 1289/3003/751 1290/3002/751 1293/3001/751
f 1295/3008/752 1292/3007/752 1291/3006/752 1296/3005/752
o cube
v 8.556658773118516 1.0876967490172826 0.12656250000000002
v 8.556658773118516 1.0876967490172826 -0.4390625
v 8.499145669671554 0.6508413569744476 0.12656250000000002
v 8.499145669671554 0.6508413569744476 -0.4390625
v 8.429629900254994 1.1044204173954768 -0.4390625
v 8.429629900254994 1.1044204173954768 0.12656250000000002
v 8.372116796808035 0.6675650253526417 -0.4390625
v 8.372116796808035 0.6675650253526417 0.12656250000000002
vt 0.0625 0.375
vt 0.09375 0.375
vt 0.09375 0.265625
vt 0.0625 0.265625
vt 0.359375 0.8125
vt 0.5 0.8125
vt 0.5 0.703125
vt 0.359375 0.703125
vt 0.09375 0.375
vt 0.125 0.375
vt 0.125 0.265625
vt 0.09375 0.265625
vt 0.359375 0.703125
vt 0.5 0.703125
vt 0.5 0.59375
vt 0.359375 0.59375
vt 0.5 0.28125
vt 0.46875 0.28125
vt 0.46875 0.421875
vt 0.5 0.421875
vt 0.03125 0.40625
vt 0 0.40625
vt 0 0.265625
vt 0.03125 0.265625
vn 0 0 -1
vn 0.9914448613738104 -0.13052619222005157 0
vn 0 0 1
vn -0.9914448613738104 0.13052619222005157 0
vn 0.13052619222005157 0.9914448613738104 0
vn -0.13052619222005157 -0.9914448613738104 0
usemtl m_4d723a49-a23b-4e82-0300-ce90a1952f47
f 1300/3012/753 1303/3011/753 1301/3010/753 1298/3009/753
f 1299/3016/754 1300/3015/754 1298/3014/754 1297/3013/754
f 1304/3020/755 1299/3019/755 1297/3018/755 1302/3017/755
f 1303/3024/756 1304/3023/756 1302/3022/756 1301/3021/756
f 1302/3028/757 1297/3027/757 1298/3026/757 1301/3025/757
f 1303/3032/758 1300/3031/758 1299/3030/758 1304/3029/758
o cube
v 7.5690249143244515 1.1026673376242364 0.4375
v 7.5690249143244515 1.1026673376242364 0.125
v 7.585340688351959 0.97873672995251 0.4375
v 7.585340688351959 0.97873672995251 0.125
v 7.4450943066527255 1.08635156359673 0.125
v 7.4450943066527255 1.08635156359673 0.4375
v 7.461410080680232 0.9624209559250037 0.125
v 7.461410080680232 0.9624209559250037 0.4375
vt 0.609375 0.84375
vt 0.6875 0.84375
vt 0.6875 0.8125
vt 0.609375 0.8125
vt 0.234375 0.375
vt 0.3125 0.375
vt 0.3125 0.34375
vt 0.234375 0.34375
vt 0.34375 0.296875
vt 0.3125 0.296875
vt 0.3125 0.375
vt 0.34375 0.375
vt 0.375 0.375
vt 0.34375 0.375
vt 0.34375 0.296875
vt 0.375 0.296875
vn 0.9914448613738104 0.13052619222005157 0
vn -0.9914448613738104 -0.13052619222005157 0
vn -0.13052619222005157 0.9914448613738104 0
vn 0.13052619222005157 -0.9914448613738104 0
usemtl m_4d723a49-a23b-4e82-0300-ce90a1952f47
f 1307/3036/759 1308/3035/759 1306/3034/759 1305/3033/759
f 1311/3040/760 1312/3039/760 1310/3038/760 1309/3037/760
f 1310/3044/761 1305/3043/761 1306/3042/761 1309/3041/761
f 1311/3048/762 1308/3047/762 1307/3046/762 1312/3045/762
o cube
v 8.554905693347274 1.08635156359673 0.4375
v 8.554905693347274 1.08635156359673 0.125
v 8.538589919319767 0.9624209559250037 0.4375
v 8.538589919319767 0.9624209559250037 0.125
v 8.430975085675549 1.1026673376242364 0.125
v 8.430975085675549 1.1026673376242364 0.4375
v 8.414659311648041 0.97873672995251 0.125
v 8.414659311648041 0.97873672995251 0.4375
vt 0.5625 0.375
vt 0.640625 0.375
vt 0.640625 0.34375
vt 0.5625 0.34375
vt 0.640625 0.90625
vt 0.71875 0.90625
vt 0.71875 0.875
vt 0.640625 0.875
vt 0.40625 0.296875
vt 0.375 0.296875
vt 0.375 0.375
vt 0.40625 0.375
vt 0.4375 0.375
vt 0.40625 0.375
vt 0.40625 0.296875
vt 0.4375 0.296875
vn 0.9914448613738104 -0.13052619222005157 0
vn -0.9914448613738104 0.13052619222005157 0
vn 0.13052619222005157 0.9914448613738104 0
vn -0.13052619222005157 -0.9914448613738104 0
usemtl m_4d723a49-a23b-4e82-0300-ce90a1952f47
f 1315/3052/763 1316/3051/763 1314/3050/763 1313/3049/763
f 1319/3056/764 1320/3055/764 1318/3054/764 1317/3053/764
f 1318/3060/765 1313/3059/765 1314/3058/765 1317/3057/765
f 1319/3064/766 1316/3063/766 1315/3062/766 1320/3061/766
o cube
v 8.002782041175495 1.1597725467205091 0.5625
v 8.002782041175495 1.1597725467205091 0.4375
v 8.019097815203 1.0358419390487827 0.5625
v 8.019097815203 1.0358419390487827 0.4375
v 7.4450943066527255 1.08635156359673 0.4375
v 7.4450943066527255 1.08635156359673 0.5625
v 7.461410080680232 0.9624209559250037 0.4375
v 7.461410080680232 0.9624209559250037 0.5625
vt 0.03125 0.40625
vt 0.171875 0.40625
vt 0.171875 0.375
vt 0.03125 0.375
vt 0.671875 0.875
vt 0.703125 0.875
vt 0.703125 0.84375
vt 0.671875 0.84375
vt 0.59375 0.71875
vt 0.734375 0.71875
vt 0.734375 0.6875
vt 0.59375 0.6875
vt 0.15625 0.328125
vt 0.1875 0.328125
vt 0.1875 0.296875
vt 0.15625 0.296875
vt 0.734375 0.65625
vt 0.59375 0.65625
vt 0.59375 0.6875
vt 0.734375 0.6875
vt 0.734375 0.65625
vt 0.59375 0.65625
vt 0.59375 0.625
vt 0.734375 0.625
vn 0 0 -1
vn 0.9914448613738104 0.13052619222005157 0
vn 0 0 1
vn -0.9914448613738104 -0.13052619222005157 0
vn -0.13052619222005157 0.9914448613738104 0
vn 0.13052619222005157 -0.9914448613738104 0
usemtl m_4d723a49-a23b-4e82-0300-ce90a1952f47
f 1324/3068/767 1327/3067/767 1325/3066/767 1322/3065/767
f 1323/3072/768 1324/3071/768 1322/3070/768 1321/3069/768
f 1328/3076/769 1323/3075/769 1321/3074/769 1326/3073/769
f 1327/3080/770 1328/3079/770 1326/3078/770 1325/3077/770
f 1326/3084/771 1321/3083/771 1322/3082/771 1325/3081/771
f 1327/3088/772 1324/3087/772 1323/3086/772 1328/3085/772
o cube
v 8.554905693347274 1.08635156359673 0.5625
v 8.554905693347274 1.08635156359673 0.4375
v 8.538589919319767 0.9624209559250037 0.5625
v 8.538589919319767 0.9624209559250037 0.4375
v 7.997217958824507 1.1597725467205091 0.4375
v 7.997217958824507 1.1597725467205091 0.5625
v 7.980902184796999 1.0358419390487827 0.4375
v 7.980902184796999 1.0358419390487827 0.5625
vt 0.59375 0.625
vt 0.734375 0.625
vt 0.734375 0.59375
vt 0.59375 0.59375
vt 0.671875 0.8125
vt 0.703125 0.8125
vt 0.703125 0.78125
vt 0.671875 0.78125
vt 0.59375 0.59375
vt 0.734375 0.59375
vt 0.734375 0.5625
vt 0.59375 0.5625
vt 0.671875 0.40625
vt 0.703125 0.40625
vt 0.703125 0.375
vt 0.671875 0.375
vt 0.734375 0.53125
vt 0.59375 0.53125
vt 0.59375 0.5625
vt 0.734375 0.5625
vt 0.734375 0.53125
vt 0.59375 0.53125
vt 0.59375 0.5
vt 0.734375 0.5
vn 0 0 -1
vn 0.9914448613738104 -0.13052619222005157 0
vn 0 0 1
vn -0.9914448613738104 0.13052619222005157 0
vn 0.13052619222005157 0.9914448613738104 0
vn -0.13052619222005157 -0.9914448613738104 0
usemtl m_4d723a49-a23b-4e82-0300-ce90a1952f47
f 1332/3092/773 1335/3091/773 1333/3090/773 1330/3089/773
f 1331/3096/774 1332/3095/774 1330/3094/774 1329/3093/774
f 1336/3100/775 1331/3099/775 1329/3098/775 1334/3097/775
f 1335/3104/776 1336/3103/776 1334/3102/776 1333/3101/776
f 1334/3108/777 1329/3107/777 1330/3106/777 1333/3105/777
f 1335/3112/778 1332/3111/778 1331/3110/778 1336/3109/778
o cube
v 8.4375 1.2273444623548968 0.508953980230709
v 8.4375 1.249050484563263 0.38585301110418313
v 8.4375 0.8580415549753186 0.44383591360561025
v 8.4375 0.8797475771836849 0.32073494447908435
v 7.5625 1.249050484563263 0.38585301110418313
v 7.5625 1.2273444623548968 0.508953980230709
v 7.5625 0.8797475771836849 0.32073494447908435
v 7.5625 0.8580415549753186 0.44383591360561025
vt 0.21875 1
vt 0.4375 1
vt 0.4375 0.90625
vt 0.21875 0.90625
vt 0.125 0.375
vt 0.15625 0.375
vt 0.15625 0.28125
vt 0.125 0.28125
vt 0.21875 0.90625
vt 0.4375 0.90625
vt 0.4375 0.8125
vt 0.21875 0.8125
vt 0.203125 0.375
vt 0.234375 0.375
vt 0.234375 0.28125
vt 0.203125 0.28125
vt 0.65625 0.9375
vt 0.4375 0.9375
vt 0.4375 0.96875
vt 0.65625 0.96875
vt 0.65625 0.9375
vt 0.4375 0.9375
vt 0.4375 0.90625
vt 0.65625 0.90625
vn 0 0.17364817766693033 -0.984807753012208
vn 1 0 0
vn 0 -0.17364817766693033 0.984807753012208
vn -1 0 0
vn 0 0.984807753012208 0.17364817766693033
vn 0 -0.984807753012208 -0.17364817766693033
usemtl m_4d723a49-a23b-4e82-0300-ce90a1952f47
f 1340/3116/779 1343/3115/779 1341/3114/779 1338/3113/779
f 1339/3120/780 1340/3119/780 1338/3118/780 1337/3117/780
f 1344/3124/781 1339/3123/781 1337/3122/781 1342/3121/781
f 1343/3128/782 1344/3127/782 1342/3126/782 1341/3125/782
f 1342/3132/783 1337/3131/783 1338/3130/783 1341/3129/783
f 1343/3136/784 1340/3135/784 1339/3134/784 1344/3133/784
o cube
v 10.016341701765187 1.0594081921995433 0.25
v 10.016341701765187 1.0594081921995433 -0.4375
v 10 0.8726216863073408 0.25
v 10 0.8726216863073408 -0.4375
v 9.518244352719314 1.1029860635733724 -0.4375
v 9.518244352719314 1.1029860635733724 0.25
v 9.501902650954127 0.9161995576811699 -0.4375
v 9.501902650954127 0.9161995576811699 0.25
vt 0.3125 0.5
vt 0.4375 0.5
vt 0.4375 0.453125
vt 0.3125 0.453125
vt 0.53125 1
vt 0.65625 1
vt 0.65625 0.953125
vt 0.53125 0.953125
vt 0 0.546875
vt 0.171875 0.546875
vt 0.171875 0.5
vt 0 0.5
vt 0.125 0.828125
vt 0 0.828125
vt 0 1
vt 0.125 1
vt 0.25 1
vt 0.125 1
vt 0.125 0.828125
vt 0.25 0.828125
vn 0 0 -1
vn 0 0 1
vn -0.9961946980917455 0.08715574274765818 0
vn 0.08715574274765818 0.9961946980917455 0
vn -0.08715574274765818 -0.9961946980917455 0
usemtl m_9976053a-dbb6-ff9f-6892-0bcc189600bc
f 1348/3140/785 1351/3139/785 1349/3138/785 1346/3137/785
f 1352/3144/786 1347/3143/786 1345/3142/786 1350/3141/786
f 1351/3148/787 1352/3147/787 1350/3146/787 1349/3145/787
f 1350/3152/788 1345/3151/788 1346/3150/788 1349/3149/788
f 1351/3156/789 1348/3155/789 1347/3154/789 1352/3153/789
o cube
v 10.481755647280687 1.1029860635733724 0.25
v 10.481755647280687 1.1029860635733724 -0.4375
v 10.498097349045873 0.9161995576811699 0.25
v 10.498097349045873 0.9161995576811699 -0.4375
v 9.983658298234815 1.0594081921995433 -0.4375
v 9.983658298234815 1.0594081921995433 0.25
v 10 0.8726216863073408 -0.4375
v 10 0.8726216863073408 0.25
vt 0.53125 0.953125
vt 0.65625 0.953125
vt 0.65625 0.90625
vt 0.53125 0.90625
vt 0.3125 0.546875
vt 0.484375 0.546875
vt 0.484375 0.5
vt 0.3125 0.5
vt 0.53125 0.90625
vt 0.65625 0.90625
vt 0.65625 0.859375
vt 0.53125 0.859375
vt 0.125 0.65625
vt 0 0.65625
vt 0 0.828125
vt 0.125 0.828125
vt 0.25 0.828125
vt 0.125 0.828125
vt 0.125 0.65625
vt 0.25 0.65625
vn 0 0 -1
vn 0.9961946980917455 0.08715574274765818 0
vn 0 0 1
vn -0.08715574274765818 0.9961946980917455 0
vn 0.08715574274765818 -0.9961946980917455 0
usemtl m_9976053a-dbb6-ff9f-6892-0bcc189600bc
f 1356/3160/790 1359/3159/790 1357/3158/790 1354/3157/790
f 1355/3164/791 1356/3163/791 1354/3162/791 1353/3161/791
f 1360/3168/792 1355/3167/792 1353/3166/792 1358/3165/792
f 1358/3172/793 1353/3171/793 1354/3170/793 1357/3169/793
f 1359/3176/794 1356/3175/794 1355/3174/794 1360/3173/794
o cube
v 9.765625 0.953125 0.265625
v 9.765625 0.953125 -0.390625
v 9.765625 0.859375 0.265625
v 9.765625 0.859375 -0.390625
v 9.546875 0.953125 -0.390625
v 9.546875 0.953125 0.265625
v 9.546875 0.859375 -0.390625
v 9.546875 0.859375 0.265625
vt 0.3125 0.5625
vt 0.359375 0.5625
vt 0.359375 0.546875
vt 0.3125 0.546875
vt 0.53125 0.859375
vt 0.6875 0.859375
vt 0.6875 0.84375
vt 0.53125 0.84375
vt 0.6875 0.859375
vt 0.734375 0.859375
vt 0.734375 0.84375
vt 0.6875 0.84375
vt 0.65625 0.9375
vt 0.8125 0.9375
vt 0.8125 0.921875
vt 0.65625 0.921875
vt 0.21875 0.390625
vt 0.171875 0.390625
vt 0.171875 0.546875
vt 0.21875 0.546875
vt 0.515625 0.78125
vt 0.46875 0.78125
vt 0.46875 0.625
vt 0.515625 0.625
vn 0 0 -1
vn 1 0 0
vn 0 0 1
vn -1 0 0
vn 0 1 0
vn 0 -1 0
usemtl m_9976053a-dbb6-ff9f-6892-0bcc189600bc
f 1364/3180/795 1367/3179/795 1365/3178/795 1362/3177/795
f 1363/3184/796 1364/3183/796 1362/3182/796 1361/3181/796
f 1368/3188/797 1363/3187/797 1361/3186/797 1366/3185/797
f 1367/3192/798 1368/3191/798 1366/3190/798 1365/3189/798
f 1366/3196/799 1361/3195/799 1362/3194/799 1365/3193/799
f 1367/3200/800 1364/3199/800 1363/3198/800 1368/3197/800
o cube
v 9.709620629485295 0.8723087266412346 -0.35141245945621935
v 9.639882412903631 0.07519726361152912 -0.4925016038106004
v 9.707728824997627 0.8506853024005985 -0.22831149032969333
v 9.637990608415965 0.053573839370892884 -0.36940063468407436
v 9.515358075642164 0.08609173145498639 -0.4925016038106004
v 9.585096292223826 0.8832031944846919 -0.35141245945621935
v 9.513466271154496 0.06446830721435015 -0.36940063468407436
v 9.58320448773616 0.8615797702440557 -0.22831149032969333
vt 0.515625 0.78125
vt 0.71875 0.78125
vt 0.71875 0.75
vt 0.515625 0.75
vt 0.515625 0.75
vt 0.71875 0.75
vt 0.71875 0.71875
vt 0.515625 0.71875
vt 0.03125 0.296875
vt 0 0.296875
vt 0 0.5
vt 0.03125 0.5
vt 0.0625 0.5
vt 0.03125 0.5
vt 0.03125 0.296875
vt 0.0625 0.296875
vn 0.9961946980917455 -0.08715574274765815 -1.5612511283791267e-17
vn -0.9961946980917455 0.08715574274765815 1.5612511283791267e-17
vn 0.015134435901338648 0.17298739392508966 -0.9848077530122081
vn -0.015134435901338648 -0.17298739392508966 0.9848077530122081
usemtl m_9976053a-dbb6-ff9f-6892-0bcc189600bc
f 1371/3204/801 1372/3203/801 1370/3202/801 1369/3201/801
f 1375/3208/802 1376/3207/802 1374/3206/802 1373/3205/802
f 1374/3212/803 1369/3211/803 1370/3210/803 1373/3209/803
f 1375/3216/804 1372/3215/804 1371/3214/804 1376/3213/804
o cube
v 9.75 0.08152662399695643 0.541131189521479
v 9.75 0.9870820861429581 0.29848833473786585
v 9.75 0.049174243359141334 0.4203904612353455
v 9.75 0.9547297055051429 0.17774760645173227
v 9.5625 0.9870820861429581 0.29848833473786585
v 9.5625 0.08152662399695643 0.541131189521479
v 9.5625 0.9547297055051429 0.17774760645173227
v 9.5625 0.049174243359141334 0.4203904612353455
vt 0.46875 0.625
vt 0.703125 0.625
vt 0.703125 0.59375
vt 0.46875 0.59375
vt 0.46875 0.59375
vt 0.703125 0.59375
vt 0.703125 0.5625
vt 0.46875 0.5625
vt 0.421875 0.546875
vt 0.375 0.546875
vt 0.375 0.78125
vt 0.421875 0.78125
vt 0.46875 0.78125
vt 0.421875 0.78125
vt 0.421875 0.546875
vt 0.46875 0.546875
vn 1 0 0
vn -1 0 0
vn 0 0.25881904510252074 0.9659258262890683
vn 0 -0.25881904510252074 -0.9659258262890683
usemtl m_9976053a-dbb6-ff9f-6892-0bcc189600bc
f 1379/3220/805 1380/3219/805 1378/3218/805 1377/3217/805
f 1383/3224/806 1384/3223/806 1382/3222/806 1381/3221/806
f 1382/3228/807 1377/3227/807 1378/3226/807 1381/3225/807
f 1383/3232/808 1380/3231/808 1379/3230/808 1384/3229/808
o cube
v 9.66239002837051 0.15318371614480197 -0.4943229610711871
v 9.648978832874038 -0.00010694982244907614 -0.521455488831645
v 9.660025272760926 0.12615443584400676 -0.3404467496630297
v 9.646614077264452 -0.027136230123244287 -0.36757927742348756
v 9.493323411297201 0.013511134981872508 -0.521455488831645
v 9.506734606793675 0.16680180094912356 -0.4943229610711871
v 9.490958655687617 -0.013518145318922703 -0.36757927742348756
v 9.50436985118409 0.13977252064832835 -0.3404467496630297
vt 0.21875 0.59375
vt 0.25 0.59375
vt 0.25 0.5625
vt 0.21875 0.5625
vt 0.453125 0.3125
vt 0.484375 0.3125
vt 0.484375 0.28125
vt 0.453125 0.28125
vt 0.6875 0.34375
vt 0.71875 0.34375
vt 0.71875 0.3125
vt 0.6875 0.3125
vt 0.703125 0.28125
vt 0.671875 0.28125
vt 0.671875 0.3125
vt 0.703125 0.3125
vt 0.03125 0.296875
vt 0 0.296875
vt 0 0.265625
vt 0.03125 0.265625
vn -0.08583165117743129 -0.981060262190407 -0.17364817766693058
vn 0.9961946980917455 -0.08715574274765815 -1.5612511283791267e-17
vn -0.9961946980917455 0.08715574274765815 1.5612511283791267e-17
vn 0.015134435901338648 0.17298739392508966 -0.9848077530122081
vn -0.015134435901338648 -0.17298739392508966 0.9848077530122081
usemtl m_9976053a-dbb6-ff9f-6892-0bcc189600bc
f 1388/3236/809 1391/3235/809 1389/3234/809 1386/3233/809
f 1387/3240/810 1388/3239/810 1386/3238/810 1385/3237/810
f 1391/3244/811 1392/3243/811 1390/3242/811 1389/3241/811
f 1390/3248/812 1385/3247/812 1386/3246/812 1389/3245/812
f 1391/3252/813 1388/3251/813 1387/3250/813 1392/3249/813
o cube
v 9.765625 0.010107716397849908 0.5764440184558801
v 9.765625 0.22140399089858354 0.5198273523397039
v 9.765625 -0.030332759399418985 0.4255181080982132
v 9.765625 0.1809635151013147 0.3689014419820369
v 9.546875 0.22140399089858354 0.5198273523397039
v 9.546875 0.010107716397849908 0.5764440184558801
v 9.546875 0.1809635151013147 0.3689014419820369
v 9.546875 -0.030332759399418985 0.4255181080982132
vt 0.6875 0.53125
vt 0.734375 0.53125
vt 0.734375 0.5
vt 0.6875 0.5
vt 0.6875 0.5
vt 0.734375 0.5
vt 0.734375 0.46875
vt 0.6875 0.46875
vt 0.6875 0.4375
vt 0.734375 0.4375
vt 0.734375 0.40625
vt 0.6875 0.40625
vt 0.40625 0.296875
vt 0.359375 0.296875
vt 0.359375 0.34375
vt 0.40625 0.34375
vt 0.578125 0.34375
vt 0.53125 0.34375
vt 0.53125 0.296875
vt 0.578125 0.296875
vn 1 0 0
vn 0 -0.9659258262890683 0.25881904510252074
vn -1 0 0
vn 0 0.25881904510252074 0.9659258262890683
vn 0 -0.25881904510252074 -0.9659258262890683
usemtl m_9976053a-dbb6-ff9f-6892-0bcc189600bc
f 1395/3256/814 1396/3255/814 1394/3254/814 1393/3253/814
f 1400/3260/815 1395/3259/815 1393/3258/815 1398/3257/815
f 1399/3264/816 1400/3263/816 1398/3262/816 1397/3261/816
f 1398/3268/817 1393/3267/817 1394/3266/817 1397/3265/817
f 1399/3272/818 1396/3271/818 1395/3270/818 1400/3269/818
o cube
v 10.453125 0.953125 0.265625
v 10.453125 0.953125 -0.390625
v 10.453125 0.859375 0.265625
v 10.453125 0.859375 -0.390625
v 10.234375 0.953125 -0.390625
v 10.234375 0.953125 0.265625
v 10.234375 0.859375 -0.390625
v 10.234375 0.859375 0.265625
vt 0.703125 0.890625
vt 0.75 0.890625
vt 0.75 0.875
vt 0.703125 0.875
vt 0.65625 0.921875
vt 0.8125 0.921875
vt 0.8125 0.90625
vt 0.65625 0.90625
vt 0.703125 0.875
vt 0.75 0.875
vt 0.75 0.859375
vt 0.703125 0.859375
vt 0.65625 0.90625
vt 0.8125 0.90625
vt 0.8125 0.890625
vt 0.65625 0.890625
vt 0.53125 0.84375
vt 0.484375 0.84375
vt 0.484375 1
vt 0.53125 1
vt 0.53125 0.5625
vt 0.484375 0.5625
vt 0.484375 0.40625
vt 0.53125 0.40625
vn 0 0 -1
vn 1 0 0
vn 0 0 1
vn -1 0 0
vn 0 1 0
vn 0 -1 0
usemtl m_9976053a-dbb6-ff9f-6892-0bcc189600bc
f 1404/3276/819 1407/3275/819 1405/3274/819 1402/3273/819
f 1403/3280/820 1404/3279/820 1402/3278/820 1401/3277/820
f 1408/3284/821 1403/3283/821 1401/3282/821 1406/3281/821
f 1407/3288/822 1408/3287/822 1406/3286/822 1405/3285/822
f 1406/3292/823 1401/3291/823 1402/3290/823 1405/3289/823
f 1407/3296/824 1404/3295/824 1403/3294/824 1408/3293/824
o cube
v 10.453125 0.010107716397849908 0.5764440184558801
v 10.453125 0.22140399089858354 0.5198273523397039
v 10.453125 -0.030332759399418985 0.4255181080982132
v 10.453125 0.1809635151013147 0.3689014419820369
v 10.234375 0.22140399089858354 0.5198273523397039
v 10.234375 0.010107716397849908 0.5764440184558801
v 10.234375 0.1809635151013147 0.3689014419820369
v 10.234375 -0.030332759399418985 0.4255181080982132
vt 0.6875 0.40625
vt 0.734375 0.40625
vt 0.734375 0.375
vt 0.6875 0.375
vt 0.625 0.3125
vt 0.671875 0.3125
vt 0.671875 0.28125
vt 0.625 0.28125
vt 0.6875 0.375
vt 0.734375 0.375
vt 0.734375 0.34375
vt 0.6875 0.34375
vt 0.625 0.296875
vt 0.578125 0.296875
vt 0.578125 0.34375
vt 0.625 0.34375
vt 0.265625 0.328125
vt 0.21875 0.328125
vt 0.21875 0.28125
vt 0.265625 0.28125
vn 1 0 0
vn 0 -0.9659258262890683 0.25881904510252074
vn -1 0 0
vn 0 0.25881904510252074 0.9659258262890683
vn 0 -0.25881904510252074 -0.9659258262890683
usemtl m_9976053a-dbb6-ff9f-6892-0bcc189600bc
f 1411/3300/825 1412/3299/825 1410/3298/825 1409/3297/825
f 1416/3304/826 1411/3303/826 1409/3302/826 1414/3301/826
f 1415/3308/827 1416/3307/827 1414/3306/827 1413/3305/827
f 1414/3312/828 1409/3311/828 1410/3310/828 1413/3309/828
f 1415/3316/829 1412/3315/829 1411/3314/829 1416/3313/829
o cube
v 10.4375 0.08152662399695643 0.541131189521479
v 10.4375 0.9870820861429581 0.29848833473786585
v 10.4375 0.049174243359141334 0.4203904612353455
v 10.4375 0.9547297055051429 0.17774760645173227
v 10.25 0.9870820861429581 0.29848833473786585
v 10.25 0.08152662399695643 0.541131189521479
v 10.25 0.9547297055051429 0.17774760645173227
v 10.25 0.049174243359141334 0.4203904612353455
vt 0.484375 0.84375
vt 0.71875 0.84375
vt 0.71875 0.8125
vt 0.484375 0.8125
vt 0.484375 0.8125
vt 0.71875 0.8125
vt 0.71875 0.78125
vt 0.484375 0.78125
vt 0.265625 0.328125
vt 0.21875 0.328125
vt 0.21875 0.5625
vt 0.265625 0.5625
vt 0.3125 0.5625
vt 0.265625 0.5625
vt 0.265625 0.328125
vt 0.3125 0.328125
vn 1 0 0
vn -1 0 0
vn 0 0.25881904510252074 0.9659258262890683
vn 0 -0.25881904510252074 -0.9659258262890683
usemtl m_9976053a-dbb6-ff9f-6892-0bcc189600bc
f 1419/3320/830 1420/3319/830 1418/3318/830 1417/3317/830
f 1423/3324/831 1424/3323/831 1422/3322/831 1421/3321/831
f 1422/3328/832 1417/3327/832 1418/3326/832 1421/3325/832
f 1423/3332/833 1420/3331/833 1419/3330/833 1424/3329/833
o cube
v 10.493265393206325 0.16680180094912356 -0.4943229610711871
v 10.506676588702799 0.013511134981872508 -0.521455488831645
v 10.49563014881591 0.13977252064832835 -0.3404467496630297
v 10.509041344312383 -0.013518145318922703 -0.36757927742348756
v 10.351021167125962 -0.00010694982244907614 -0.521455488831645
v 10.33760997162949 0.15318371614480197 -0.4943229610711871
v 10.353385922735548 -0.027136230123244287 -0.36757927742348756
v 10.339974727239074 0.12615443584400676 -0.3404467496630297
vt 0.703125 1
vt 0.734375 1
vt 0.734375 0.96875
vt 0.703125 0.96875
vt 0.03125 0.296875
vt 0.0625 0.296875
vt 0.0625 0.265625
vt 0.03125 0.265625
vt 0.703125 0.96875
vt 0.734375 0.96875
vt 0.734375 0.9375
vt 0.703125 0.9375
vt 0.09375 0.265625
vt 0.0625 0.265625
vt 0.0625 0.296875
vt 0.09375 0.296875
vt 0.125 0.296875
vt 0.09375 0.296875
vt 0.09375 0.265625
vt 0.125 0.265625
vn 0.08583165117743129 -0.981060262190407 -0.17364817766693058
vn 0.9961946980917455 0.08715574274765815 1.5612511283791267e-17
vn -0.9961946980917455 -0.08715574274765815 -1.5612511283791267e-17
vn -0.015134435901338648 0.17298739392508966 -0.9848077530122081
vn 0.015134435901338648 -0.17298739392508966 0.9848077530122081
usemtl m_9976053a-dbb6-ff9f-6892-0bcc189600bc
f 1428/3336/834 1431/3335/834 1429/3334/834 1426/3333/834
f 1427/3340/835 1428/3339/835 1426/3338/835 1425/3337/835
f 1431/3344/836 1432/3343/836 1430/3342/836 1429/3341/836
f 1430/3348/837 1425/3347/837 1426/3346/837 1429/3345/837
f 1431/3352/838 1428/3351/838 1427/3350/838 1432/3349/838
o cube
v 10.414903707776174 0.8832031944846919 -0.35141245945621935
v 10.484641924357836 0.08609173145498639 -0.4925016038106004
v 10.41679551226384 0.8615797702440557 -0.22831149032969333
v 10.486533728845504 0.06446830721435015 -0.36940063468407436
v 10.360117587096369 0.07519726361152912 -0.4925016038106004
v 10.290379370514705 0.8723087266412346 -0.35141245945621935
v 10.362009391584035 0.053573839370892884 -0.36940063468407436
v 10.292271175002373 0.8506853024005985 -0.22831149032969333
vt 0.515625 0.71875
vt 0.71875 0.71875
vt 0.71875 0.6875
vt 0.515625 0.6875
vt 0.515625 0.6875
vt 0.71875 0.6875
vt 0.71875 0.65625
vt 0.515625 0.65625
vt 0.09375 0.296875
vt 0.0625 0.296875
vt 0.0625 0.5
vt 0.09375 0.5
vt 0.125 0.5
vt 0.09375 0.5
vt 0.09375 0.296875
vt 0.125 0.296875
vn 0.9961946980917455 0.08715574274765815 1.5612511283791267e-17
vn -0.9961946980917455 -0.08715574274765815 -1.5612511283791267e-17
vn -0.015134435901338648 0.17298739392508966 -0.9848077530122081
vn 0.015134435901338648 -0.17298739392508966 0.9848077530122081
usemtl m_9976053a-dbb6-ff9f-6892-0bcc189600bc
f 1435/3356/839 1436/3355/839 1434/3354/839 1433/3353/839
f 1439/3360/840 1440/3359/840 1438/3358/840 1437/3357/840
f 1438/3364/841 1433/3363/841 1434/3362/841 1437/3361/841
f 1439/3368/842 1436/3367/842 1435/3366/842 1440/3365/842
o cube
v 10.25 0.3315266239969564 0.541131189521479
v 10.25 0.45226735228309 0.508778808883664
v 10.25 0.29917424335914133 0.4203904612353455
v 10.25 0.4199149716452749 0.3880380805975304
v 9.75 0.45226735228309 0.508778808883664
v 9.75 0.3315266239969564 0.541131189521479
v 9.75 0.4199149716452749 0.3880380805975304
v 9.75 0.29917424335914133 0.4203904612353455
vt 0.640625 0.65625
vt 0.515625 0.65625
vt 0.515625 0.625
vt 0.640625 0.625
vn 0 -0.25881904510252074 -0.9659258262890683
usemtl m_9976053a-dbb6-ff9f-6892-0bcc189600bc
f 1447/3372/843 1444/3371/843 1443/3370/843 1448/3369/843
o cube
v 10.25 0.6937488088553572 0.4440740476080338
v 10.25 0.8144895371414906 0.4117216669702186
v 10.25 0.661396428217542 0.32333331932190024
v 10.25 0.7821371565036754 0.29098093868408514
v 9.75 0.8144895371414906 0.4117216669702186
v 9.75 0.6937488088553572 0.4440740476080338
v 9.75 0.7821371565036754 0.29098093868408514
v 9.75 0.661396428217542 0.32333331932190024
vt 0.703125 0.46875
vt 0.578125 0.46875
vt 0.578125 0.4375
vt 0.703125 0.4375
vn 0 -0.25881904510252074 -0.9659258262890683
usemtl m_9976053a-dbb6-ff9f-6892-0bcc189600bc
f 1455/3376/844 1452/3375/844 1451/3374/844 1456/3373/844
o cube
v 10.25 0.5126377164261569 0.4926026185647564
v 10.25 0.6333784447122903 0.4602502379269413
v 10.25 0.48028533578834165 0.3718618902786228
v 10.25 0.6010260640744751 0.33950950964080784
v 9.75 0.6333784447122903 0.4602502379269413
v 9.75 0.5126377164261569 0.4926026185647564
v 9.75 0.6010260640744751 0.33950950964080784
v 9.75 0.48028533578834165 0.3718618902786228
vt 0.765625 0.65625
vt 0.640625 0.65625
vt 0.640625 0.625
vt 0.765625 0.625
vn 0 -0.25881904510252074 -0.9659258262890683
usemtl m_9976053a-dbb6-ff9f-6892-0bcc189600bc
f 1463/3380/845 1460/3379/845 1459/3378/845 1464/3377/845
o cube
v 10.506853848801397 0.9953890769500198 0.265625
v 10.506853848801397 0.9953890769500198 -0.453125
v 10.51502469968399 0.9019958240039188 0.265625
v 10.51502469968399 0.9019958240039188 -0.453125
v 9.977625415440157 0.9490875886153263 -0.453125
v 9.977625415440157 0.9490875886153263 0.265625
v 9.98579626632275 0.8556943356692253 -0.453125
v 9.98579626632275 0.8556943356692253 0.265625
vt 0.703125 0.46875
vt 0.828125 0.46875
vt 0.828125 0.453125
vt 0.703125 0.453125
vt 0.703125 0.609375
vt 0.875 0.609375
vt 0.875 0.59375
vt 0.703125 0.59375
vt 0.703125 0.453125
vt 0.828125 0.453125
vt 0.828125 0.4375
vt 0.703125 0.4375
vn 0 0 -1
vn 0.9961946980917455 0.08715574274765818 0
vn 0 0 1
usemtl m_9976053a-dbb6-ff9f-6892-0bcc189600bc
f 1468/3384/846 1471/3383/846 1469/3382/846 1466/3381/846
f 1467/3388/847 1468/3387/847 1466/3386/847 1465/3385/847
f 1472/3392/848 1467/3391/848 1465/3390/848 1470/3389/848
o cube
v 10.022374584559845 0.9490875886153263 0.265625
v 10.022374584559845 0.9490875886153263 -0.453125
v 10.014203733677252 0.8556943356692253 0.265625
v 10.014203733677252 0.8556943356692253 -0.453125
v 9.493146151198605 0.99538907695002 -0.453125
v 9.493146151198605 0.99538907695002 0.265625
v 9.484975300316012 0.9019958240039188 -0.453125
v 9.484975300316012 0.9019958240039188 0.265625
vt 0.703125 0.59375
vt 0.828125 0.59375
vt 0.828125 0.578125
vt 0.703125 0.578125
vt 0.703125 0.578125
vt 0.828125 0.578125
vt 0.828125 0.5625
vt 0.703125 0.5625
vt 0.703125 0.625
vt 0.875 0.625
vt 0.875 0.609375
vt 0.703125 0.609375
vn 0 0 -1
vn 0 0 1
vn -0.9961946980917455 0.08715574274765818 0
usemtl m_9976053a-dbb6-ff9f-6892-0bcc189600bc
f 1476/3396/849 1479/3395/849 1477/3394/849 1474/3393/849
f 1480/3400/850 1475/3399/850 1473/3398/850 1478/3397/850
f 1479/3404/851 1480/3403/851 1478/3402/851 1477/3401/851
o cube
v 10.437189368466186 1.6175831237900988 0.49140552611774524
v 10.420629777344132 1.6504507286358656 0.3050040763015677
v 10.437189368466186 1.184267712464727 0.41500032794429587
v 10.420629777344132 1.2171353173104942 0.2285988781281183
v 9.982304110183758 1.6437915768392766 0.342770002819638
v 9.998863701305812 1.6109239719935093 0.5291714526358156
v 9.982304110183758 1.2104761655139051 0.2663648046461886
v 9.998863701305812 1.177608560668138 0.4527662544623662
vt 0 0.65625
vt 0.109375 0.65625
vt 0.109375 0.546875
vt 0 0.546875
vt 0.359375 0.453125
vt 0.40625 0.453125
vt 0.40625 0.34375
vt 0.359375 0.34375
vt 0.109375 0.65625
vt 0.21875 0.65625
vt 0.21875 0.546875
vt 0.109375 0.546875
vt 0.640625 0.390625
vt 0.53125 0.390625
vt 0.53125 0.4375
vt 0.640625 0.4375
vt 0.6875 0.5625
vt 0.578125 0.5625
vt 0.578125 0.515625
vt 0.6875 0.515625
vn -0.08715574274765818 0.17298739392508944 -0.9810602621904069
vn 0.9961946980917457 0.015134435901338625 -0.08583165117743131
vn 0.08715574274765818 -0.17298739392508944 0.9810602621904069
vn 0 0.984807753012208 0.17364817766693033
vn 0 -0.984807753012208 -0.17364817766693033
usemtl m_9976053a-dbb6-ff9f-6892-0bcc189600bc
f 1484/3408/852 1487/3407/852 1485/3406/852 1482/3405/852
f 1483/3412/853 1484/3411/853 1482/3410/853 1481/3409/853
f 1488/3416/854 1483/3415/854 1481/3414/854 1486/3413/854
f 1486/3420/855 1481/3419/855 1482/3418/855 1485/3417/855
f 1487/3424/856 1484/3423/856 1483/3422/856 1488/3421/856
o cube
v 10.001136298694176 1.6109239719935093 0.5291714526358149
v 10.017695889816231 1.6437915768392766 0.3427700028196372
v 10.001136298694176 1.177608560668138 0.4527662544623655
v 10.017695889816231 1.2104761655139051 0.26636480464618784
v 9.57937022265586 1.6504507286358656 0.3050040763015671
v 9.562810631533806 1.6175831237900988 0.4914055261177448
v 9.57937022265586 1.2171353173104942 0.22859887812811786
v 9.562810631533806 1.184267712464727 0.41500032794429553
vt 0.375 1
vt 0.484375 1
vt 0.484375 0.890625
vt 0.375 0.890625
vt 0.375 0.890625
vt 0.484375 0.890625
vt 0.484375 0.78125
vt 0.375 0.78125
vt 0.484375 0.40625
vt 0.53125 0.40625
vt 0.53125 0.296875
vt 0.484375 0.296875
vt 0.6875 0.46875
vt 0.578125 0.46875
vt 0.578125 0.515625
vt 0.6875 0.515625
vt 0.640625 0.390625
vt 0.53125 0.390625
vt 0.53125 0.34375
vt 0.640625 0.34375
vn 0.08715574274765818 0.17298739392508944 -0.9810602621904069
vn -0.08715574274765818 -0.17298739392508944 0.9810602621904069
vn -0.9961946980917457 0.015134435901338625 -0.08583165117743131
vn 0 0.984807753012208 0.17364817766693033
vn 0 -0.984807753012208 -0.17364817766693033
usemtl m_9976053a-dbb6-ff9f-6892-0bcc189600bc
f 1492/3428/857 1495/3427/857 1493/3426/857 1490/3425/857
f 1496/3432/858 1491/3431/858 1489/3430/858 1494/3429/858
f 1495/3436/859 1496/3435/859 1494/3434/859 1493/3433/859
f 1494/3440/860 1489/3439/860 1490/3438/860 1493/3437/860
f 1495/3444/861 1492/3443/861 1491/3442/861 1496/3441/861
o cube
v 9.737392231930741 1.6290092329188992 0.4194063780426813
v 9.546050515748197 1.709224231521079 -0.03551548519052239
v 9.737392231930741 1.198155840976058 0.3434353003133992
v 9.546050515748197 1.278370839578238 -0.11148656291980452
v 9.37282310340233 1.6967644288985433 0.035147566898689364
v 9.564164819584875 1.616549430296363 0.4900694301318931
v 9.37282310340233 1.2659110369557025 -0.04082351083059277
v 9.564164819584875 1.1856960383535222 0.41409835240261095
vt 0.171875 0.390625
vt 0.21875 0.390625
vt 0.21875 0.28125
vt 0.171875 0.28125
vt 0.25 1
vt 0.375 1
vt 0.375 0.890625
vt 0.25 0.890625
vt 0.25 0.890625
vt 0.375 0.890625
vt 0.375 0.78125
vt 0.25 0.78125
vt 0.171875 0.375
vt 0.125 0.375
vt 0.125 0.5
vt 0.171875 0.5
vt 0.484375 0.5
vt 0.4375 0.5
vt 0.4375 0.375
vt 0.484375 0.375
vn -0.3826834323650898 0.1604299972043605 -0.9098437264664097
vn 0.9238795325112868 0.06645228065352383 -0.3768696111424634
vn -0.9238795325112868 -0.06645228065352383 0.3768696111424634
vn 6.93889390390723e-18 0.9848077530122081 0.17364817766693036
vn -6.93889390390723e-18 -0.9848077530122081 -0.17364817766693036
usemtl m_9976053a-dbb6-ff9f-6892-0bcc189600bc
f 1500/3448/862 1503/3447/862 1501/3446/862 1498/3445/862
f 1499/3452/863 1500/3451/863 1498/3450/863 1497/3449/863
f 1503/3456/864 1504/3455/864 1502/3454/864 1501/3453/864
f 1502/3460/865 1497/3459/865 1498/3458/865 1501/3457/865
f 1503/3464/866 1500/3463/866 1499/3462/866 1504/3461/866
o cube
v 10.435835180415152 1.6165494302963626 0.4900694301318971
v 10.627176896597698 1.6967644288985428 0.03514756689869203
v 10.435835180415152 1.1856960383535218 0.41409835240261494
v 10.627176896597698 1.265911036955702 -0.040823510830590104
v 10.453949484251831 1.7092242315210786 -0.035515485190519724
v 10.262607768069287 1.6290092329188983 0.4194063780426853
v 10.453949484251831 1.2783708395782376 -0.11148656291980186
v 10.262607768069287 1.1981558409760573 0.3434353003134032
vt 0.125 0.375
vt 0.171875 0.375
vt 0.171875 0.265625
vt 0.125 0.265625
vt 0.25 0.78125
vt 0.375 0.78125
vt 0.375 0.671875
vt 0.25 0.671875
vt 0.25 0.671875
vt 0.375 0.671875
vt 0.375 0.5625
vt 0.25 0.5625
vt 0.578125 0.4375
vt 0.53125 0.4375
vt 0.53125 0.5625
vt 0.578125 0.5625
vt 0.359375 0.453125
vt 0.3125 0.453125
vt 0.3125 0.328125
vt 0.359375 0.328125
vn 0.3826834323650898 0.1604299972043605 -0.9098437264664097
vn 0.9238795325112868 -0.06645228065352383 0.3768696111424634
vn -0.9238795325112868 0.06645228065352383 -0.3768696111424634
vn -6.93889390390723e-18 0.9848077530122081 0.17364817766693036
vn 6.93889390390723e-18 -0.9848077530122081 -0.17364817766693036
usemtl m_9976053a-dbb6-ff9f-6892-0bcc189600bc
f 1508/3468/867 1511/3467/867 1509/3466/867 1506/3465/867
f 1507/3472/868 1508/3471/868 1506/3470/868 1505/3469/868
f 1511/3476/869 1512/3475/869 1510/3474/869 1509/3473/869
f 1510/3480/870 1505/3479/870 1506/3478/870 1509/3477/870
f 1511/3484/871 1508/3483/871 1507/3482/871 1512/3481/871
o cube
v 9.756398559398786 1.193670043742339 0.3688755206114809
v 9.767293027242243 1.2152934679829752 0.24624298783767995
v 9.756398559398786 0.9474681054892868 0.32546347619474825
v 9.767293027242243 0.969091529729923 0.20283094342094732
v 9.58050652135004 1.2181311747144763 0.23014955324191155
v 9.569612053506583 1.1965077504738402 0.3527820860157125
v 9.58050652135004 0.9719292364614238 0.18673750882517892
v 9.569612053506583 0.9503058122207877 0.30937004159897985
vt 0.40625 0.375
vt 0.453125 0.375
vt 0.453125 0.3125
vt 0.40625 0.3125
vt 0.21875 0.65625
vt 0.25 0.65625
vt 0.25 0.59375
vt 0.21875 0.59375
vt 0.640625 0.4375
vt 0.6875 0.4375
vt 0.6875 0.375
vt 0.640625 0.375
vt 0.40625 0.453125
vt 0.4375 0.453125
vt 0.4375 0.390625
vt 0.40625 0.390625
vt 0.703125 0.859375
vt 0.65625 0.859375
vt 0.65625 0.890625
vt 0.703125 0.890625
vt 0.34375 0.328125
vt 0.296875 0.328125
vt 0.296875 0.296875
vt 0.34375 0.296875
vn 0.08715574274765818 0.17298739392508944 -0.9810602621904069
vn 0.9961946980917457 -0.015134435901338625 0.08583165117743131
vn -0.08715574274765818 -0.17298739392508944 0.9810602621904069
vn -0.9961946980917457 0.015134435901338625 -0.08583165117743131
vn 0 0.984807753012208 0.17364817766693033
vn 0 -0.984807753012208 -0.17364817766693033
usemtl m_9976053a-dbb6-ff9f-6892-0bcc189600bc
f 1516/3488/872 1519/3487/872 1517/3486/872 1514/3485/872
f 1515/3492/873 1516/3491/873 1514/3490/873 1513/3489/873
f 1520/3496/874 1515/3495/874 1513/3494/874 1518/3493/874
f 1519/3500/875 1520/3499/875 1518/3498/875 1517/3497/875
f 1518/3504/876 1513/3503/876 1514/3502/876 1517/3501/876
f 1519/3508/877 1516/3507/877 1515/3506/877 1520/3505/877
o cube
v 10.430387946493408 1.1965077504738402 0.3527820860157126
v 10.419493478649951 1.2181311747144763 0.23014955324191166
v 10.430387946493408 0.9503058122207877 0.30937004159897996
v 10.419493478649951 0.971929236461424 0.18673750882517903
v 10.232706972757747 1.2152934679829752 0.2462429878376804
v 10.243601440601203 1.193670043742339 0.3688755206114813
v 10.232706972757747 0.969091529729923 0.20283094342094776
v 10.243601440601203 0.9474681054892868 0.3254634761947487
vt 0.640625 0.375
vt 0.6875 0.375
vt 0.6875 0.3125
vt 0.640625 0.3125
vt 0.453125 0.375
vt 0.484375 0.375
vt 0.484375 0.3125
vt 0.453125 0.3125
vt 0.65625 1
vt 0.703125 1
vt 0.703125 0.9375
vt 0.65625 0.9375
vt 0.265625 0.328125
vt 0.296875 0.328125
vt 0.296875 0.265625
vt 0.265625 0.265625
vt 0.453125 0.28125
vt 0.40625 0.28125
vt 0.40625 0.3125
vt 0.453125 0.3125
vt 0.734375 0.5625
vt 0.6875 0.5625
vt 0.6875 0.53125
vt 0.734375 0.53125
vn -0.08715574274765818 0.17298739392508944 -0.9810602621904069
vn 0.9961946980917457 0.015134435901338625 -0.08583165117743131
vn 0.08715574274765818 -0.17298739392508944 0.9810602621904069
vn -0.9961946980917457 -0.015134435901338625 0.08583165117743131
vn 0 0.984807753012208 0.17364817766693033
vn 0 -0.984807753012208 -0.17364817766693033
usemtl m_9976053a-dbb6-ff9f-6892-0bcc189600bc
f 1524/3512/878 1527/3511/878 1525/3510/878 1522/3509/878
f 1523/3516/879 1524/3515/879 1522/3514/879 1521/3513/879
f 1528/3520/880 1523/3519/880 1521/3518/880 1526/3517/880
f 1527/3524/881 1528/3523/881 1526/3522/881 1525/3521/881
f 1526/3528/882 1521/3527/882 1522/3526/882 1525/3525/882
f 1527/3532/883 1524/3531/883 1523/3530/883 1528/3529/883
o cube
v 12.375 1.3125 0.375
v 12.375 1.3125 -0.375
v 12.375 0.9375 0.375
v 12.375 0.9375 -0.375
v 11.625 1.3125 -0.375
v 11.625 1.3125 0.375
v 11.625 0.9375 -0.375
v 11.625 0.9375 0.375
vt 0.1875 0.8125
vt 0.375 0.8125
vt 0.375 0.71875
vt 0.1875 0.71875
vt 0.1875 0.71875
vt 0.375 0.71875
vt 0.375 0.625
vt 0.1875 0.625
vt 0 0.625
vt 0.1875 0.625
vt 0.1875 0.53125
vt 0 0.53125
vt 0.375 1
vt 0.5625 1
vt 0.5625 0.90625
vt 0.375 0.90625
vt 0.1875 0.8125
vt 0 0.8125
vt 0 1
vt 0.1875 1
vt 0.1875 0.8125
vt 0 0.8125
vt 0 0.625
vt 0.1875 0.625
vn 0 0 -1
vn 1 0 0
vn 0 0 1
vn -1 0 0
vn 0 1 0
vn 0 -1 0
usemtl m_a48a916b-ee95-1688-96e2-467706899a74
f 1532/3536/884 1535/3535/884 1533/3534/884 1530/3533/884
f 1531/3540/885 1532/3539/885 1530/3538/885 1529/3537/885
f 1536/3544/886 1531/3543/886 1529/3542/886 1534/3541/886
f 1535/3548/887 1536/3547/887 1534/3546/887 1533/3545/887
f 1534/3552/888 1529/3551/888 1530/3550/888 1533/3549/888
f 1535/3556/889 1532/3555/889 1531/3554/889 1536/3553/889
o cube
v 12.390625 1.078125 0.390625
v 12.390625 1.078125 -0.390625
v 12.390625 0.921875 0.390625
v 12.390625 0.921875 -0.390625
v 11.609375 1.078125 -0.390625
v 11.609375 1.078125 0.390625
v 11.609375 0.921875 -0.390625
v 11.609375 0.921875 0.390625
vt 0.46875 0.90625
vt 0.65625 0.90625
vt 0.65625 0.875
vt 0.46875 0.875
vt 0.46875 0.875
vt 0.65625 0.875
vt 0.65625 0.84375
vt 0.46875 0.84375
vt 0.46875 0.84375
vt 0.65625 0.84375
vt 0.65625 0.8125
vt 0.46875 0.8125
vt 0.46875 0.8125
vt 0.65625 0.8125
vt 0.65625 0.78125
vt 0.46875 0.78125
vt 0.375 1
vt 0.1875 1
vt 0.1875 0.8125
vt 0.375 0.8125
vn 0 0 -1
vn 1 0 0
vn 0 0 1
vn -1 0 0
vn 0 -1 0
usemtl m_a48a916b-ee95-1688-96e2-467706899a74
f 1540/3560/890 1543/3559/890 1541/3558/890 1538/3557/890
f 1539/3564/891 1540/3563/891 1538/3562/891 1537/3561/891
f 1544/3568/892 1539/3567/892 1537/3566/892 1542/3565/892
f 1543/3572/893 1544/3571/893 1542/3570/893 1541/3569/893
f 1543/3576/894 1540/3575/894 1539/3574/894 1544/3573/894
o cube
v 12.25 0.5625 0.25
v 12.25 0.5625 -0.25
v 12.25 0.4375 0.25
v 12.25 0.4375 -0.25
v 11.75 0.5625 -0.25
v 11.75 0.5625 0.25
v 11.75 0.4375 -0.25
v 11.75 0.4375 0.25
vt 0.46875 0.78125
vt 0.59375 0.78125
vt 0.59375 0.75
vt 0.46875 0.75
vt 0.46875 0.75
vt 0.59375 0.75
vt 0.59375 0.71875
vt 0.46875 0.71875
vt 0.46875 0.71875
vt 0.59375 0.71875
vt 0.59375 0.6875
vt 0.46875 0.6875
vt 0.46875 0.6875
vt 0.59375 0.6875
vt 0.59375 0.65625
vt 0.46875 0.65625
vn 0 0 -1
vn 1 0 0
vn 0 0 1
vn -1 0 0
usemtl m_a48a916b-ee95-1688-96e2-467706899a74
f 1548/3580/895 1551/3579/895 1549/3578/895 1546/3577/895
f 1547/3584/896 1548/3583/896 1546/3582/896 1545/3581/896
f 1552/3588/897 1547/3587/897 1545/3586/897 1550/3585/897
f 1551/3592/898 1552/3591/898 1550/3590/898 1549/3589/898
o cube
v 11.955600964578192 1.2012214557472263 -0.13278738307012644
v 11.869307773693208 1.2282764074894892 -0.21908057395510844
v 11.764293566161902 -0.01914855315269115 -0.32409478148641496
v 11.67800037527692 0.007906398589571761 -0.41038797237139696
v 11.780919426044889 1.2282764074894892 -0.13069222630679017
v 11.867212616929873 1.2012214557472263 -0.044399035421808175
v 11.5896120276286 0.007906398589571761 -0.3219996247230787
v 11.675905218513584 -0.01914855315269115 -0.2357064338380967
vt 0.375 0.90625
vt 0.40625 0.90625
vt 0.40625 0.59375
vt 0.375 0.59375
vt 0.1875 0.625
vt 0.21875 0.625
vt 0.21875 0.3125
vt 0.1875 0.3125
vt 0.21875 0.625
vt 0.25 0.625
vt 0.25 0.3125
vt 0.21875 0.3125
vt 0.25 0.625
vt 0.28125 0.625
vt 0.28125 0.3125
vt 0.25 0.3125
vn -0.6903455270798549 0.21643961393810288 -0.6903455270798547
vn 0.7071067811865475 0 -0.7071067811865476
vn 0.6903455270798549 -0.21643961393810288 0.6903455270798547
vn -0.7071067811865475 0 0.7071067811865476
usemtl m_a48a916b-ee95-1688-96e2-467706899a74
f 1556/3596/899 1559/3595/899 1557/3594/899 1554/3593/899
f 1555/3600/900 1556/3599/900 1554/3598/900 1553/3597/900
f 1560/3604/901 1555/3603/901 1553/3602/901 1558/3601/901
f 1559/3608/902 1560/3607/902 1558/3606/902 1557/3605/902
o cube
v 11.826781580642026 0.2367982047707582 -0.2837038539183709
v 11.718915092035799 0.2706168944485867 -0.39157034252459794
v 11.78373741599836 -0.03778504723172316 -0.3267480185620359
v 11.675870927392133 -0.003966357553894628 -0.43461450716826294
v 11.608429657475401 0.2706168944485867 -0.2810849079641999
v 11.716296146081628 0.2367982047707582 -0.17321841935797283
v 11.565385492831735 -0.003966357553894628 -0.3241290726078649
v 11.673251981437962 -0.03778504723172316 -0.21626258400163784
vt 0.125 0.53125
vt 0.15625 0.53125
vt 0.15625 0.46875
vt 0.125 0.46875
vt 0.15625 0.53125
vt 0.1875 0.53125
vt 0.1875 0.46875
vt 0.15625 0.46875
vt 0.46875 0.65625
vt 0.5 0.65625
vt 0.5 0.59375
vt 0.46875 0.59375
vt 0.46875 0.59375
vt 0.5 0.59375
vt 0.5 0.53125
vt 0.46875 0.53125
vt 0.59375 1
vt 0.5625 1
vt 0.5625 0.96875
vt 0.59375 0.96875
vn -0.6903455270798549 0.21643961393810288 -0.6903455270798547
vn 0.7071067811865475 0 -0.7071067811865476
vn 0.6903455270798549 -0.21643961393810288 0.6903455270798547
vn -0.7071067811865475 0 0.7071067811865476
vn -0.15304591873303094 -0.9762960071199334 -0.15304591873303092
usemtl m_a48a916b-ee95-1688-96e2-467706899a74
f 1564/3612/903 1567/3611/903 1565/3610/903 1562/3609/903
f 1563/3616/904 1564/3615/904 1562/3614/904 1561/3613/904
f 1568/3620/905 1563/3619/905 1561/3618/905 1566/3617/905
f 1567/3624/906 1568/3623/906 1566/3622/906 1565/3621/906
f 1567/3628/907 1564/3627/907 1563/3626/907 1568/3625/907
o cube
v 12.391570342524604 0.2706168944485865 0.28108490796420615
v 12.283703853918377 0.23679820477075797 0.1732184193579791
v 12.43461450716827 -0.00396635755389485 0.32412907260787116
v 12.326748018562043 -0.03778504723172338 0.2162625840016441
v 12.17321841935798 0.23679820477075797 0.28370385391837716
v 12.281084907964207 0.2706168944485865 0.3915703425246042
v 12.216262584001644 -0.03778504723172338 0.32674801856204216
v 12.324129072607871 -0.00396635755389485 0.4346145071682692
vt 0.46875 0.53125
vt 0.5 0.53125
vt 0.5 0.46875
vt 0.46875 0.46875
vt 0.5 0.65625
vt 0.53125 0.65625
vt 0.53125 0.59375
vt 0.5 0.59375
vt 0.5 0.59375
vt 0.53125 0.59375
vt 0.53125 0.53125
vt 0.5 0.53125
vt 0.5 0.53125
vt 0.53125 0.53125
vt 0.53125 0.46875
vt 0.5 0.46875
vt 0.59375 0.96875
vt 0.5625 0.96875
vt 0.5625 0.9375
vt 0.59375 0.9375
vn -0.6903455270798549 -0.21643961393810288 -0.6903455270798547
vn 0.7071067811865475 0 -0.7071067811865476
vn 0.6903455270798549 0.21643961393810288 0.6903455270798547
vn -0.7071067811865475 0 0.7071067811865476
vn 0.15304591873303094 -0.9762960071199334 0.15304591873303092
usemtl m_a48a916b-ee95-1688-96e2-467706899a74
f 1572/3632/908 1575/3631/908 1573/3630/908 1570/3629/908
f 1571/3636/909 1572/3635/909 1570/3634/909 1569/3633/909
f 1576/3640/910 1571/3639/910 1569/3638/910 1574/3637/910
f 1575/3644/911 1576/3643/911 1574/3642/911 1573/3641/911
f 1575/3648/912 1572/3647/912 1571/3646/912 1576/3645/912
o cube
v 12.219080573955114 1.2282764074894885 0.13069222630679556
v 12.132787383070132 1.2012214557472258 0.04439903542181356
v 12.410387972371403 0.007906398589571317 0.32199962472308497
v 12.324094781486421 -0.019148553152691372 0.23570643383810297
v 12.044399035421813 1.2012214557472258 0.13278738307013183
v 12.130692226306795 1.2282764074894885 0.21908057395511382
v 12.235706433838104 -0.019148553152691372 0.32409478148642124
v 12.321999624723084 0.007906398589571317 0.41038797237140323
vt 0.28125 0.625
vt 0.3125 0.625
vt 0.3125 0.3125
vt 0.28125 0.3125
vt 0.3125 0.625
vt 0.34375 0.625
vt 0.34375 0.3125
vt 0.3125 0.3125
vt 0.34375 0.625
vt 0.375 0.625
vt 0.375 0.3125
vt 0.34375 0.3125
vt 0.40625 0.90625
vt 0.4375 0.90625
vt 0.4375 0.59375
vt 0.40625 0.59375
vn -0.6903455270798549 -0.21643961393810288 -0.6903455270798547
vn 0.7071067811865475 0 -0.7071067811865476
vn 0.6903455270798549 0.21643961393810288 0.6903455270798547
vn -0.7071067811865475 0 0.7071067811865476
usemtl m_a48a916b-ee95-1688-96e2-467706899a74
f 1580/3652/913 1583/3651/913 1581/3650/913 1578/3649/913
f 1579/3656/914 1580/3655/914 1578/3654/914 1577/3653/914
f 1584/3660/915 1579/3659/915 1577/3658/915 1582/3657/915
f 1583/3664/916 1584/3663/916 1582/3662/916 1581/3661/916
o cube
v 11.955600964578188 1.201221455747227 0.13278738307012827
v 11.867212616929871 1.201221455747227 0.04439903542181001
v 11.7642935661619 -0.019148553152690484 0.3240947814864177
v 11.675905218513583 -0.019148553152690484 0.23570643383809942
v 11.780919426044889 1.2282764074894899 0.130692226306792
v 11.869307773693208 1.2282764074894899 0.21908057395511027
v 11.5896120276286 0.007906398589572428 0.3219996247230814
v 11.67800037527692 0.007906398589572428 0.4103879723713997
vt 0.375 0.59375
vt 0.40625 0.59375
vt 0.40625 0.28125
vt 0.375 0.28125
vt 0.40625 0.59375
vt 0.4375 0.59375
vt 0.4375 0.28125
vt 0.40625 0.28125
vt 0.4375 0.90625
vt 0.46875 0.90625
vt 0.46875 0.59375
vt 0.4375 0.59375
vt 0.4375 0.59375
vt 0.46875 0.59375
vt 0.46875 0.28125
vt 0.4375 0.28125
vn -0.7071067811865476 0 -0.7071067811865475
vn 0.6903455270798547 -0.21643961393810288 -0.6903455270798549
vn 0.7071067811865476 0 0.7071067811865475
vn -0.6903455270798547 0.21643961393810288 0.6903455270798549
usemtl m_a48a916b-ee95-1688-96e2-467706899a74
f 1588/3668/917 1591/3667/917 1589/3666/917 1586/3665/917
f 1587/3672/918 1588/3671/918 1586/3670/918 1585/3669/918
f 1592/3676/919 1587/3675/919 1585/3674/919 1590/3673/919
f 1591/3680/920 1592/3679/920 1590/3678/920 1589/3677/920
o cube
v 11.826781580642024 0.23679820477075908 0.2837038539183736
v 11.716296146081627 0.23679820477075908 0.17321841935797555
v 11.78373741599836 -0.03778504723172227 0.3267480185620386
v 11.67325198143796 -0.03778504723172227 0.21626258400164056
v 11.6084296574754 0.2706168944485876 0.2810849079642026
v 11.718915092035797 0.2706168944485876 0.39157034252460066
v 11.565385492831734 -0.00396635755389374 0.3241290726078676
v 11.675870927392133 -0.00396635755389374 0.43461450716826566
vt 0.125 0.46875
vt 0.15625 0.46875
vt 0.15625 0.40625
vt 0.125 0.40625
vt 0.15625 0.46875
vt 0.1875 0.46875
vt 0.1875 0.40625
vt 0.15625 0.40625
vt 0.53125 0.65625
vt 0.5625 0.65625
vt 0.5625 0.59375
vt 0.53125 0.59375
vt 0.53125 0.59375
vt 0.5625 0.59375
vt 0.5625 0.53125
vt 0.53125 0.53125
vt 0.59375 0.9375
vt 0.5625 0.9375
vt 0.5625 0.90625
vt 0.59375 0.90625
vn -0.7071067811865476 0 -0.7071067811865475
vn 0.6903455270798547 -0.21643961393810288 -0.6903455270798549
vn 0.7071067811865476 0 0.7071067811865475
vn -0.6903455270798547 0.21643961393810288 0.6903455270798549
vn -0.15304591873303092 -0.9762960071199334 0.15304591873303094
usemtl m_a48a916b-ee95-1688-96e2-467706899a74
f 1596/3684/921 1599/3683/921 1597/3682/921 1594/3681/921
f 1595/3688/922 1596/3687/922 1594/3686/922 1593/3685/922
f 1600/3692/923 1595/3691/923 1593/3690/923 1598/3689/923
f 1599/3696/924 1600/3695/924 1598/3694/924 1597/3693/924
f 1599/3700/925 1596/3699/925 1595/3698/925 1600/3697/925
o cube
v 12.391570342524604 0.27061689444858583 -0.2810849079642043
v 12.281084907964207 0.27061689444858583 -0.3915703425246024
v 12.43461450716827 -0.0039663575538955165 -0.32412907260786933
v 12.324129072607871 -0.0039663575538955165 -0.4346145071682674
v 12.173218419357978 0.2367982047707573 -0.28370385391837444
v 12.283703853918375 0.2367982047707573 -0.17321841935797638
v 12.216262584001644 -0.037785047231724045 -0.32674801856203944
v 12.326748018562041 -0.037785047231724045 -0.2162625840016414
vt 0.46875 0.46875
vt 0.5 0.46875
vt 0.5 0.40625
vt 0.46875 0.40625
vt 0.53125 0.53125
vt 0.5625 0.53125
vt 0.5625 0.46875
vt 0.53125 0.46875
vt 0.5 0.46875
vt 0.53125 0.46875
vt 0.53125 0.40625
vt 0.5 0.40625
vt 0.53125 0.46875
vt 0.5625 0.46875
vt 0.5625 0.40625
vt 0.53125 0.40625
vt 0.59375 0.65625
vt 0.5625 0.65625
vt 0.5625 0.625
vt 0.59375 0.625
vn -0.7071067811865476 0 -0.7071067811865475
vn 0.6903455270798547 0.21643961393810288 -0.6903455270798549
vn 0.7071067811865476 0 0.7071067811865475
vn -0.6903455270798547 -0.21643961393810288 0.6903455270798549
vn 0.15304591873303092 -0.9762960071199334 -0.15304591873303094
usemtl m_a48a916b-ee95-1688-96e2-467706899a74
f 1604/3704/926 1607/3703/926 1605/3702/926 1602/3701/926
f 1603/3708/927 1604/3707/927 1602/3706/927 1601/3705/927
f 1608/3712/928 1603/3711/928 1601/3710/928 1606/3709/928
f 1607/3716/929 1608/3715/929 1606/3714/929 1605/3713/929
f 1607/3720/930 1604/3719/930 1603/3718/930 1608/3717/930
o cube
v 12.219080573955113 1.2282764074894879 -0.13069222630679284
v 12.130692226306795 1.2282764074894879 -0.2190805739551111
v 12.410387972371403 0.007906398589570651 -0.32199962472308225
v 12.321999624723084 0.007906398589570651 -0.4103879723714005
v 12.044399035421813 1.201221455747225 -0.13278738307013088
v 12.13278738307013 1.201221455747225 -0.044399035421812616
v 12.235706433838104 -0.01914855315269226 -0.3240947814864194
v 12.324094781486421 -0.01914855315269226 -0.23570643383810114
vt 0 0.53125
vt 0.03125 0.53125
vt 0.03125 0.21875
vt 0 0.21875
vt 0.03125 0.53125
vt 0.0625 0.53125
vt 0.0625 0.21875
vt 0.03125 0.21875
vt 0.0625 0.53125
vt 0.09375 0.53125
vt 0.09375 0.21875
vt 0.0625 0.21875
vt 0.09375 0.53125
vt 0.125 0.53125
vt 0.125 0.21875
vt 0.09375 0.21875
vn -0.7071067811865476 0 -0.7071067811865475
vn 0.6903455270798547 0.21643961393810288 -0.6903455270798549
vn 0.7071067811865476 0 0.7071067811865475
vn -0.6903455270798547 -0.21643961393810288 0.6903455270798549
usemtl m_a48a916b-ee95-1688-96e2-467706899a74
f 1612/3724/931 1615/3723/931 1613/3722/931 1610/3721/931
f 1611/3728/932 1612/3727/932 1610/3726/932 1609/3725/932
f 1616/3732/933 1611/3731/933 1609/3730/933 1614/3729/933
f 1615/3736/934 1616/3735/934 1614/3734/934 1613/3733/934
o cube
v 13.730534282889638 0.28604275735227036 -0.2697788128338479
v 13.731483798326375 0.2968957684564535 -0.39430315009531614
v 13.70340175512918 -0.024083454055887132 -0.2970149824424911
v 13.704351270565917 -0.013230442951703947 -0.4215393197039593
v 13.606959461064907 0.30779023629991076 -0.39430315009531614
v 13.60600994562817 0.2969372251957276 -0.2697788128338479
v 13.57982693330445 -0.0023359751082466795 -0.4215393197039593
v 13.578877417867712 -0.013188986212429865 -0.2970149824424911
vt 0.171875 0.5625
vt 0.203125 0.5625
vt 0.203125 0.484375
vt 0.171875 0.484375
vt 0.53125 0.4375
vt 0.5625 0.4375
vt 0.5625 0.359375
vt 0.53125 0.359375
vt 0.234375 0.390625
vt 0.265625 0.390625
vt 0.265625 0.3125
vt 0.234375 0.3125
vt 0.265625 0.390625
vt 0.296875 0.390625
vt 0.296875 0.3125
vt 0.265625 0.3125
vt 0.703125 0.390625
vt 0.671875 0.390625
vt 0.671875 0.359375
vt 0.703125 0.359375
vn 0.007596123493895972 0.08682408883346518 -0.9961946980917455
vn 0.9961946980917455 -0.0871557427476582 -1.734723475976807e-18
vn -0.007596123493895972 -0.08682408883346518 0.9961946980917455
vn -0.9961946980917455 0.0871557427476582 1.734723475976807e-18
vn -0.08682408883346518 -0.9924038765061041 -0.0871557427476582
usemtl m_b40a52b6-e5f4-53e1-ada7-b653d380a3b4
f 1620/3740/935 1623/3739/935 1621/3738/935 1618/3737/935
f 1619/3744/936 1620/3743/936 1618/3742/936 1617/3741/936
f 1624/3748/937 1619/3747/937 1617/3746/937 1622/3745/937
f 1623/3752/938 1624/3751/938 1622/3750/938 1621/3749/938
f 1623/3756/939 1620/3755/939 1619/3754/939 1624/3753/939
o cube
v 13.758190773109936 0.42288111761748637 -0.2419569943522749
v 13.759377667405856 0.4364473814977152 -0.39761241592911023
v 13.739198003677615 0.20579276963177595 -0.2610223130783252
v 13.740384897973536 0.21935903351200492 -0.41667773465516045
v 13.60372224582902 0.4500654663020368 -0.39761241592911023
v 13.6025353515331 0.43649920242180795 -0.2419569943522749
v 13.584729476396701 0.2329771183163265 -0.41667773465516045
v 13.58354258210078 0.21941085443609754 -0.2610223130783252
vt 0.171875 0.484375
vt 0.203125 0.484375
vt 0.203125 0.4375
vt 0.171875 0.4375
vt 0.625 0.359375
vt 0.65625 0.359375
vt 0.65625 0.3125
vt 0.625 0.3125
vt 0.65625 1
vt 0.6875 1
vt 0.6875 0.953125
vt 0.65625 0.953125
vt 0.65625 0.953125
vt 0.6875 0.953125
vt 0.6875 0.90625
vt 0.65625 0.90625
vn 0.007596123493895972 0.08682408883346518 -0.9961946980917455
vn 0.9961946980917455 -0.0871557427476582 -1.734723475976807e-18
vn -0.007596123493895972 -0.08682408883346518 0.9961946980917455
vn -0.9961946980917455 0.0871557427476582 1.734723475976807e-18
usemtl m_b40a52b6-e5f4-53e1-ada7-b653d380a3b4
f 1628/3760/940 1631/3759/940 1629/3758/940 1626/3757/940
f 1627/3764/941 1628/3763/941 1626/3762/941 1625/3761/941
f 1632/3768/942 1627/3767/942 1625/3766/942 1630/3765/942
f 1631/3772/943 1632/3771/943 1630/3770/943 1629/3769/943
o cube
v 14.3974646484669 0.43649920242180795 -0.2419569943522749
v 14.39627775417098 0.4500654663020368 -0.39761241592911023
v 14.41645741789922 0.21941085443609754 -0.2610223130783252
v 14.415270523603299 0.2329771183163265 -0.41667773465516045
v 14.240622332594144 0.4364473814977152 -0.39761241592911023
v 14.241809226890064 0.42288111761748637 -0.2419569943522749
v 14.259615102026464 0.21935903351200492 -0.41667773465516045
v 14.260801996322385 0.20579276963177595 -0.2610223130783252
vt 0.65625 0.90625
vt 0.6875 0.90625
vt 0.6875 0.859375
vt 0.65625 0.859375
vt 0.65625 0.859375
vt 0.6875 0.859375
vt 0.6875 0.8125
vt 0.65625 0.8125
vt 0.65625 0.8125
vt 0.6875 0.8125
vt 0.6875 0.765625
vt 0.65625 0.765625
vt 0.65625 0.765625
vt 0.6875 0.765625
vt 0.6875 0.71875
vt 0.65625 0.71875
vn -0.007596123493895972 0.08682408883346518 -0.9961946980917455
vn 0.9961946980917455 0.0871557427476582 1.734723475976807e-18
vn 0.007596123493895972 -0.08682408883346518 0.9961946980917455
vn -0.9961946980917455 -0.0871557427476582 -1.734723475976807e-18
usemtl m_b40a52b6-e5f4-53e1-ada7-b653d380a3b4
f 1636/3776/944 1639/3775/944 1637/3774/944 1634/3773/944
f 1635/3780/945 1636/3779/945 1634/3778/945 1633/3777/945
f 1640/3784/946 1635/3783/946 1633/3782/946 1638/3781/946
f 1639/3788/947 1640/3787/947 1638/3786/947 1637/3785/947
o cube
v 14.39399005437183 0.2969372251957276 -0.2697788128338479
v 14.393040538935093 0.30779023629991076 -0.39430315009531614
v 14.421122582132288 -0.013188986212429865 -0.2970149824424911
v 14.42017306669555 -0.0023359751082466795 -0.4215393197039593
v 14.268516201673625 0.2968957684564535 -0.39430315009531614
v 14.269465717110362 0.28604275735227036 -0.2697788128338479
v 14.295648729434083 -0.013230442951703947 -0.4215393197039593
v 14.29659824487082 -0.024083454055887132 -0.2970149824424911
vt 0.296875 0.390625
vt 0.328125 0.390625
vt 0.328125 0.3125
vt 0.296875 0.3125
vt 0.328125 0.390625
vt 0.359375 0.390625
vt 0.359375 0.3125
vt 0.328125 0.3125
vt 0.359375 0.390625
vt 0.390625 0.390625
vt 0.390625 0.3125
vt 0.359375 0.3125
vt 0.609375 0.59375
vt 0.640625 0.59375
vt 0.640625 0.515625
vt 0.609375 0.515625
vt 0.71875 1
vt 0.6875 1
vt 0.6875 0.96875
vt 0.71875 0.96875
vn -0.007596123493895972 0.08682408883346518 -0.9961946980917455
vn 0.9961946980917455 0.0871557427476582 1.734723475976807e-18
vn 0.007596123493895972 -0.08682408883346518 0.9961946980917455
vn -0.9961946980917455 -0.0871557427476582 -1.734723475976807e-18
vn 0.08682408883346518 -0.9924038765061041 -0.0871557427476582
usemtl m_b40a52b6-e5f4-53e1-ada7-b653d380a3b4
f 1644/3792/948 1647/3791/948 1645/3790/948 1642/3789/948
f 1643/3796/949 1644/3795/949 1642/3794/949 1641/3793/949
f 1648/3800/950 1643/3799/950 1641/3798/950 1646/3797/950
f 1647/3804/951 1648/3803/951 1646/3802/951 1645/3801/951
f 1647/3808/952 1644/3807/952 1643/3806/952 1648/3805/952
o cube
v 14.39627775417098 0.4500654663020368 0.39761241592911023
v 14.3974646484669 0.43649920242180795 0.2419569943522749
v 14.415270523603299 0.2329771183163265 0.41667773465516045
v 14.41645741789922 0.21941085443609754 0.26102231307832513
v 14.241809226890064 0.42288111761748637 0.2419569943522749
v 14.240622332594144 0.4364473814977152 0.39761241592911023
v 14.260801996322385 0.20579276963177595 0.26102231307832513
v 14.259615102026464 0.21935903351200492 0.41667773465516045
vt 0.65625 0.71875
vt 0.6875 0.71875
vt 0.6875 0.671875
vt 0.65625 0.671875
vt 0.65625 0.671875
vt 0.6875 0.671875
vt 0.6875 0.625
vt 0.65625 0.625
vt 0.65625 0.359375
vt 0.6875 0.359375
vt 0.6875 0.3125
vt 0.65625 0.3125
vt 0.671875 0.625
vt 0.703125 0.625
vt 0.703125 0.578125
vt 0.671875 0.578125
vn 0.007596123493895972 -0.08682408883346518 -0.9961946980917455
vn 0.9961946980917455 0.0871557427476582 -1.734723475976807e-18
vn -0.007596123493895972 0.08682408883346518 0.9961946980917455
vn -0.9961946980917455 -0.0871557427476582 1.734723475976807e-18
usemtl m_b40a52b6-e5f4-53e1-ada7-b653d380a3b4
f 1652/3812/953 1655/3811/953 1653/3810/953 1650/3809/953
f 1651/3816/954 1652/3815/954 1650/3814/954 1649/3813/954
f 1656/3820/955 1651/3819/955 1649/3818/955 1654/3817/955
f 1655/3824/956 1656/3823/956 1654/3822/956 1653/3821/956
o cube
v 14.393040538935093 0.30779023629991076 0.39430315009531614
v 14.39399005437183 0.2969372251957276 0.26977881283384786
v 14.42017306669555 -0.0023359751082466795 0.4215393197039593
v 14.421122582132288 -0.013188986212429865 0.297014982442491
v 14.269465717110362 0.28604275735227036 0.26977881283384786
v 14.268516201673625 0.2968957684564535 0.39430315009531614
v 14.29659824487082 -0.024083454055887132 0.297014982442491
v 14.295648729434083 -0.013230442951703947 0.4215393197039593
vt 0.609375 0.515625
vt 0.640625 0.515625
vt 0.640625 0.4375
vt 0.609375 0.4375
vt 0.5625 0.390625
vt 0.59375 0.390625
vt 0.59375 0.3125
vt 0.5625 0.3125
vt 0.609375 0.4375
vt 0.640625 0.4375
vt 0.640625 0.359375
vt 0.609375 0.359375
vt 0.640625 0.59375
vt 0.671875 0.59375
vt 0.671875 0.515625
vt 0.640625 0.515625
vt 0.71875 0.96875
vt 0.6875 0.96875
vt 0.6875 0.9375
vt 0.71875 0.9375
vn 0.007596123493895972 -0.08682408883346518 -0.9961946980917455
vn 0.9961946980917455 0.0871557427476582 -1.734723475976807e-18
vn -0.007596123493895972 0.08682408883346518 0.9961946980917455
vn -0.9961946980917455 -0.0871557427476582 1.734723475976807e-18
vn 0.08682408883346518 -0.9924038765061041 0.0871557427476582
usemtl m_b40a52b6-e5f4-53e1-ada7-b653d380a3b4
f 1660/3828/957 1663/3827/957 1661/3826/957 1658/3825/957
f 1659/3832/958 1660/3831/958 1658/3830/958 1657/3829/958
f 1664/3836/959 1659/3835/959 1657/3834/959 1662/3833/959
f 1663/3840/960 1664/3839/960 1662/3838/960 1661/3837/960
f 1663/3844/961 1660/3843/961 1659/3842/961 1664/3841/961
o cube
v 13.759377667405856 0.4364473814977152 0.39761241592911023
v 13.758190773109936 0.42288111761748637 0.2419569943522749
v 13.740384897973536 0.21935903351200492 0.41667773465516045
v 13.739198003677615 0.20579276963177595 0.26102231307832513
v 13.6025353515331 0.43649920242180795 0.2419569943522749
v 13.60372224582902 0.4500654663020368 0.39761241592911023
v 13.58354258210078 0.21941085443609754 0.26102231307832513
v 13.584729476396701 0.2329771183163265 0.41667773465516045
vt 0.671875 0.578125
vt 0.703125 0.578125
vt 0.703125 0.53125
vt 0.671875 0.53125
vt 0.671875 0.53125
vt 0.703125 0.53125
vt 0.703125 0.484375
vt 0.671875 0.484375
vt 0.671875 0.484375
vt 0.703125 0.484375
vt 0.703125 0.4375
vt 0.671875 0.4375
vt 0.671875 0.4375
vt 0.703125 0.4375
vt 0.703125 0.390625
vt 0.671875 0.390625
vn -0.007596123493895972 -0.08682408883346518 -0.9961946980917455
vn 0.9961946980917455 -0.0871557427476582 1.734723475976807e-18
vn 0.007596123493895972 0.08682408883346518 0.9961946980917455
vn -0.9961946980917455 0.0871557427476582 -1.734723475976807e-18
usemtl m_b40a52b6-e5f4-53e1-ada7-b653d380a3b4
f 1668/3848/962 1671/3847/962 1669/3846/962 1666/3845/962
f 1667/3852/963 1668/3851/963 1666/3850/963 1665/3849/963
f 1672/3856/964 1667/3855/964 1665/3854/964 1670/3853/964
f 1671/3860/965 1672/3859/965 1670/3858/965 1669/3857/965
o cube
v 13.731483798326375 0.2968957684564535 0.39430315009531614
v 13.730534282889638 0.28604275735227036 0.26977881283384786
v 13.704351270565917 -0.013230442951703947 0.4215393197039593
v 13.70340175512918 -0.024083454055887132 0.297014982442491
v 13.60600994562817 0.2969372251957276 0.26977881283384786
v 13.606959461064907 0.30779023629991076 0.39430315009531614
v 13.578877417867712 -0.013188986212429865 0.297014982442491
v 13.57982693330445 -0.0023359751082466795 0.4215393197039593
vt 0.640625 0.515625
vt 0.671875 0.515625
vt 0.671875 0.4375
vt 0.640625 0.4375
vt 0.53125 0.359375
vt 0.5625 0.359375
vt 0.5625 0.28125
vt 0.53125 0.28125
vt 0.640625 0.4375
vt 0.671875 0.4375
vt 0.671875 0.359375
vt 0.640625 0.359375
vt 0.59375 0.359375
vt 0.625 0.359375
vt 0.625 0.28125
vt 0.59375 0.28125
vt 0.71875 0.9375
vt 0.6875 0.9375
vt 0.6875 0.90625
vt 0.71875 0.90625
vn -0.007596123493895972 -0.08682408883346518 -0.9961946980917455
vn 0.9961946980917455 -0.0871557427476582 1.734723475976807e-18
vn 0.007596123493895972 0.08682408883346518 0.9961946980917455
vn -0.9961946980917455 0.0871557427476582 -1.734723475976807e-18
vn -0.08682408883346518 -0.9924038765061041 0.0871557427476582
usemtl m_b40a52b6-e5f4-53e1-ada7-b653d380a3b4
f 1676/3864/966 1679/3863/966 1677/3862/966 1674/3861/966
f 1675/3868/967 1676/3867/967 1674/3866/967 1673/3865/967
f 1680/3872/968 1675/3871/968 1673/3870/968 1678/3869/968
f 1679/3876/969 1680/3875/969 1678/3874/969 1677/3873/969
f 1679/3880/970 1676/3879/970 1675/3878/970 1680/3877/970
o cube
v 14.4375 0.6875 0.4375
v 14.4375 0.6875 -0.4375
v 14.4375 0.4375 0.4375
v 14.4375 0.4375 -0.4375
v 13.5625 0.6875 -0.4375
v 13.5625 0.6875 0.4375
v 13.5625 0.4375 -0.4375
v 13.5625 0.4375 0.4375
vt 0.4375 0.84375
vt 0.65625 0.84375
vt 0.65625 0.78125
vt 0.4375 0.78125
vt 0.4375 0.78125
vt 0.65625 0.78125
vt 0.65625 0.71875
vt 0.4375 0.71875
vt 0.4375 0.71875
vt 0.65625 0.71875
vt 0.65625 0.65625
vt 0.4375 0.65625
vt 0.4375 0.65625
vt 0.65625 0.65625
vt 0.65625 0.59375
vt 0.4375 0.59375
vt 0.21875 0.78125
vt 0 0.78125
vt 0 1
vt 0.21875 1
vt 0.21875 0.78125
vt 0 0.78125
vt 0 0.5625
vt 0.21875 0.5625
vn 0 0 -1
vn 1 0 0
vn 0 0 1
vn -1 0 0
vn 0 1 0
vn 0 -1 0
usemtl m_b40a52b6-e5f4-53e1-ada7-b653d380a3b4
f 1684/3884/971 1687/3883/971 1685/3882/971 1682/3881/971
f 1683/3888/972 1684/3887/972 1682/3886/972 1681/3885/972
f 1688/3892/973 1683/3891/973 1681/3890/973 1686/3889/973
f 1687/3896/974 1688/3895/974 1686/3894/974 1685/3893/974
f 1686/3900/975 1681/3899/975 1682/3898/975 1685/3897/975
f 1687/3904/976 1684/3903/976 1683/3902/976 1688/3901/976
o cube
v 14.4375 1.473866087644415 0.5094436647613232
v 14.4375 1.490207789409601 0.32265715886912094
v 14.4375 0.6644578954448719 0.43862962377885095
v 14.4375 0.6807995972100578 0.2518431178866487
v 13.5625 1.490207789409601 0.32265715886912094
v 13.5625 1.473866087644415 0.5094436647613232
v 13.5625 0.6807995972100578 0.2518431178866487
v 13.5625 0.6644578954448719 0.43862962377885095
vt 0.21875 1
vt 0.4375 1
vt 0.4375 0.796875
vt 0.21875 0.796875
vt 0.390625 0.4375
vt 0.4375 0.4375
vt 0.4375 0.234375
vt 0.390625 0.234375
vt 0.21875 0.796875
vt 0.4375 0.796875
vt 0.4375 0.59375
vt 0.21875 0.59375
vt 0.5625 0.59375
vt 0.609375 0.59375
vt 0.609375 0.390625
vt 0.5625 0.390625
vt 0.390625 0.390625
vt 0.171875 0.390625
vt 0.171875 0.4375
vt 0.390625 0.4375
vn 0 0.08715574274765818 -0.9961946980917455
vn 1 0 0
vn 0 -0.08715574274765818 0.9961946980917455
vn -1 0 0
vn 0 0.9961946980917455 0.08715574274765818
usemtl m_b40a52b6-e5f4-53e1-ada7-b653d380a3b4
f 1692/3908/977 1695/3907/977 1693/3906/977 1690/3905/977
f 1691/3912/978 1692/3911/978 1690/3910/978 1689/3909/978
f 1696/3916/979 1691/3915/979 1689/3914/979 1694/3913/979
f 1695/3920/980 1696/3919/980 1694/3918/980 1693/3917/980
f 1694/3924/981 1689/3923/981 1690/3922/981 1693/3921/981
o cube
v 14.535793624742107 1.1071204318937153 0.445212806138958
v 14.625188906440165 1.0992993581724289 -0.2364055360555367
v 14.481321285524821 0.4844987455863743 0.445212806138958
v 14.57071656722288 0.4766776718650878 -0.2364055360555367
v 14.440000384999372 1.1155012544136258 -0.2608791970967964
v 14.350605103301314 1.1233223281349123 0.4207391450976983
v 14.385528045782086 0.49287956810628475 -0.2608791970967964
v 14.296132764084028 0.5007006418275712 0.4207391450976983
vt 0.09375 0.40625
vt 0.140625 0.40625
vt 0.140625 0.25
vt 0.09375 0.25
vt 0.21875 0.59375
vt 0.390625 0.59375
vt 0.390625 0.4375
vt 0.21875 0.4375
vt 0.609375 1
vt 0.65625 1
vt 0.65625 0.84375
vt 0.609375 0.84375
vt 0.390625 0.59375
vt 0.5625 0.59375
vt 0.5625 0.4375
vt 0.390625 0.4375
vt 0.484375 0.265625
vt 0.4375 0.265625
vt 0.4375 0.4375
vt 0.484375 0.4375
vt 0.53125 0.4375
vt 0.484375 0.4375
vt 0.484375 0.265625
vt 0.53125 0.265625
vn 0.13002950065171945 -0.011376107230962199 -0.9914448613738104
vn 0.9876721143508957 -0.08641011328638344 0.13052619222005163
vn -0.13002950065171945 0.011376107230962199 0.9914448613738104
vn -0.9876721143508957 0.08641011328638344 -0.13052619222005163
vn 0.08715574274765818 0.9961946980917457 1.7347234759768075e-18
vn -0.08715574274765818 -0.9961946980917457 -1.7347234759768075e-18
usemtl m_b40a52b6-e5f4-53e1-ada7-b653d380a3b4
f 1700/3928/982 1703/3927/982 1701/3926/982 1698/3925/982
f 1699/3932/983 1700/3931/983 1698/3930/983 1697/3929/983
f 1704/3936/984 1699/3935/984 1697/3934/984 1702/3933/984
f 1703/3940/985 1704/3939/985 1702/3938/985 1701/3937/985
f 1702/3944/986 1697/3943/986 1698/3942/986 1701/3941/986
f 1703/3948/987 1700/3947/987 1699/3946/987 1704/3945/987
o cube
v 13.649394896698686 1.1233223281349123 0.4207391450976983
v 13.559999615000628 1.1155012544136258 -0.2608791970967964
v 13.703867235915972 0.5007006418275712 0.4207391450976983
v 13.614471954217914 0.49287956810628475 -0.2608791970967964
v 13.374811093559835 1.0992993581724289 -0.2364055360555367
v 13.464206375257893 1.1071204318937153 0.445212806138958
v 13.42928343277712 0.4766776718650878 -0.2364055360555367
v 13.518678714475179 0.4844987455863743 0.445212806138958
vt 0.140625 0.390625
vt 0.1875 0.390625
vt 0.1875 0.234375
vt 0.140625 0.234375
vt 0 0.5625
vt 0.171875 0.5625
vt 0.171875 0.40625
vt 0 0.40625
vt 0.1875 0.390625
vt 0.234375 0.390625
vt 0.234375 0.234375
vt 0.1875 0.234375
vt 0.4375 1
vt 0.609375 1
vt 0.609375 0.84375
vt 0.4375 0.84375
vt 0.046875 0.234375
vt 0 0.234375
vt 0 0.40625
vt 0.046875 0.40625
vt 0.09375 0.40625
vt 0.046875 0.40625
vt 0.046875 0.234375
vt 0.09375 0.234375
vn -0.13002950065171945 -0.011376107230962199 -0.9914448613738104
vn 0.9876721143508957 0.08641011328638344 -0.13052619222005163
vn 0.13002950065171945 0.011376107230962199 0.9914448613738104
vn -0.9876721143508957 -0.08641011328638344 0.13052619222005163
vn -0.08715574274765818 0.9961946980917457 1.7347234759768075e-18
vn 0.08715574274765818 -0.9961946980917457 -1.7347234759768075e-18
usemtl m_b40a52b6-e5f4-53e1-ada7-b653d380a3b4
f 1708/3952/988 1711/3951/988 1709/3950/988 1706/3949/988
f 1707/3956/989 1708/3955/989 1706/3954/989 1705/3953/989
f 1712/3960/990 1707/3959/990 1705/3958/990 1710/3957/990
f 1711/3964/991 1712/3963/991 1710/3962/991 1709/3961/991
f 1710/3968/992 1705/3967/992 1706/3966/992 1709/3965/992
f 1711/3972/993 1708/3971/993 1707/3970/993 1712/3969/993
o cube
v 1.7305342828896375 0.28604275735227036 1.7127290246386107
v 1.7314837983263747 0.2968957684564535 1.588204687377143
v 1.70340175512918 -0.024083454055887132 1.6854928550299677
v 1.7043512705659172 -0.013230442951703947 1.5609685177684995
v 1.6069594610649065 0.30779023629991076 1.588204687377143
v 1.6060099456281698 0.2969372251957276 1.7127290246386107
v 1.5798269333044486 -0.0023359751082466795 1.5609685177684995
v 1.5788774178677114 -0.013188986212429865 1.6854928550299677
vt 0.125 0.640625
vt 0.15625 0.640625
vt 0.15625 0.5625
vt 0.125 0.5625
vt 0.09375 0.640625
vt 0.125 0.640625
vt 0.125 0.5625
vt 0.09375 0.5625
vt 0.1875 0.640625
vt 0.21875 0.640625
vt 0.21875 0.5625
vt 0.1875 0.5625
vt 0.15625 0.640625
vt 0.1875 0.640625
vt 0.1875 0.5625
vt 0.15625 0.5625
vt 0.1875 0.671875
vt 0.15625 0.671875
vt 0.15625 0.640625
vt 0.1875 0.640625
vn 0.007596123493895972 0.08682408883346518 -0.9961946980917455
vn 0.9961946980917455 -0.0871557427476582 -1.734723475976807e-18
vn -0.007596123493895972 -0.08682408883346518 0.9961946980917455
vn -0.9961946980917455 0.0871557427476582 1.734723475976807e-18
vn -0.08682408883346518 -0.9924038765061041 -0.0871557427476582
usemtl m_12a5a79e-b0cb-c502-6c35-1cf813589abe
f 1716/3976/994 1719/3975/994 1717/3974/994 1714/3973/994
f 1715/3980/995 1716/3979/995 1714/3978/995 1713/3977/995
f 1720/3984/996 1715/3983/996 1713/3982/996 1718/3981/996
f 1719/3988/997 1720/3987/997 1718/3986/997 1717/3985/997
f 1719/3992/998 1716/3991/998 1715/3990/998 1720/3989/998
o cube
v 1.758190773109935 0.42288111761748637 1.7405508431201842
v 1.7593776674058565 0.4364473814977152 1.5848954215433486
v 1.7391980036776147 0.20579276963177595 1.7214855243941338
v 1.7403848979735361 0.21935903351200492 1.5658301028172983
v 1.6037222458290215 0.4500654663020368 1.5848954215433486
v 1.6025353515331 0.43649920242180795 1.7405508431201842
v 1.5847294763967006 0.2329771183163265 1.5658301028172983
v 1.5835425821007796 0.21941085443609754 1.7214855243941338
vt 0.65625 0.75
vt 0.6875 0.75
vt 0.6875 0.703125
vt 0.65625 0.703125
vt 0.625 0.75
vt 0.65625 0.75
vt 0.65625 0.703125
vt 0.625 0.703125
vt 0.71875 0.75
vt 0.75 0.75
vt 0.75 0.703125
vt 0.71875 0.703125
vt 0.6875 0.75
vt 0.71875 0.75
vt 0.71875 0.703125
vt 0.6875 0.703125
vn 0.007596123493895972 0.08682408883346518 -0.9961946980917455
vn 0.9961946980917455 -0.0871557427476582 -1.734723475976807e-18
vn -0.007596123493895972 -0.08682408883346518 0.9961946980917455
vn -0.9961946980917455 0.0871557427476582 1.734723475976807e-18
usemtl m_12a5a79e-b0cb-c502-6c35-1cf813589abe
f 1724/3996/999 1727/3995/999 1725/3994/999 1722/3993/999
f 1723/4000/1000 1724/3999/1000 1722/3998/1000 1721/3997/1000
f 1728/4004/1001 1723/4003/1001 1721/4002/1001 1726/4001/1001
f 1727/4008/1002 1728/4007/1002 1726/4006/1002 1725/4005/1002
o cube
v 2.3974646484669 0.43649920242180795 1.7405508431201842
v 2.3962777541709785 0.4500654663020368 1.5848954215433486
v 2.4164574178992204 0.21941085443609754 1.7214855243941338
v 2.4152705236032994 0.2329771183163265 1.5658301028172983
v 2.2406223325941435 0.4364473814977152 1.5848954215433486
v 2.241809226890065 0.42288111761748637 1.7405508431201842
v 2.259615102026464 0.21935903351200492 1.5658301028172983
v 2.2608019963223853 0.20579276963177595 1.7214855243941338
vt 0.65625 0.96875
vt 0.6875 0.96875
vt 0.6875 0.921875
vt 0.65625 0.921875
vt 0.625 0.96875
vt 0.65625 0.96875
vt 0.65625 0.921875
vt 0.625 0.921875
vt 0.71875 0.96875
vt 0.75 0.96875
vt 0.75 0.921875
vt 0.71875 0.921875
vt 0.6875 0.96875
vt 0.71875 0.96875
vt 0.71875 0.921875
vt 0.6875 0.921875
vn -0.007596123493895972 0.08682408883346518 -0.9961946980917455
vn 0.9961946980917455 0.0871557427476582 1.734723475976807e-18
vn 0.007596123493895972 -0.08682408883346518 0.9961946980917455
vn -0.9961946980917455 -0.0871557427476582 -1.734723475976807e-18
usemtl m_12a5a79e-b0cb-c502-6c35-1cf813589abe
f 1732/4012/1003 1735/4011/1003 1733/4010/1003 1730/4009/1003
f 1731/4016/1004 1732/4015/1004 1730/4014/1004 1729/4013/1004
f 1736/4020/1005 1731/4019/1005 1729/4018/1005 1734/4017/1005
f 1735/4024/1006 1736/4023/1006 1734/4022/1006 1733/4021/1006
o cube
v 2.39399005437183 0.2969372251957276 1.7127290246386107
v 2.3930405389350935 0.30779023629991076 1.588204687377143
v 2.421122582132288 -0.013188986212429865 1.6854928550299677
v 2.4201730666955514 -0.0023359751082466795 1.5609685177684995
v 2.2685162016736253 0.2968957684564535 1.588204687377143
v 2.269465717110362 0.28604275735227036 1.7127290246386107
v 2.2956487294340833 -0.013230442951703947 1.5609685177684995
v 2.29659824487082 -0.024083454055887132 1.6854928550299677
vt 0.03125 0.71875
vt 0.0625 0.71875
vt 0.0625 0.640625
vt 0.03125 0.640625
vt 0 0.71875
vt 0.03125 0.71875
vt 0.03125 0.640625
vt 0 0.640625
vt 0.09375 0.71875
vt 0.125 0.71875
vt 0.125 0.640625
vt 0.09375 0.640625
vt 0.0625 0.71875
vt 0.09375 0.71875
vt 0.09375 0.640625
vt 0.0625 0.640625
vt 0.09375 0.75
vt 0.0625 0.75
vt 0.0625 0.71875
vt 0.09375 0.71875
vn -0.007596123493895972 0.08682408883346518 -0.9961946980917455
vn 0.9961946980917455 0.0871557427476582 1.734723475976807e-18
vn 0.007596123493895972 -0.08682408883346518 0.9961946980917455
vn -0.9961946980917455 -0.0871557427476582 -1.734723475976807e-18
vn 0.08682408883346518 -0.9924038765061041 -0.0871557427476582
usemtl m_12a5a79e-b0cb-c502-6c35-1cf813589abe
f 1740/4028/1007 1743/4027/1007 1741/4026/1007 1738/4025/1007
f 1739/4032/1008 1740/4031/1008 1738/4030/1008 1737/4029/1008
f 1744/4036/1009 1739/4035/1009 1737/4034/1009 1742/4033/1009
f 1743/4040/1010 1744/4039/1010 1742/4038/1010 1741/4037/1010
f 1743/4044/1011 1740/4043/1011 1739/4042/1011 1744/4041/1011
o cube
v 2.3962777541709785 0.4500654663020368 2.380120253401569
v 2.3974646484669 0.43649920242180795 2.2244648318247338
v 2.4152705236032994 0.2329771183163265 2.399185572127619
v 2.4164574178992204 0.21941085443609754 2.243530150550784
v 2.241809226890065 0.42288111761748637 2.2244648318247338
v 2.2406223325941435 0.4364473814977152 2.380120253401569
v 2.2608019963223853 0.20579276963177595 2.243530150550784
v 2.259615102026464 0.21935903351200492 2.399185572127619
vt 0.46875 0.71875
vt 0.5 0.71875
vt 0.5 0.671875
vt 0.46875 0.671875
vt 0.4375 0.71875
vt 0.46875 0.71875
vt 0.46875 0.671875
vt 0.4375 0.671875
vt 0.53125 0.71875
vt 0.5625 0.71875
vt 0.5625 0.671875
vt 0.53125 0.671875
vt 0.5 0.71875
vt 0.53125 0.71875
vt 0.53125 0.671875
vt 0.5 0.671875
vn 0.007596123493895972 -0.08682408883346518 -0.9961946980917455
vn 0.9961946980917455 0.0871557427476582 -1.734723475976807e-18
vn -0.007596123493895972 0.08682408883346518 0.9961946980917455
vn -0.9961946980917455 -0.0871557427476582 1.734723475976807e-18
usemtl m_12a5a79e-b0cb-c502-6c35-1cf813589abe
f 1748/4048/1012 1751/4047/1012 1749/4046/1012 1746/4045/1012
f 1747/4052/1013 1748/4051/1013 1746/4050/1013 1745/4049/1013
f 1752/4056/1014 1747/4055/1014 1745/4054/1014 1750/4053/1014
f 1751/4060/1015 1752/4059/1015 1750/4058/1015 1749/4057/1015
o cube
v 2.3930405389350935 0.30779023629991076 2.376810987567775
v 2.39399005437183 0.2969372251957276 2.252286650306307
v 2.4201730666955514 -0.0023359751082466795 2.404047157176418
v 2.421122582132288 -0.013188986212429865 2.2795228199149498
v 2.269465717110362 0.28604275735227036 2.252286650306307
v 2.2685162016736253 0.2968957684564535 2.376810987567775
v 2.29659824487082 -0.024083454055887132 2.2795228199149498
v 2.2956487294340833 -0.013230442951703947 2.404047157176418
vt 0.125 0.890625
vt 0.15625 0.890625
vt 0.15625 0.8125
vt 0.125 0.8125
vt 0.09375 0.890625
vt 0.125 0.890625
vt 0.125 0.8125
vt 0.09375 0.8125
vt 0.1875 0.890625
vt 0.21875 0.890625
vt 0.21875 0.8125
vt 0.1875 0.8125
vt 0.15625 0.890625
vt 0.1875 0.890625
vt 0.1875 0.8125
vt 0.15625 0.8125
vt 0.1875 0.921875
vt 0.15625 0.921875
vt 0.15625 0.890625
vt 0.1875 0.890625
vn 0.007596123493895972 -0.08682408883346518 -0.9961946980917455
vn 0.9961946980917455 0.0871557427476582 -1.734723475976807e-18
vn -0.007596123493895972 0.08682408883346518 0.9961946980917455
vn -0.9961946980917455 -0.0871557427476582 1.734723475976807e-18
vn 0.08682408883346518 -0.9924038765061041 0.0871557427476582
usemtl m_12a5a79e-b0cb-c502-6c35-1cf813589abe
f 1756/4064/1016 1759/4063/1016 1757/4062/1016 1754/4061/1016
f 1755/4068/1017 1756/4067/1017 1754/4066/1017 1753/4065/1017
f 1760/4072/1018 1755/4071/1018 1753/4070/1018 1758/4069/1018
f 1759/4076/1019 1760/4075/1019 1758/4074/1019 1757/4073/1019
f 1759/4080/1020 1756/4079/1020 1755/4078/1020 1760/4077/1020
o cube
v 1.7593776674058565 0.4364473814977152 2.380120253401569
v 1.758190773109935 0.42288111761748637 2.2244648318247338
v 1.7403848979735361 0.21935903351200492 2.399185572127619
v 1.7391980036776147 0.20579276963177595 2.243530150550784
v 1.6025353515331 0.43649920242180795 2.2244648318247338
v 1.6037222458290215 0.4500654663020368 2.380120253401569
v 1.5835425821007796 0.21941085443609754 2.243530150550784
v 1.5847294763967006 0.2329771183163265 2.399185572127619
vt 0.46875 0.96875
vt 0.5 0.96875
vt 0.5 0.921875
vt 0.46875 0.921875
vt 0.4375 0.96875
vt 0.46875 0.96875
vt 0.46875 0.921875
vt 0.4375 0.921875
vt 0.53125 0.96875
vt 0.5625 0.96875
vt 0.5625 0.921875
vt 0.53125 0.921875
vt 0.5 0.96875
vt 0.53125 0.96875
vt 0.53125 0.921875
vt 0.5 0.921875
vn -0.007596123493895972 -0.08682408883346518 -0.9961946980917455
vn 0.9961946980917455 -0.0871557427476582 1.734723475976807e-18
vn 0.007596123493895972 0.08682408883346518 0.9961946980917455
vn -0.9961946980917455 0.0871557427476582 -1.734723475976807e-18
usemtl m_12a5a79e-b0cb-c502-6c35-1cf813589abe
f 1764/4084/1021 1767/4083/1021 1765/4082/1021 1762/4081/1021
f 1763/4088/1022 1764/4087/1022 1762/4086/1022 1761/4085/1022
f 1768/4092/1023 1763/4091/1023 1761/4090/1023 1766/4089/1023
f 1767/4096/1024 1768/4095/1024 1766/4094/1024 1765/4093/1024
o cube
v 1.7314837983263747 0.2968957684564535 2.376810987567775
v 1.7305342828896375 0.28604275735227036 2.252286650306307
v 1.7043512705659172 -0.013230442951703947 2.404047157176418
v 1.70340175512918 -0.024083454055887132 2.2795228199149498
v 1.6060099456281698 0.2969372251957276 2.252286650306307
v 1.6069594610649065 0.30779023629991076 2.376810987567775
v 1.5788774178677114 -0.013188986212429865 2.2795228199149498
v 1.5798269333044486 -0.0023359751082466795 2.404047157176418
vt 0.03125 0.96875
vt 0.0625 0.96875
vt 0.0625 0.890625
vt 0.03125 0.890625
vt 0 0.96875
vt 0.03125 0.96875
vt 0.03125 0.890625
vt 0 0.890625
vt 0.09375 0.96875
vt 0.125 0.96875
vt 0.125 0.890625
vt 0.09375 0.890625
vt 0.0625 0.96875
vt 0.09375 0.96875
vt 0.09375 0.890625
vt 0.0625 0.890625
vt 0.09375 1
vt 0.0625 1
vt 0.0625 0.96875
vt 0.09375 0.96875
vn -0.007596123493895972 -0.08682408883346518 -0.9961946980917455
vn 0.9961946980917455 -0.0871557427476582 1.734723475976807e-18
vn 0.007596123493895972 0.08682408883346518 0.9961946980917455
vn -0.9961946980917455 0.0871557427476582 -1.734723475976807e-18
vn -0.08682408883346518 -0.9924038765061041 0.0871557427476582
usemtl m_12a5a79e-b0cb-c502-6c35-1cf813589abe
f 1772/4100/1025 1775/4099/1025 1773/4098/1025 1770/4097/1025
f 1771/4104/1026 1772/4103/1026 1770/4102/1026 1769/4101/1026
f 1776/4108/1027 1771/4107/1027 1769/4106/1027 1774/4105/1027
f 1775/4112/1028 1776/4111/1028 1774/4110/1028 1773/4109/1028
f 1775/4116/1029 1772/4115/1029 1771/4114/1029 1776/4113/1029
o cube
v 2.4249407125716815 0.5516151551287072 2.4200078374724585
v 2.4249407125716815 0.5516151551287072 1.5450078374724585
v 2.435835180415139 0.4270908178672391 2.4200078374724585
v 2.435835180415139 0.4270908178672391 1.5450078374724585
v 1.9891055321565432 0.513484517676607 1.5450078374724585
v 1.9891055321565432 0.513484517676607 2.4200078374724585
v 2 0.3889601804151387 1.5450078374724585
v 2 0.3889601804151387 2.4200078374724585
vt 0.21875 0.53125
vt 0.328125 0.53125
vt 0.328125 0.5
vt 0.21875 0.5
vt 0 0.53125
vt 0.21875 0.53125
vt 0.21875 0.5
vt 0 0.5
vt 0.546875 0.53125
vt 0.65625 0.53125
vt 0.65625 0.5
vt 0.546875 0.5
vt 0.328125 0.53125
vt 0.21875 0.53125
vt 0.21875 0.75
vt 0.328125 0.75
vt 0.4375 0.75
vt 0.328125 0.75
vt 0.328125 0.53125
vt 0.4375 0.53125
vn 0 0 -1
vn 0.9961946980917455 0.08715574274765818 0
vn 0 0 1
vn -0.08715574274765818 0.9961946980917455 0
vn 0.08715574274765818 -0.9961946980917455 0
usemtl m_12a5a79e-b0cb-c502-6c35-1cf813589abe
f 1780/4120/1030 1783/4119/1030 1781/4118/1030 1778/4117/1030
f 1779/4124/1031 1780/4123/1031 1778/4122/1031 1777/4121/1031
f 1784/4128/1032 1779/4127/1032 1777/4126/1032 1782/4125/1032
f 1782/4132/1033 1777/4131/1033 1778/4130/1033 1781/4129/1033
f 1783/4136/1034 1780/4135/1034 1779/4134/1034 1784/4133/1034
o cube
v 2.375 1.3024667503829468 2.4810570343903247
v 2.375 1.313361218226404 2.3565326971288565
v 2.375 0.4930585581834037 2.4102429934078526
v 2.375 0.503953026026861 2.2857186561463845
v 1.625 1.313361218226404 2.3565326971288565
v 1.625 1.3024667503829468 2.4810570343903247
v 1.625 0.503953026026861 2.2857186561463845
v 1.625 0.4930585581834037 2.4102429934078526
vt 0.03125 0.46875
vt 0.21875 0.46875
vt 0.21875 0.265625
vt 0.03125 0.265625
vt 0 0.46875
vt 0.03125 0.46875
vt 0.03125 0.265625
vt 0 0.265625
vt 0.25 0.46875
vt 0.4375 0.46875
vt 0.4375 0.265625
vt 0.25 0.265625
vt 0.21875 0.46875
vt 0.25 0.46875
vt 0.25 0.265625
vt 0.21875 0.265625
vt 0.21875 0.46875
vt 0.03125 0.46875
vt 0.03125 0.5
vt 0.21875 0.5
vn 0 0.08715574274765818 -0.9961946980917455
vn 1 0 0
vn 0 -0.08715574274765818 0.9961946980917455
vn -1 0 0
vn 0 0.9961946980917455 0.08715574274765818
usemtl m_12a5a79e-b0cb-c502-6c35-1cf813589abe
f 1788/4140/1035 1791/4139/1035 1789/4138/1035 1786/4137/1035
f 1787/4144/1036 1788/4143/1036 1786/4142/1036 1785/4141/1036
f 1792/4148/1037 1787/4147/1037 1785/4146/1037 1790/4145/1037
f 1791/4152/1038 1792/4151/1038 1790/4150/1038 1789/4149/1038
f 1790/4156/1039 1785/4155/1039 1786/4154/1039 1789/4153/1039
o cube
v 2.5 1.3024667503829468 2.4810570343903247
v 2.5 1.3242556860698613 2.2320083598673883
v 2.5 0.43079638955266963 2.404795759486124
v 2.5 0.45258532523958417 2.1557470849631875
v 2.375 1.3242556860698613 2.2320083598673883
v 2.375 1.3024667503829468 2.4810570343903247
v 2.375 0.45258532523958417 2.1557470849631875
v 2.375 0.43079638955266963 2.404795759486124
vt 0.6875 0.46875
vt 0.71875 0.46875
vt 0.71875 0.25
vt 0.6875 0.25
vt 0.625 0.46875
vt 0.6875 0.46875
vt 0.6875 0.25
vt 0.625 0.25
vt 0.78125 0.46875
vt 0.8125 0.46875
vt 0.8125 0.25
vt 0.78125 0.25
vt 0.71875 0.46875
vt 0.78125 0.46875
vt 0.78125 0.25
vt 0.71875 0.25
vt 0.71875 0.46875
vt 0.6875 0.46875
vt 0.6875 0.53125
vt 0.71875 0.53125
vn 0 0.08715574274765818 -0.9961946980917455
vn 1 0 0
vn 0 -0.08715574274765818 0.9961946980917455
vn -1 0 0
vn 0 0.9961946980917455 0.08715574274765818
usemtl m_12a5a79e-b0cb-c502-6c35-1cf813589abe
f 1796/4160/1040 1799/4159/1040 1797/4158/1040 1794/4157/1040
f 1795/4164/1041 1796/4163/1041 1794/4162/1041 1793/4161/1041
f 1800/4168/1042 1795/4167/1042 1793/4166/1042 1798/4165/1042
f 1799/4172/1043 1800/4171/1043 1798/4170/1043 1797/4169/1043
f 1798/4176/1044 1793/4175/1044 1794/4174/1044 1797/4173/1044
o cube
v 1.625 1.3024667503829468 2.4810570343903247
v 1.625 1.3242556860698613 2.2320083598673883
v 1.625 0.43079638955266963 2.404795759486124
v 1.625 0.45258532523958417 2.1557470849631875
v 1.5 1.3242556860698613 2.2320083598673883
v 1.5 1.3024667503829468 2.4810570343903247
v 1.5 0.45258532523958417 2.1557470849631875
v 1.5 0.43079638955266963 2.404795759486124
vt 0.5 0.4375
vt 0.53125 0.4375
vt 0.53125 0.21875
vt 0.5 0.21875
vt 0.4375 0.4375
vt 0.5 0.4375
vt 0.5 0.21875
vt 0.4375 0.21875
vt 0.59375 0.4375
vt 0.625 0.4375
vt 0.625 0.21875
vt 0.59375 0.21875
vt 0.53125 0.4375
vt 0.59375 0.4375
vt 0.59375 0.21875
vt 0.53125 0.21875
vt 0.53125 0.4375
vt 0.5 0.4375
vt 0.5 0.5
vt 0.53125 0.5
vn 0 0.08715574274765818 -0.9961946980917455
vn 1 0 0
vn 0 -0.08715574274765818 0.9961946980917455
vn -1 0 0
vn 0 0.9961946980917455 0.08715574274765818
usemtl m_12a5a79e-b0cb-c502-6c35-1cf813589abe
f 1804/4180/1045 1807/4179/1045 1805/4178/1045 1802/4177/1045
f 1803/4184/1046 1804/4183/1046 1802/4182/1046 1801/4181/1046
f 1808/4188/1047 1803/4187/1047 1801/4186/1047 1806/4185/1047
f 1807/4192/1048 1808/4191/1048 1806/4190/1048 1805/4189/1048
f 1806/4196/1049 1801/4195/1049 1802/4194/1049 1805/4193/1049
o cube
v 2.5 0.8261583370239887 2.1884304884935593
v 2.5 0.8697362083978177 1.6903331394476866
v 2.5 0.45258532523958417 2.1557470849631875
v 2.5 0.49616319661341324 1.6576497359173148
v 2.375 0.8697362083978177 1.6903331394476866
v 2.375 0.8261583370239887 2.1884304884935593
v 2.375 0.49616319661341324 1.6576497359173148
v 2.375 0.45258532523958417 2.1557470849631875
vt 0.5625 0.625
vt 0.59375 0.625
vt 0.59375 0.53125
vt 0.5625 0.53125
vt 0.4375 0.625
vt 0.5625 0.625
vt 0.5625 0.53125
vt 0.4375 0.53125
vt 0.59375 0.625
vt 0.71875 0.625
vt 0.71875 0.53125
vt 0.59375 0.53125
vt 0.59375 0.625
vt 0.5625 0.625
vt 0.5625 0.75
vt 0.59375 0.75
vn 0 0.08715574274765818 -0.9961946980917455
vn 1 0 0
vn -1 0 0
vn 0 0.9961946980917455 0.08715574274765818
usemtl m_12a5a79e-b0cb-c502-6c35-1cf813589abe
f 1812/4200/1050 1815/4199/1050 1813/4198/1050 1810/4197/1050
f 1811/4204/1051 1812/4203/1051 1810/4202/1051 1809/4201/1051
f 1815/4208/1052 1816/4207/1052 1814/4206/1052 1813/4205/1052
f 1814/4212/1053 1809/4211/1053 1810/4210/1053 1813/4209/1053
o cube
v 1.625 0.8261583370239887 2.1884304884935593
v 1.625 0.8697362083978177 1.6903331394476866
v 1.625 0.45258532523958417 2.1557470849631875
v 1.625 0.49616319661341324 1.6576497359173148
v 1.5 0.8697362083978177 1.6903331394476866
v 1.5 0.8261583370239887 2.1884304884935593
v 1.5 0.49616319661341324 1.6576497359173148
v 1.5 0.45258532523958417 2.1557470849631875
vt 0.5625 0.875
vt 0.59375 0.875
vt 0.59375 0.78125
vt 0.5625 0.78125
vt 0.4375 0.875
vt 0.5625 0.875
vt 0.5625 0.78125
vt 0.4375 0.78125
vt 0.59375 0.875
vt 0.71875 0.875
vt 0.71875 0.78125
vt 0.59375 0.78125
vt 0.59375 0.875
vt 0.5625 0.875
vt 0.5625 1
vt 0.59375 1
vn 0 0.08715574274765818 -0.9961946980917455
vn 1 0 0
vn -1 0 0
vn 0 0.9961946980917455 0.08715574274765818
usemtl m_12a5a79e-b0cb-c502-6c35-1cf813589abe
f 1820/4216/1054 1823/4215/1054 1821/4214/1054 1818/4213/1054
f 1819/4220/1055 1820/4219/1055 1818/4218/1055 1817/4217/1055
f 1823/4224/1056 1824/4223/1056 1822/4222/1056 1821/4221/1056
f 1822/4228/1057 1817/4227/1057 1818/4226/1057 1821/4225/1057
o cube
v 2.0108944678434573 0.513484517676607 2.4200078374724585
v 2.0108944678434573 0.513484517676607 1.5450078374724585
v 2 0.3889601804151387 2.4200078374724585
v 2 0.3889601804151387 1.5450078374724585
v 1.5750592874283185 0.5516151551287072 1.5450078374724585
v 1.5750592874283185 0.5516151551287072 2.4200078374724585
v 1.5641648195848612 0.4270908178672391 1.5450078374724585
v 1.5641648195848612 0.4270908178672391 2.4200078374724585
vt 0.21875 0.78125
vt 0.328125 0.78125
vt 0.328125 0.75
vt 0.21875 0.75
vt 0.546875 0.78125
vt 0.65625 0.78125
vt 0.65625 0.75
vt 0.546875 0.75
vt 0.328125 0.78125
vt 0.546875 0.78125
vt 0.546875 0.75
vt 0.328125 0.75
vt 0.328125 0.78125
vt 0.21875 0.78125
vt 0.21875 1
vt 0.328125 1
vt 0.4375 1
vt 0.328125 1
vt 0.328125 0.78125
vt 0.4375 0.78125
vn 0 0 -1
vn 0 0 1
vn -0.9961946980917455 0.08715574274765818 0
vn 0.08715574274765818 0.9961946980917455 0
vn -0.08715574274765818 -0.9961946980917455 0
usemtl m_12a5a79e-b0cb-c502-6c35-1cf813589abe
f 1828/4232/1058 1831/4231/1058 1829/4230/1058 1826/4229/1058
f 1832/4236/1059 1827/4235/1059 1825/4234/1059 1830/4233/1059
f 1831/4240/1060 1832/4239/1060 1830/4238/1060 1829/4237/1060
f 1830/4244/1061 1825/4243/1061 1826/4242/1061 1829/4241/1061
f 1831/4248/1062 1828/4247/1062 1827/4246/1062 1832/4245/1062
o cube
v 3.7305342828896375 0.16104275735227036 1.7127290246386107
v 3.7314837983263747 0.1718957684564535 1.588204687377143
v 3.7142547662333634 -0.025032969492624235 1.696387322873425
v 3.7152042816701005 -0.014179958388441105 1.5718629856119568
v 3.606959461064907 0.18279023629991076 1.588204687377143
v 3.60600994562817 0.17193722519572763 1.7127290246386107
v 3.590679944408632 -0.003285490544983838 1.5718629856119568
v 3.5897304289718948 -0.014138501649166968 1.696387322873425
vt 0.390625 0.28125
vt 0.421875 0.28125
vt 0.421875 0.234375
vt 0.390625 0.234375
vt 0.421875 0.28125
vt 0.453125 0.28125
vt 0.453125 0.234375
vt 0.421875 0.234375
vt 0.453125 0.28125
vt 0.484375 0.28125
vt 0.484375 0.234375
vt 0.453125 0.234375
vt 0.71875 0.46875
vt 0.75 0.46875
vt 0.75 0.421875
vt 0.71875 0.421875
vt 0.6875 0.46875
vt 0.65625 0.46875
vt 0.65625 0.4375
vt 0.6875 0.4375
vn 0.007596123493895972 0.08682408883346518 -0.9961946980917455
vn 0.9961946980917455 -0.0871557427476582 -1.734723475976807e-18
vn -0.007596123493895972 -0.08682408883346518 0.9961946980917455
vn -0.9961946980917455 0.0871557427476582 1.734723475976807e-18
vn -0.08682408883346518 -0.9924038765061041 -0.0871557427476582
usemtl m_fb20068b-88dd-60dd-9beb-c17bfb475905
f 1836/4252/1063 1839/4251/1063 1837/4250/1063 1834/4249/1063
f 1835/4256/1064 1836/4255/1064 1834/4254/1064 1833/4253/1064
f 1840/4260/1065 1835/4259/1065 1833/4258/1065 1838/4257/1065
f 1839/4264/1066 1840/4263/1066 1838/4262/1066 1837/4261/1066
f 1839/4268/1067 1836/4267/1067 1835/4266/1067 1840/4265/1067
o cube
v 3.7527642675578434 0.23585587533585473 1.7351036091984553
v 3.753951161853765 0.24942213921608358 1.5794481876216198
v 3.7391980036776147 0.08079276963177584 1.7214855243941338
v 3.740384897973536 0.09435903351200481 1.5658301028172983
v 3.5982957402769298 0.26304022402040517 1.5794481876216198
v 3.5971088459810083 0.2494739601401763 1.7351036091984553
v 3.584729476396701 0.10797711831632639 1.5658301028172983
v 3.5835425821007796 0.09441085443609742 1.7214855243941338
vt 0.75 0.28125
vt 0.78125 0.28125
vt 0.78125 0.25
vt 0.75 0.25
vt 0.75 0.25
vt 0.78125 0.25
vt 0.78125 0.21875
vt 0.75 0.21875
vt 0.765625 0.78125
vt 0.796875 0.78125
vt 0.796875 0.75
vt 0.765625 0.75
vt 0.765625 0.75
vt 0.796875 0.75
vt 0.796875 0.71875
vt 0.765625 0.71875
vn 0.007596123493895972 0.08682408883346518 -0.9961946980917455
vn 0.9961946980917455 -0.0871557427476582 -1.734723475976807e-18
vn -0.007596123493895972 -0.08682408883346518 0.9961946980917455
vn -0.9961946980917455 0.0871557427476582 1.734723475976807e-18
usemtl m_fb20068b-88dd-60dd-9beb-c17bfb475905
f 1844/4272/1068 1847/4271/1068 1845/4270/1068 1842/4269/1068
f 1843/4276/1069 1844/4275/1069 1842/4274/1069 1841/4273/1069
f 1848/4280/1070 1843/4279/1070 1841/4278/1070 1846/4277/1070
f 1847/4284/1071 1848/4283/1071 1846/4282/1071 1845/4281/1071
o cube
v 4.402891154018992 0.2494739601401763 1.7351036091984553
v 4.40170425972307 0.26304022402040517 1.5794481876216198
v 4.41645741789922 0.09441085443609742 1.7214855243941338
v 4.415270523603299 0.10797711831632639 1.5658301028172983
v 4.246048838146235 0.24942213921608358 1.5794481876216198
v 4.247235732442157 0.23585587533585473 1.7351036091984553
v 4.259615102026464 0.09435903351200481 1.5658301028172983
v 4.260801996322385 0.08079276963177584 1.7214855243941338
vt 0.765625 0.71875
vt 0.796875 0.71875
vt 0.796875 0.6875
vt 0.765625 0.6875
vt 0.390625 0.234375
vt 0.421875 0.234375
vt 0.421875 0.203125
vt 0.390625 0.203125
vt 0.421875 0.234375
vt 0.453125 0.234375
vt 0.453125 0.203125
vt 0.421875 0.203125
vt 0.453125 0.234375
vt 0.484375 0.234375
vt 0.484375 0.203125
vt 0.453125 0.203125
vn -0.007596123493895972 0.08682408883346518 -0.9961946980917455
vn 0.9961946980917455 0.0871557427476582 1.734723475976807e-18
vn 0.007596123493895972 -0.08682408883346518 0.9961946980917455
vn -0.9961946980917455 -0.0871557427476582 -1.734723475976807e-18
usemtl m_fb20068b-88dd-60dd-9beb-c17bfb475905
f 1852/4288/1072 1855/4287/1072 1853/4286/1072 1850/4285/1072
f 1851/4292/1073 1852/4291/1073 1850/4290/1073 1849/4289/1073
f 1856/4296/1074 1851/4295/1074 1849/4294/1074 1854/4293/1074
f 1855/4300/1075 1856/4299/1075 1854/4298/1075 1853/4297/1075
o cube
v 4.39399005437183 0.17193722519572763 1.7127290246386107
v 4.393040538935093 0.18279023629991076 1.588204687377143
v 4.410269571028105 -0.014138501649166968 1.696387322873425
v 4.409320055591368 -0.003285490544983838 1.5718629856119568
v 4.268516201673625 0.1718957684564535 1.588204687377143
v 4.2694657171103625 0.16104275735227036 1.7127290246386107
v 4.2847957183298995 -0.014179958388441105 1.5718629856119568
v 4.285745233766637 -0.025032969492624235 1.696387322873425
vt 0.71875 0.421875
vt 0.75 0.421875
vt 0.75 0.375
vt 0.71875 0.375
vt 0.71875 0.375
vt 0.75 0.375
vt 0.75 0.328125
vt 0.71875 0.328125
vt 0.71875 0.328125
vt 0.75 0.328125
vt 0.75 0.28125
vt 0.71875 0.28125
vt 0.71875 0.28125
vt 0.75 0.28125
vt 0.75 0.234375
vt 0.71875 0.234375
vt 0.75 0.234375
vt 0.71875 0.234375
vt 0.71875 0.203125
vt 0.75 0.203125
vn -0.007596123493895972 0.08682408883346518 -0.9961946980917455
vn 0.9961946980917455 0.0871557427476582 1.734723475976807e-18
vn 0.007596123493895972 -0.08682408883346518 0.9961946980917455
vn -0.9961946980917455 -0.0871557427476582 -1.734723475976807e-18
vn 0.08682408883346518 -0.9924038765061041 -0.0871557427476582
usemtl m_fb20068b-88dd-60dd-9beb-c17bfb475905
f 1860/4304/1076 1863/4303/1076 1861/4302/1076 1858/4301/1076
f 1859/4308/1077 1860/4307/1077 1858/4306/1077 1857/4305/1077
f 1864/4312/1078 1859/4311/1078 1857/4310/1078 1862/4309/1078
f 1863/4316/1079 1864/4315/1079 1862/4314/1079 1861/4313/1079
f 1863/4320/1080 1860/4319/1080 1859/4318/1080 1864/4317/1080
o cube
v 4.40170425972307 0.26304022402040517 2.3855674873232977
v 4.402891154018992 0.2494739601401763 2.2299120657464626
v 4.415270523603299 0.10797711831632639 2.399185572127619
v 4.41645741789922 0.09441085443609742 2.243530150550784
v 4.247235732442157 0.23585587533585473 2.2299120657464626
v 4.246048838146235 0.24942213921608358 2.3855674873232977
v 4.260801996322385 0.08079276963177584 2.243530150550784
v 4.259615102026464 0.09435903351200481 2.399185572127619
vt 0.78125 0.6875
vt 0.8125 0.6875
vt 0.8125 0.65625
vt 0.78125 0.65625
vt 0.78125 0.65625
vt 0.8125 0.65625
vt 0.8125 0.625
vt 0.78125 0.625
vt 0.359375 0.21875
vt 0.390625 0.21875
vt 0.390625 0.1875
vt 0.359375 0.1875
vt 0.78125 0.625
vt 0.8125 0.625
vt 0.8125 0.59375
vt 0.78125 0.59375
vn 0.007596123493895972 -0.08682408883346518 -0.9961946980917455
vn 0.9961946980917455 0.0871557427476582 -1.734723475976807e-18
vn -0.007596123493895972 0.08682408883346518 0.9961946980917455
vn -0.9961946980917455 -0.0871557427476582 1.734723475976807e-18
usemtl m_fb20068b-88dd-60dd-9beb-c17bfb475905
f 1868/4324/1081 1871/4323/1081 1869/4322/1081 1866/4321/1081
f 1867/4328/1082 1868/4327/1082 1866/4326/1082 1865/4325/1082
f 1872/4332/1083 1867/4331/1083 1865/4330/1083 1870/4329/1083
f 1871/4336/1084 1872/4335/1084 1870/4334/1084 1869/4333/1084
o cube
v 4.393040538935093 0.18279023629991076 2.376810987567775
v 4.39399005437183 0.17193722519572763 2.252286650306307
v 4.409320055591368 -0.003285490544983838 2.393152689332961
v 4.410269571028105 -0.014138501649166968 2.2686283520714925
v 4.2694657171103625 0.16104275735227036 2.252286650306307
v 4.268516201673625 0.1718957684564535 2.376810987567775
v 4.285745233766637 -0.025032969492624235 2.2686283520714925
v 4.2847957183298995 -0.014179958388441105 2.393152689332961
vt 0.75 0.671875
vt 0.78125 0.671875
vt 0.78125 0.625
vt 0.75 0.625
vt 0.75 0.625
vt 0.78125 0.625
vt 0.78125 0.578125
vt 0.75 0.578125
vt 0.75 0.578125
vt 0.78125 0.578125
vt 0.78125 0.53125
vt 0.75 0.53125
vt 0.75 0.46875
vt 0.78125 0.46875
vt 0.78125 0.421875
vt 0.75 0.421875
vt 0.8125 0.59375
vt 0.78125 0.59375
vt 0.78125 0.5625
vt 0.8125 0.5625
vn 0.007596123493895972 -0.08682408883346518 -0.9961946980917455
vn 0.9961946980917455 0.0871557427476582 -1.734723475976807e-18
vn -0.007596123493895972 0.08682408883346518 0.9961946980917455
vn -0.9961946980917455 -0.0871557427476582 1.734723475976807e-18
vn 0.08682408883346518 -0.9924038765061041 0.0871557427476582
usemtl m_fb20068b-88dd-60dd-9beb-c17bfb475905
f 1876/4340/1085 1879/4339/1085 1877/4338/1085 1874/4337/1085
f 1875/4344/1086 1876/4343/1086 1874/4342/1086 1873/4341/1086
f 1880/4348/1087 1875/4347/1087 1873/4346/1087 1878/4345/1087
f 1879/4352/1088 1880/4351/1088 1878/4350/1088 1877/4349/1088
f 1879/4356/1089 1876/4355/1089 1875/4354/1089 1880/4353/1089
o cube
v 3.753951161853765 0.24942213921608358 2.3855674873232977
v 3.7527642675578434 0.23585587533585473 2.2299120657464626
v 3.740384897973536 0.09435903351200481 2.399185572127619
v 3.7391980036776147 0.08079276963177584 2.243530150550784
v 3.5971088459810083 0.2494739601401763 2.2299120657464626
v 3.5982957402769298 0.26304022402040517 2.3855674873232977
v 3.5835425821007796 0.09441085443609742 2.243530150550784
v 3.584729476396701 0.10797711831632639 2.399185572127619
vt 0.78125 0.5625
vt 0.8125 0.5625
vt 0.8125 0.53125
vt 0.78125 0.53125
vt 0.78125 0.46875
vt 0.8125 0.46875
vt 0.8125 0.4375
vt 0.78125 0.4375
vt 0.78125 0.4375
vt 0.8125 0.4375
vt 0.8125 0.40625
vt 0.78125 0.40625
vt 0.78125 0.40625
vt 0.8125 0.40625
vt 0.8125 0.375
vt 0.78125 0.375
vn -0.007596123493895972 -0.08682408883346518 -0.9961946980917455
vn 0.9961946980917455 -0.0871557427476582 1.734723475976807e-18
vn 0.007596123493895972 0.08682408883346518 0.9961946980917455
vn -0.9961946980917455 0.0871557427476582 -1.734723475976807e-18
usemtl m_fb20068b-88dd-60dd-9beb-c17bfb475905
f 1884/4360/1090 1887/4359/1090 1885/4358/1090 1882/4357/1090
f 1883/4364/1091 1884/4363/1091 1882/4362/1091 1881/4361/1091
f 1888/4368/1092 1883/4367/1092 1881/4366/1092 1886/4365/1092
f 1887/4372/1093 1888/4371/1093 1886/4370/1093 1885/4369/1093
o cube
v 3.7314837983263747 0.1718957684564535 2.376810987567775
v 3.7305342828896375 0.16104275735227036 2.252286650306307
v 3.7152042816701005 -0.014179958388441105 2.393152689332961
v 3.7142547662333634 -0.025032969492624235 2.2686283520714925
v 3.60600994562817 0.17193722519572763 2.252286650306307
v 3.606959461064907 0.18279023629991076 2.376810987567775
v 3.5897304289718948 -0.014138501649166968 2.2686283520714925
v 3.590679944408632 -0.003285490544983838 2.393152689332961
vt 0.75 0.421875
vt 0.78125 0.421875
vt 0.78125 0.375
vt 0.75 0.375
vt 0.75 0.375
vt 0.78125 0.375
vt 0.78125 0.328125
vt 0.75 0.328125
vt 0.75 0.328125
vt 0.78125 0.328125
vt 0.78125 0.28125
vt 0.75 0.28125
vt 0.6875 0.25
vt 0.71875 0.25
vt 0.71875 0.203125
vt 0.6875 0.203125
vt 0.8125 0.375
vt 0.78125 0.375
vt 0.78125 0.34375
vt 0.8125 0.34375
vn -0.007596123493895972 -0.08682408883346518 -0.9961946980917455
vn 0.9961946980917455 -0.0871557427476582 1.734723475976807e-18
vn 0.007596123493895972 0.08682408883346518 0.9961946980917455
vn -0.9961946980917455 0.0871557427476582 -1.734723475976807e-18
vn -0.08682408883346518 -0.9924038765061041 0.0871557427476582
usemtl m_fb20068b-88dd-60dd-9beb-c17bfb475905
f 1892/4376/1094 1895/4375/1094 1893/4374/1094 1890/4373/1094
f 1891/4380/1095 1892/4379/1095 1890/4378/1095 1889/4377/1095
f 1896/4384/1096 1891/4383/1096 1889/4382/1096 1894/4381/1096
f 1895/4388/1097 1896/4387/1097 1894/4386/1097 1893/4385/1097
f 1895/4392/1098 1892/4391/1098 1891/4390/1098 1896/4389/1098
o cube
v 4.4390625 0.5640624999999999 2.4840703374724584
v 4.4390625 0.5640624999999999 1.543445337472459
v 4.4390625 0.18593749999999998 2.4840703374724584
v 4.4390625 0.18593749999999998 1.543445337472459
v 3.5609374999999996 0.5640624999999999 1.543445337472459
v 3.5609374999999996 0.5640624999999999 2.4840703374724584
v 3.5609374999999996 0.18593749999999998 1.543445337472459
v 3.5609374999999996 0.18593749999999998 2.4840703374724584
vt 0.46875 0.4375
vt 0.6875 0.4375
vt 0.6875 0.34375
vt 0.46875 0.34375
vt 0 0.5
vt 0.234375 0.5
vt 0.234375 0.40625
vt 0 0.40625
vt 0 0.40625
vt 0.21875 0.40625
vt 0.21875 0.3125
vt 0 0.3125
vt 0.234375 0.4375
vt 0.46875 0.4375
vt 0.46875 0.34375
vt 0.234375 0.34375
vt 0.21875 0.5
vt 0 0.5
vt 0 0.734375
vt 0.21875 0.734375
vt 0.4375 0.734375
vt 0.21875 0.734375
vt 0.21875 0.5
vt 0.4375 0.5
vn 0 0 -1
vn 1 0 0
vn 0 0 1
vn -1 0 0
vn 0 1 0
vn 0 -1 0
usemtl m_fb20068b-88dd-60dd-9beb-c17bfb475905
f 1900/4396/1099 1903/4395/1099 1901/4394/1099 1898/4393/1099
f 1899/4400/1100 1900/4399/1100 1898/4398/1100 1897/4397/1100
f 1904/4404/1101 1899/4403/1101 1897/4402/1101 1902/4401/1101
f 1903/4408/1102 1904/4407/1102 1902/4406/1102 1901/4405/1102
f 1902/4412/1103 1897/4411/1103 1898/4410/1103 1901/4409/1103
f 1903/4416/1104 1900/4415/1104 1899/4414/1104 1904/4413/1104
o cube
v 4.4375 1.6085172272404726 2.5316899513372437
v 4.4375 1.619422074081807 2.281927895941779
v 4.4375 0.5470284918097492 2.485344352261574
v 4.4375 0.5579333386510834 2.2355822968661094
v 3.5625 1.619422074081807 2.281927895941779
v 3.5625 1.6085172272404726 2.5316899513372437
v 3.5625 0.5579333386510834 2.2355822968661094
v 3.5625 0.5470284918097492 2.485344352261574
vt 0 1
vt 0.21875 1
vt 0.21875 0.734375
vt 0 0.734375
vt 0.21875 0.34375
vt 0.28125 0.34375
vt 0.28125 0.078125
vt 0.21875 0.078125
vt 0.21875 1
vt 0.4375 1
vt 0.4375 0.734375
vt 0.21875 0.734375
vt 0.65625 0.78125
vt 0.71875 0.78125
vt 0.71875 0.515625
vt 0.65625 0.515625
vt 0.5 0.28125
vt 0.28125 0.28125
vt 0.28125 0.34375
vt 0.5 0.34375
vn 0 0.043619387365336 -0.9990482215818578
vn 1 0 0
vn 0 -0.043619387365336 0.9990482215818578
vn -1 0 0
vn 0 0.9990482215818578 0.043619387365336
usemtl m_fb20068b-88dd-60dd-9beb-c17bfb475905
f 1908/4420/1105 1911/4419/1105 1909/4418/1105 1906/4417/1105
f 1907/4424/1106 1908/4423/1106 1906/4422/1106 1905/4421/1106
f 1912/4428/1107 1907/4427/1107 1905/4426/1107 1910/4425/1107
f 1911/4432/1108 1912/4431/1108 1910/4430/1108 1909/4429/1108
f 1910/4436/1109 1905/4435/1109 1906/4434/1109 1909/4433/1109
o cube
v 4.42678990624625 0.7468750000000002 2.419797924402342
v 4.503051181150451 0.7468750000000002 1.5481275635720646
v 4.42678990624625 0.18437500000000007 2.419797924402342
v 4.503051181150451 0.18437500000000007 1.5481275635720646
v 4.3785268438889835 0.7468750000000002 1.5372330957286073
v 4.302265568984782 0.7468750000000002 2.4089034565588854
v 4.3785268438889835 0.18437500000000007 1.5372330957286073
v 4.302265568984782 0.18437500000000007 2.4089034565588854
vt 0.328125 0.28125
vt 0.359375 0.28125
vt 0.359375 0.140625
vt 0.328125 0.140625
vt 0.4375 1
vt 0.65625 1
vt 0.65625 0.859375
vt 0.4375 0.859375
vt 0.4375 0.859375
vt 0.65625 0.859375
vt 0.65625 0.71875
vt 0.4375 0.71875
vt 0.09375 0.09375
vt 0.0625 0.09375
vt 0.0625 0.3125
vt 0.09375 0.3125
vt 0.125 0.3125
vt 0.09375 0.3125
vt 0.09375 0.09375
vt 0.125 0.09375
vn 0.08715574274765818 0 -0.9961946980917455
vn 0.9961946980917455 0 0.08715574274765818
vn -0.9961946980917455 0 -0.08715574274765818
vn 0 1 0
vn 0 -1 0
usemtl m_fb20068b-88dd-60dd-9beb-c17bfb475905
f 1916/4440/1110 1919/4439/1110 1917/4438/1110 1914/4437/1110
f 1915/4444/1111 1916/4443/1111 1914/4442/1111 1913/4441/1111
f 1919/4448/1112 1920/4447/1112 1918/4446/1112 1917/4445/1112
f 1918/4452/1113 1913/4451/1113 1914/4450/1113 1917/4449/1113
f 1919/4456/1114 1916/4455/1114 1915/4454/1114 1920/4453/1114
o cube
v 4.42678990624625 1.6124999999999998 2.4244854244023424
v 4.448578841933164 1.6124999999999998 2.175436749879406
v 4.42678990624625 0.7375 2.4244854244023424
v 4.448578841933164 0.7375 2.175436749879406
v 4.324054504671697 1.6124999999999998 2.1645422820359492
v 4.302265568984782 1.6124999999999998 2.413590956558885
v 4.324054504671697 0.7375 2.1645422820359492
v 4.302265568984782 0.7375 2.413590956558885
vt 0.125 0.3125
vt 0.15625 0.3125
vt 0.15625 0.09375
vt 0.125 0.09375
vt 0.5 0.34375
vt 0.5625 0.34375
vt 0.5625 0.125
vt 0.5 0.125
vt 0.5625 0.34375
vt 0.625 0.34375
vt 0.625 0.125
vt 0.5625 0.125
vt 0.421875 0.4375
vt 0.390625 0.4375
vt 0.390625 0.5
vt 0.421875 0.5
vn 0.08715574274765818 0 -0.9961946980917455
vn 0.9961946980917455 0 0.08715574274765818
vn -0.9961946980917455 0 -0.08715574274765818
vn 0 1 0
usemtl m_fb20068b-88dd-60dd-9beb-c17bfb475905
f 1924/4460/1115 1927/4459/1115 1925/4458/1115 1922/4457/1115
f 1923/4464/1116 1924/4463/1116 1922/4462/1116 1921/4461/1116
f 1927/4468/1117 1928/4467/1117 1926/4466/1117 1925/4465/1117
f 1926/4472/1118 1921/4471/1118 1922/4470/1118 1925/4469/1118
o cube
v 3.697734431015218 0.7468750000000002 2.4089034565588854
v 3.6214731561110174 0.7468750000000002 1.5372330957286073
v 3.697734431015218 0.18437500000000007 2.4089034565588854
v 3.6214731561110174 0.18437500000000007 1.5372330957286073
v 3.4969488188495492 0.7468750000000002 1.5481275635720646
v 3.57321009375375 0.7468750000000002 2.419797924402342
v 3.4969488188495492 0.18437500000000007 1.5481275635720646
v 3.57321009375375 0.18437500000000007 2.419797924402342
vt 0.71875 0.671875
vt 0.75 0.671875
vt 0.75 0.53125
vt 0.71875 0.53125
vt 0.4375 0.71875
vt 0.65625 0.71875
vt 0.65625 0.578125
vt 0.4375 0.578125
vt 0.4375 0.578125
vt 0.65625 0.578125
vt 0.65625 0.4375
vt 0.4375 0.4375
vt 0.1875 0.09375
vt 0.15625 0.09375
vt 0.15625 0.3125
vt 0.1875 0.3125
vt 0.21875 0.3125
vt 0.1875 0.3125
vt 0.1875 0.09375
vt 0.21875 0.09375
vn -0.08715574274765818 0 -0.9961946980917455
vn 0.9961946980917455 0 -0.08715574274765818
vn -0.9961946980917455 0 0.08715574274765818
vn 0 1 0
vn 0 -1 0
usemtl m_fb20068b-88dd-60dd-9beb-c17bfb475905
f 1932/4476/1119 1935/4475/1119 1933/4474/1119 1930/4473/1119
f 1931/4480/1120 1932/4479/1120 1930/4478/1120 1929/4477/1120
f 1935/4484/1121 1936/4483/1121 1934/4482/1121 1933/4481/1121
f 1934/4488/1122 1929/4487/1122 1930/4486/1122 1933/4485/1122
f 1935/4492/1123 1932/4491/1123 1931/4490/1123 1936/4489/1123
o cube
v 3.697734431015218 1.6124999999999998 2.413590956558885
v 3.6759454953283033 1.6124999999999998 2.1645422820359492
v 3.697734431015218 0.7375 2.413590956558885
v 3.6759454953283033 0.7375 2.1645422820359492
v 3.5514211580668356 1.6124999999999998 2.175436749879406
v 3.57321009375375 1.6124999999999998 2.4244854244023424
v 3.5514211580668356 0.7375 2.175436749879406
v 3.57321009375375 0.7375 2.4244854244023424
vt 0.6875 0.46875
vt 0.71875 0.46875
vt 0.71875 0.25
vt 0.6875 0.25
vt 0.625 0.34375
vt 0.6875 0.34375
vt 0.6875 0.125
vt 0.625 0.125
vt 0 0.3125
vt 0.0625 0.3125
vt 0.0625 0.09375
vt 0 0.09375
vt 0.390625 0.21875
vt 0.359375 0.21875
vt 0.359375 0.28125
vt 0.390625 0.28125
vn -0.08715574274765818 0 -0.9961946980917455
vn 0.9961946980917455 0 -0.08715574274765818
vn -0.9961946980917455 0 0.08715574274765818
vn 0 1 0
usemtl m_fb20068b-88dd-60dd-9beb-c17bfb475905
f 1940/4496/1124 1943/4495/1124 1941/4494/1124 1938/4493/1124
f 1939/4500/1125 1940/4499/1125 1938/4498/1125 1937/4497/1125
f 1943/4504/1126 1944/4503/1126 1942/4502/1126 1941/4501/1126
f 1942/4508/1127 1937/4507/1127 1938/4506/1127 1941/4505/1127
o cube
v 6.5 0.6899499170858929 2.4462613054537403
v 6.5 0.8123182222921914 1.5167817479157932
v 6.5 0.4420887017424404 2.4136297573987275
v 6.5 0.5644570069487389 1.4841501998607802
v 5.5 0.8123182222921914 1.5167817479157932
v 5.5 0.6899499170858929 2.4462613054537403
v 5.5 0.5644570069487389 1.4841501998607802
v 5.5 0.4420887017424404 2.4136297573987275
vt 0 0.53125
vt 0.25 0.53125
vt 0.25 0.46875
vt 0 0.46875
vt 0.5 0.9375
vt 0.734375 0.9375
vt 0.734375 0.875
vt 0.5 0.875
vt 0.5 1
vt 0.75 1
vt 0.75 0.9375
vt 0.5 0.9375
vt 0.5 0.875
vt 0.734375 0.875
vt 0.734375 0.8125
vt 0.5 0.8125
vt 0.25 0.765625
vt 0 0.765625
vt 0 1
vt 0.25 1
vt 0.25 0.765625
vt 0 0.765625
vt 0 0.53125
vt 0.25 0.53125
vn 0 0.13052619222005157 -0.9914448613738104
vn 1 0 0
vn 0 -0.13052619222005157 0.9914448613738104
vn -1 0 0
vn 0 0.9914448613738104 0.13052619222005157
vn 0 -0.9914448613738104 -0.13052619222005157
usemtl m_2f9260e1-a4ea-4359-1f06-5b9c88e23906
f 1948/4512/1128 1951/4511/1128 1949/4510/1128 1946/4509/1128
f 1947/4516/1129 1948/4515/1129 1946/4514/1129 1945/4513/1129
f 1952/4520/1130 1947/4519/1130 1945/4518/1130 1950/4517/1130
f 1951/4524/1131 1952/4523/1131 1950/4522/1131 1949/4521/1131
f 1950/4528/1132 1945/4527/1132 1946/4526/1132 1949/4525/1132
f 1951/4532/1133 1948/4531/1133 1947/4530/1133 1952/4529/1133
o cube
v 6.5 1.1856723477727984 2.511524401563766
v 6.5 1.2101460088140579 2.3256284900561766
v 6.5 0.6899499170858929 2.4462613054537403
v 6.5 0.7144235781271528 2.260365393946151
v 5.5 1.2101460088140579 2.3256284900561766
v 5.5 1.1856723477727984 2.511524401563766
v 5.5 0.7144235781271528 2.260365393946151
v 5.5 0.6899499170858929 2.4462613054537403
vt 0.25 0.71875
vt 0.5 0.71875
vt 0.5 0.59375
vt 0.25 0.59375
vt 0.28125 0.421875
vt 0.328125 0.421875
vt 0.328125 0.296875
vt 0.28125 0.296875
vt 0.25 0.59375
vt 0.5 0.59375
vt 0.5 0.46875
vt 0.25 0.46875
vt 0.328125 0.421875
vt 0.375 0.421875
vt 0.375 0.296875
vt 0.328125 0.296875
vt 0.75 0.765625
vt 0.5 0.765625
vt 0.5 0.8125
vt 0.75 0.8125
vt 0.75 0.765625
vt 0.5 0.765625
vt 0.5 0.71875
vt 0.75 0.71875
vn 0 0.13052619222005157 -0.9914448613738104
vn 1 0 0
vn 0 -0.13052619222005157 0.9914448613738104
vn -1 0 0
vn 0 0.9914448613738104 0.13052619222005157
vn 0 -0.9914448613738104 -0.13052619222005157
usemtl m_2f9260e1-a4ea-4359-1f06-5b9c88e23906
f 1956/4536/1134 1959/4535/1134 1957/4534/1134 1954/4533/1134
f 1955/4540/1135 1956/4539/1135 1954/4538/1135 1953/4537/1135
f 1960/4544/1136 1955/4543/1136 1953/4542/1136 1958/4541/1136
f 1959/4548/1137 1960/4547/1137 1958/4546/1137 1957/4545/1137
f 1958/4552/1138 1953/4551/1138 1954/4550/1138 1957/4549/1138
f 1959/4556/1139 1956/4555/1139 1955/4554/1139 1960/4553/1139
o cube
v 5.625 0.9003194896347422 2.2848390549874105
v 5.625 0.9737404727585213 1.727151320464642
v 5.625 0.7144235781271528 2.260365393946151
v 5.625 0.7878445612509317 1.7026776594233826
v 5.5 0.9737404727585213 1.727151320464642
v 5.5 0.9003194896347422 2.2848390549874105
v 5.5 0.7878445612509317 1.7026776594233826
v 5.5 0.7144235781271528 2.260365393946151
vt 0.75 0.828125
vt 0.78125 0.828125
vt 0.78125 0.78125
vt 0.75 0.78125
vt 0.1875 0.46875
vt 0.328125 0.46875
vt 0.328125 0.421875
vt 0.1875 0.421875
vt 0.75 0.78125
vt 0.78125 0.78125
vt 0.78125 0.734375
vt 0.75 0.734375
vt 0.328125 0.46875
vt 0.46875 0.46875
vt 0.46875 0.421875
vt 0.328125 0.421875
vt 0.65625 0.3125
vt 0.625 0.3125
vt 0.625 0.453125
vt 0.65625 0.453125
vt 0.6875 0.453125
vt 0.65625 0.453125
vt 0.65625 0.3125
vt 0.6875 0.3125
vn 0 0.13052619222005157 -0.9914448613738104
vn 1 0 0
vn 0 -0.13052619222005157 0.9914448613738104
vn -1 0 0
vn 0 0.9914448613738104 0.13052619222005157
vn 0 -0.9914448613738104 -0.13052619222005157
usemtl m_2f9260e1-a4ea-4359-1f06-5b9c88e23906
f 1964/4560/1140 1967/4559/1140 1965/4558/1140 1962/4557/1140
f 1963/4564/1141 1964/4563/1141 1962/4562/1141 1961/4561/1141
f 1968/4568/1142 1963/4567/1142 1961/4566/1142 1966/4565/1142
f 1967/4572/1143 1968/4571/1143 1966/4570/1143 1965/4569/1143
f 1966/4576/1144 1961/4575/1144 1962/4574/1144 1965/4573/1144
f 1967/4580/1145 1964/4579/1145 1963/4578/1145 1968/4577/1145
o cube
v 5.625 1.0242500973064685 2.301154829014917
v 5.625 1.1058289674440007 1.6815017906562852
v 5.625 0.9003194896347422 2.2848390549874105
v 5.625 0.9818983597722744 1.665186016628779
v 5.375 1.1058289674440007 1.6815017906562852
v 5.375 1.0242500973064685 2.301154829014917
v 5.375 0.9818983597722744 1.665186016628779
v 5.375 0.9003194896347422 2.2848390549874105
vt 0.734375 0.890625
vt 0.796875 0.890625
vt 0.796875 0.859375
vt 0.734375 0.859375
vt 0.5625 0.578125
vt 0.71875 0.578125
vt 0.71875 0.546875
vt 0.5625 0.546875
vt 0.734375 0.859375
vt 0.796875 0.859375
vt 0.796875 0.828125
vt 0.734375 0.828125
vt 0.5625 0.546875
vt 0.71875 0.546875
vt 0.71875 0.515625
vt 0.5625 0.515625
vt 0.5625 0.46875
vt 0.5 0.46875
vt 0.5 0.625
vt 0.5625 0.625
vt 0.0625 0.46875
vt 0 0.46875
vt 0 0.3125
vt 0.0625 0.3125
vn 0 0.13052619222005157 -0.9914448613738104
vn 1 0 0
vn 0 -0.13052619222005157 0.9914448613738104
vn -1 0 0
vn 0 0.9914448613738104 0.13052619222005157
vn 0 -0.9914448613738104 -0.13052619222005157
usemtl m_2f9260e1-a4ea-4359-1f06-5b9c88e23906
f 1972/4584/1146 1975/4583/1146 1973/4582/1146 1970/4581/1146
f 1971/4588/1147 1972/4587/1147 1970/4586/1147 1969/4585/1147
f 1976/4592/1148 1971/4591/1148 1969/4590/1148 1974/4589/1148
f 1975/4596/1149 1976/4595/1149 1974/4594/1149 1973/4593/1149
f 1974/4600/1150 1969/4599/1150 1970/4598/1150 1973/4597/1150
f 1975/4604/1151 1972/4603/1151 1971/4602/1151 1976/4601/1151
o cube
v 6.5 0.9003194896347422 2.2848390549874105
v 6.5 0.9737404727585213 1.727151320464642
v 6.5 0.7144235781271528 2.260365393946151
v 6.5 0.7878445612509317 1.7026776594233826
v 6.375 0.9737404727585213 1.727151320464642
v 6.375 0.9003194896347422 2.2848390549874105
v 6.375 0.7878445612509317 1.7026776594233826
v 6.375 0.7144235781271528 2.260365393946151
vt 0.75 0.734375
vt 0.78125 0.734375
vt 0.78125 0.6875
vt 0.75 0.6875
vt 0.46875 0.46875
vt 0.609375 0.46875
vt 0.609375 0.421875
vt 0.46875 0.421875
vt 0.75 0.6875
vt 0.78125 0.6875
vt 0.78125 0.640625
vt 0.75 0.640625
vt 0.5625 0.625
vt 0.703125 0.625
vt 0.703125 0.578125
vt 0.5625 0.578125
vt 0.03125 0.171875
vt 0 0.171875
vt 0 0.3125
vt 0.03125 0.3125
vt 0.0625 0.3125
vt 0.03125 0.3125
vt 0.03125 0.171875
vt 0.0625 0.171875
vn 0 0.13052619222005157 -0.9914448613738104
vn 1 0 0
vn 0 -0.13052619222005157 0.9914448613738104
vn -1 0 0
vn 0 0.9914448613738104 0.13052619222005157
vn 0 -0.9914448613738104 -0.13052619222005157
usemtl m_2f9260e1-a4ea-4359-1f06-5b9c88e23906
f 1980/4608/1152 1983/4607/1152 1981/4606/1152 1978/4605/1152
f 1979/4612/1153 1980/4611/1153 1978/4610/1153 1977/4609/1153
f 1984/4616/1154 1979/4615/1154 1977/4614/1154 1982/4613/1154
f 1983/4620/1155 1984/4619/1155 1982/4618/1155 1981/4617/1155
f 1982/4624/1156 1977/4623/1156 1978/4622/1156 1981/4621/1156
f 1983/4628/1157 1980/4627/1157 1979/4626/1157 1984/4625/1157
o cube
v 6.625 1.0242500973064685 2.301154829014917
v 6.625 1.1058289674440007 1.6815017906562852
v 6.625 0.9003194896347422 2.2848390549874105
v 6.625 0.9818983597722744 1.665186016628779
v 6.375 1.1058289674440007 1.6815017906562852
v 6.375 1.0242500973064685 2.301154829014917
v 6.375 0.9818983597722744 1.665186016628779
v 6.375 0.9003194896347422 2.2848390549874105
vt 0.75 1
vt 0.8125 1
vt 0.8125 0.96875
vt 0.75 0.96875
vt 0.5625 0.515625
vt 0.71875 0.515625
vt 0.71875 0.484375
vt 0.5625 0.484375
vt 0.75 0.96875
vt 0.8125 0.96875
vt 0.8125 0.9375
vt 0.75 0.9375
vt 0.609375 0.484375
vt 0.765625 0.484375
vt 0.765625 0.453125
vt 0.609375 0.453125
vt 0.125 0.3125
vt 0.0625 0.3125
vt 0.0625 0.46875
vt 0.125 0.46875
vt 0.1875 0.46875
vt 0.125 0.46875
vt 0.125 0.3125
vt 0.1875 0.3125
vn 0 0.13052619222005157 -0.9914448613738104
vn 1 0 0
vn 0 -0.13052619222005157 0.9914448613738104
vn -1 0 0
vn 0 0.9914448613738104 0.13052619222005157
vn 0 -0.9914448613738104 -0.13052619222005157
usemtl m_2f9260e1-a4ea-4359-1f06-5b9c88e23906
f 1988/4632/1158 1991/4631/1158 1989/4630/1158 1986/4629/1158
f 1987/4636/1159 1988/4635/1159 1986/4634/1159 1985/4633/1159
f 1992/4640/1160 1987/4639/1160 1985/4638/1160 1990/4637/1160
f 1991/4644/1161 1992/4643/1161 1990/4642/1161 1989/4641/1161
f 1990/4648/1162 1985/4647/1162 1986/4646/1162 1989/4645/1162
f 1991/4652/1163 1988/4651/1163 1987/4650/1163 1992/4649/1163
o cube
v 6.5 1.8801259018323044 2.538227404306317
v 6.5 1.8883045369633051 2.3509058627597184
v 6.5 1.3181612771925095 2.5136914989133152
v 6.5 1.32633991232351 2.326369957366717
v 5.5 1.8883045369633051 2.3509058627597184
v 5.5 1.8801259018323044 2.538227404306317
v 5.5 1.32633991232351 2.326369957366717
v 5.5 1.3181612771925095 2.5136914989133152
vt 0.25 1
vt 0.5 1
vt 0.5 0.859375
vt 0.25 0.859375
vt 0.1875 0.421875
vt 0.234375 0.421875
vt 0.234375 0.28125
vt 0.1875 0.28125
vt 0.25 0.859375
vt 0.5 0.859375
vt 0.5 0.71875
vt 0.25 0.71875
vt 0.234375 0.421875
vt 0.28125 0.421875
vt 0.28125 0.28125
vt 0.234375 0.28125
vt 0.75 0.671875
vt 0.5 0.671875
vt 0.5 0.71875
vt 0.75 0.71875
vt 0.75 0.671875
vt 0.5 0.671875
vt 0.5 0.625
vt 0.75 0.625
vn 0 0.043619387365336 -0.9990482215818578
vn 1 0 0
vn 0 -0.043619387365336 0.9990482215818578
vn -1 0 0
vn 0 0.9990482215818578 0.043619387365336
vn 0 -0.9990482215818578 -0.043619387365336
usemtl m_2f9260e1-a4ea-4359-1f06-5b9c88e23906
f 1996/4656/1164 1999/4655/1164 1997/4654/1164 1994/4653/1164
f 1995/4660/1165 1996/4659/1165 1994/4658/1165 1993/4657/1165
f 2000/4664/1166 1995/4663/1166 1993/4662/1166 1998/4661/1166
f 1999/4668/1167 2000/4667/1167 1998/4666/1167 1997/4665/1167
f 1998/4672/1168 1993/4671/1168 1994/4670/1168 1997/4669/1168
f 1999/4676/1169 1996/4675/1169 1995/4674/1169 2000/4673/1169
o cube
v 5.75 1.5651971208776407 2.5870368596035154
v 5.75 1.5706495442983073 2.462155831905783
v 5.75 0.8783514685401133 2.5570485307898467
v 5.75 0.8838038919607802 2.432167503092115
v 5.625 1.5706495442983073 2.462155831905783
v 5.625 1.5651971208776407 2.5870368596035154
v 5.625 0.8838038919607802 2.432167503092115
v 5.625 0.8783514685401133 2.5570485307898467
vt 0.375 0.421875
vt 0.40625 0.421875
vt 0.40625 0.25
vt 0.375 0.25
vt 0.40625 0.421875
vt 0.4375 0.421875
vt 0.4375 0.25
vt 0.40625 0.25
vt 0.4375 0.421875
vt 0.46875 0.421875
vt 0.46875 0.25
vt 0.4375 0.25
vt 0.46875 0.421875
vt 0.5 0.421875
vt 0.5 0.25
vt 0.46875 0.25
vt 0.796875 0.5625
vt 0.765625 0.5625
vt 0.765625 0.59375
vt 0.796875 0.59375
vt 0.796875 0.5625
vt 0.765625 0.5625
vt 0.765625 0.53125
vt 0.796875 0.53125
vn 0 0.043619387365336 -0.9990482215818578
vn 1 0 0
vn 0 -0.043619387365336 0.9990482215818578
vn -1 0 0
vn 0 0.9990482215818578 0.043619387365336
vn 0 -0.9990482215818578 -0.043619387365336
usemtl m_2f9260e1-a4ea-4359-1f06-5b9c88e23906
f 2004/4680/1170 2007/4679/1170 2005/4678/1170 2002/4677/1170
f 2003/4684/1171 2004/4683/1171 2002/4682/1171 2001/4681/1171
f 2008/4688/1172 2003/4687/1172 2001/4686/1172 2006/4685/1172
f 2007/4692/1173 2008/4691/1173 2006/4690/1173 2005/4689/1173
f 2006/4696/1174 2001/4695/1174 2002/4694/1174 2005/4693/1174
f 2007/4700/1175 2004/4699/1175 2003/4698/1175 2008/4697/1175
o cube
v 6.375 1.5651971208776407 2.5870368596035154
v 6.375 1.5706495442983073 2.462155831905783
v 6.375 0.8783514685401133 2.5570485307898467
v 6.375 0.8838038919607802 2.432167503092115
v 6.25 1.5706495442983073 2.462155831905783
v 6.25 1.5651971208776407 2.5870368596035154
v 6.25 0.8838038919607802 2.432167503092115
v 6.25 0.8783514685401133 2.5570485307898467
vt 0.5 0.421875
vt 0.53125 0.421875
vt 0.53125 0.25
vt 0.5 0.25
vt 0.53125 0.421875
vt 0.5625 0.421875
vt 0.5625 0.25
vt 0.53125 0.25
vt 0.5625 0.421875
vt 0.59375 0.421875
vt 0.59375 0.25
vt 0.5625 0.25
vt 0.59375 0.421875
vt 0.625 0.421875
vt 0.625 0.25
vt 0.59375 0.25
vt 0.796875 0.5
vt 0.765625 0.5
vt 0.765625 0.53125
vt 0.796875 0.53125
vt 0.796875 0.5
vt 0.765625 0.5
vt 0.765625 0.46875
vt 0.796875 0.46875
vn 0 0.043619387365336 -0.9990482215818578
vn 1 0 0
vn 0 -0.043619387365336 0.9990482215818578
vn -1 0 0
vn 0 0.9990482215818578 0.043619387365336
vn 0 -0.9990482215818578 -0.043619387365336
usemtl m_2f9260e1-a4ea-4359-1f06-5b9c88e23906
f 2012/4704/1176 2015/4703/1176 2013/4702/1176 2010/4701/1176
f 2011/4708/1177 2012/4707/1177 2010/4706/1177 2009/4705/1177
f 2016/4712/1178 2011/4711/1178 2009/4710/1178 2014/4709/1178
f 2015/4716/1179 2016/4715/1179 2014/4714/1179 2013/4713/1179
f 2014/4720/1180 2009/4719/1180 2010/4718/1180 2013/4717/1180
f 2015/4724/1181 2012/4723/1181 2011/4722/1181 2016/4721/1181
o cube
v 6.0625 0.625 2.0625
v 6.0625 0.625 1.9375
v 6.0625 0.375 2.0625
v 6.0625 0.375 1.9375
v 5.9375 0.625 1.9375
v 5.9375 0.625 2.0625
v 5.9375 0.375 1.9375
v 5.9375 0.375 2.0625
vt 0.0625 0.25
vt 0.09375 0.25
vt 0.09375 0.1875
vt 0.0625 0.1875
vt 0.09375 0.25
vt 0.125 0.25
vt 0.125 0.1875
vt 0.09375 0.1875
vt 0.125 0.25
vt 0.15625 0.25
vt 0.15625 0.1875
vt 0.125 0.1875
vt 0.15625 0.25
vt 0.1875 0.25
vt 0.1875 0.1875
vt 0.15625 0.1875
vt 0.640625 0.203125
vt 0.609375 0.203125
vt 0.609375 0.234375
vt 0.640625 0.234375
vt 0.671875 0.234375
vt 0.640625 0.234375
vt 0.640625 0.203125
vt 0.671875 0.203125
vn 0 0 -1
vn 1 0 0
vn 0 0 1
vn -1 0 0
vn 0 1 0
vn 0 -1 0
usemtl m_2f9260e1-a4ea-4359-1f06-5b9c88e23906
f 2020/4728/1182 2023/4727/1182 2021/4726/1182 2018/4725/1182
f 2019/4732/1183 2020/4731/1183 2018/4730/1183 2017/4729/1183
f 2024/4736/1184 2019/4735/1184 2017/4734/1184 2022/4733/1184
f 2023/4740/1185 2024/4739/1185 2022/4738/1185 2021/4737/1185
f 2022/4744/1186 2017/4743/1186 2018/4742/1186 2021/4741/1186
f 2023/4748/1187 2020/4747/1187 2019/4746/1187 2024/4745/1187
o cube
v 5.925329941904002 0.28399260031971907 2.0625
v 5.925329941904002 0.28399260031971907 1.9375
v 5.968082459819711 0.16653102272148046 2.0625
v 5.968082459819711 0.16653102272148046 1.9375
v 5.455483631511048 0.11298252865688474 1.9375
v 5.455483631511048 0.11298252865688474 2.0625
v 5.498236149426757 -0.004479048941353869 1.9375
v 5.498236149426757 -0.004479048941353869 2.0625
vt 0.0625 0.3125
vt 0.1875 0.3125
vt 0.1875 0.28125
vt 0.0625 0.28125
vt 0.671875 0.234375
vt 0.703125 0.234375
vt 0.703125 0.203125
vt 0.671875 0.203125
vt 0.6875 0.453125
vt 0.8125 0.453125
vt 0.8125 0.421875
vt 0.6875 0.421875
vt 0.703125 0.234375
vt 0.734375 0.234375
vt 0.734375 0.203125
vt 0.703125 0.203125
vt 0.8125 0.390625
vt 0.6875 0.390625
vt 0.6875 0.421875
vt 0.8125 0.421875
vt 0.8125 0.390625
vt 0.6875 0.390625
vt 0.6875 0.359375
vt 0.8125 0.359375
vn 0 0 -1
vn 0.9396926207859084 0.34202014332566866 0
vn 0 0 1
vn -0.9396926207859084 -0.34202014332566866 0
vn -0.34202014332566866 0.9396926207859084 0
vn 0.34202014332566866 -0.9396926207859084 0
usemtl m_2f9260e1-a4ea-4359-1f06-5b9c88e23906
f 2028/4752/1188 2031/4751/1188 2029/4750/1188 2026/4749/1188
f 2027/4756/1189 2028/4755/1189 2026/4754/1189 2025/4753/1189
f 2032/4760/1190 2027/4759/1190 2025/4758/1190 2030/4757/1190
f 2031/4764/1191 2032/4763/1191 2030/4762/1191 2029/4761/1191
f 2030/4768/1192 2025/4767/1192 2026/4766/1192 2029/4765/1192
f 2031/4772/1193 2028/4771/1193 2027/4770/1193 2032/4769/1193
o cube
v 6.09375 0.375 2.09375
v 6.09375 0.375 1.90625
v 6.09375 0.125 2.09375
v 6.09375 0.125 1.90625
v 5.90625 0.375 1.90625
v 5.90625 0.375 2.09375
v 5.90625 0.125 1.90625
v 5.90625 0.125 2.09375
vt 0.28125 0.296875
vt 0.328125 0.296875
vt 0.328125 0.234375
vt 0.28125 0.234375
vt 0.328125 0.296875
vt 0.375 0.296875
vt 0.375 0.234375
vt 0.328125 0.234375
vt 0.1875 0.28125
vt 0.234375 0.28125
vt 0.234375 0.21875
vt 0.1875 0.21875
vt 0.234375 0.28125
vt 0.28125 0.28125
vt 0.28125 0.21875
vt 0.234375 0.21875
vt 0.765625 0.546875
vt 0.71875 0.546875
vt 0.71875 0.59375
vt 0.765625 0.59375
vt 0.765625 0.546875
vt 0.71875 0.546875
vt 0.71875 0.5
vt 0.765625 0.5
vn 0 0 -1
vn 1 0 0
vn 0 0 1
vn -1 0 0
vn 0 1 0
vn 0 -1 0
usemtl m_2f9260e1-a4ea-4359-1f06-5b9c88e23906
f 2036/4776/1194 2039/4775/1194 2037/4774/1194 2034/4773/1194
f 2035/4780/1195 2036/4779/1195 2034/4778/1195 2033/4777/1195
f 2040/4784/1196 2035/4783/1196 2033/4782/1196 2038/4781/1196
f 2039/4788/1197 2040/4787/1197 2038/4786/1197 2037/4785/1197
f 2038/4792/1198 2033/4791/1198 2034/4790/1198 2037/4789/1198
f 2039/4796/1199 2036/4795/1199 2035/4794/1199 2040/4793/1199
o cube
v 5.53125 0.125 2.09375
v 5.53125 0.125 1.90625
v 5.53125 0 2.09375
v 5.53125 0 1.90625
v 5.34375 0.125 1.90625
v 5.34375 0.125 2.09375
v 5.34375 0 1.90625
v 5.34375 0 2.09375
vt 0.375 0.25
vt 0.421875 0.25
vt 0.421875 0.21875
vt 0.375 0.21875
vt 0.421875 0.25
vt 0.46875 0.25
vt 0.46875 0.21875
vt 0.421875 0.21875
vt 0.46875 0.25
vt 0.515625 0.25
vt 0.515625 0.21875
vt 0.46875 0.21875
vt 0.515625 0.25
vt 0.5625 0.25
vt 0.5625 0.21875
vt 0.515625 0.21875
vt 0.671875 0.234375
vt 0.625 0.234375
vt 0.625 0.28125
vt 0.671875 0.28125
vt 0.71875 0.28125
vt 0.671875 0.28125
vt 0.671875 0.234375
vt 0.71875 0.234375
vn 0 0 -1
vn 1 0 0
vn 0 0 1
vn -1 0 0
vn 0 1 0
vn 0 -1 0
usemtl m_2f9260e1-a4ea-4359-1f06-5b9c88e23906
f 2044/4800/1200 2047/4799/1200 2045/4798/1200 2042/4797/1200
f 2043/4804/1201 2044/4803/1201 2042/4802/1201 2041/4801/1201
f 2048/4808/1202 2043/4807/1202 2041/4806/1202 2046/4805/1202
f 2047/4812/1203 2048/4811/1203 2046/4810/1203 2045/4809/1203
f 2046/4816/1204 2041/4815/1204 2042/4814/1204 2045/4813/1204
f 2047/4820/1205 2044/4819/1205 2043/4818/1205 2048/4817/1205
o cube
v 6.65625 0.125 2.09375
v 6.65625 0.125 1.90625
v 6.65625 0 2.09375
v 6.65625 0 1.90625
v 6.46875 0.125 1.90625
v 6.46875 0.125 2.09375
v 6.46875 0 1.90625
v 6.46875 0 2.09375
vt 0.5625 0.25
vt 0.609375 0.25
vt 0.609375 0.21875
vt 0.5625 0.21875
vt 0.75 0.328125
vt 0.796875 0.328125
vt 0.796875 0.296875
vt 0.75 0.296875
vt 0.28125 0.234375
vt 0.328125 0.234375
vt 0.328125 0.203125
vt 0.28125 0.203125
vt 0.328125 0.234375
vt 0.375 0.234375
vt 0.375 0.203125
vt 0.328125 0.203125
vt 0.765625 0.234375
vt 0.71875 0.234375
vt 0.71875 0.28125
vt 0.765625 0.28125
vt 0.78125 0.9375
vt 0.734375 0.9375
vt 0.734375 0.890625
vt 0.78125 0.890625
vn 0 0 -1
vn 1 0 0
vn 0 0 1
vn -1 0 0
vn 0 1 0
vn 0 -1 0
usemtl m_2f9260e1-a4ea-4359-1f06-5b9c88e23906
f 2052/4824/1206 2055/4823/1206 2053/4822/1206 2050/4821/1206
f 2051/4828/1207 2052/4827/1207 2050/4826/1207 2049/4825/1207
f 2056/4832/1208 2051/4831/1208 2049/4830/1208 2054/4829/1208
f 2055/4836/1209 2056/4835/1209 2054/4834/1209 2053/4833/1209
f 2054/4840/1210 2049/4839/1210 2050/4838/1210 2053/4837/1210
f 2055/4844/1211 2052/4843/1211 2051/4842/1211 2056/4841/1211
o cube
v 6.544516368488952 0.11298252865688474 2.0625
v 6.544516368488952 0.11298252865688474 1.9375
v 6.501763850573243 -0.004479048941353869 2.0625
v 6.501763850573243 -0.004479048941353869 1.9375
v 6.074670058095998 0.28399260031971907 1.9375
v 6.074670058095998 0.28399260031971907 2.0625
v 6.031917540180289 0.16653102272148046 1.9375
v 6.031917540180289 0.16653102272148046 2.0625
vt 0.625 0.3125
vt 0.75 0.3125
vt 0.75 0.28125
vt 0.625 0.28125
vt 0.765625 0.296875
vt 0.796875 0.296875
vt 0.796875 0.265625
vt 0.765625 0.265625
vt 0.6875 0.359375
vt 0.8125 0.359375
vt 0.8125 0.328125
vt 0.6875 0.328125
vt 0.734375 0.234375
vt 0.765625 0.234375
vt 0.765625 0.203125
vt 0.734375 0.203125
vt 0.828125 0.59375
vt 0.703125 0.59375
vt 0.703125 0.625
vt 0.828125 0.625
vt 0.1875 0.28125
vt 0.0625 0.28125
vt 0.0625 0.25
vt 0.1875 0.25
vn 0 0 -1
vn 0.9396926207859084 -0.34202014332566866 0
vn 0 0 1
vn -0.9396926207859084 0.34202014332566866 0
vn 0.34202014332566866 0.9396926207859084 0
vn -0.34202014332566866 -0.9396926207859084 0
usemtl m_2f9260e1-a4ea-4359-1f06-5b9c88e23906
f 2060/4848/1212 2063/4847/1212 2061/4846/1212 2058/4845/1212
f 2059/4852/1213 2060/4851/1213 2058/4850/1213 2057/4849/1213
f 2064/4856/1214 2059/4855/1214 2057/4854/1214 2062/4853/1214
f 2063/4860/1215 2064/4859/1215 2062/4858/1215 2061/4857/1215
f 2062/4864/1216 2057/4863/1216 2058/4862/1216 2061/4861/1216
f 2063/4868/1217 2060/4867/1217 2059/4866/1217 2064/4865/1217
o cube
v 6.0625 0.11298252865688474 2.5445163684889525
v 6.0625 0.28399260031971907 2.074670058095998
v 6.0625 -0.004479048941353814 2.501763850573244
v 6.0625 0.16653102272148046 2.03191754018029
v 5.9375 0.28399260031971907 2.074670058095998
v 5.9375 0.11298252865688474 2.5445163684889525
v 5.9375 0.16653102272148046 2.03191754018029
v 5.9375 -0.004479048941353814 2.501763850573244
vt 0.734375 0.234375
vt 0.765625 0.234375
vt 0.765625 0.203125
vt 0.734375 0.203125
vt 0.625 0.3125
vt 0.75 0.3125
vt 0.75 0.28125
vt 0.625 0.28125
vt 0.765625 0.296875
vt 0.796875 0.296875
vt 0.796875 0.265625
vt 0.765625 0.265625
vt 0.6875 0.359375
vt 0.8125 0.359375
vt 0.8125 0.328125
vt 0.6875 0.328125
vt 0.828125 0.625
vt 0.828125 0.59375
vt 0.703125 0.59375
vt 0.703125 0.625
vt 0.0625 0.28125
vt 0.0625 0.25
vt 0.1875 0.25
vt 0.1875 0.28125
vn 0 0.34202014332566866 -0.9396926207859084
vn 1 0 0
vn 0 -0.34202014332566866 0.9396926207859084
vn -1 0 0
vn 0 0.9396926207859084 0.34202014332566866
vn 0 -0.9396926207859084 -0.34202014332566866
usemtl m_2f9260e1-a4ea-4359-1f06-5b9c88e23906
f 2068/4872/1218 2071/4871/1218 2069/4870/1218 2066/4869/1218
f 2067/4876/1219 2068/4875/1219 2066/4874/1219 2065/4873/1219
f 2072/4880/1220 2067/4879/1220 2065/4878/1220 2070/4877/1220
f 2071/4884/1221 2072/4883/1221 2070/4882/1221 2069/4881/1221
f 2070/4888/1222 2065/4887/1222 2066/4886/1222 2069/4885/1222
f 2071/4892/1223 2068/4891/1223 2067/4890/1223 2072/4889/1223
o cube
v 6.09375 0.125 2.65625
v 6.09375 0.125 2.46875
v 6.09375 0 2.65625
v 6.09375 0 2.46875
v 5.90625 0.125 2.46875
v 5.90625 0.125 2.65625
v 5.90625 0 2.46875
v 5.90625 0 2.65625
vt 0.328125 0.234375
vt 0.375 0.234375
vt 0.375 0.203125
vt 0.328125 0.203125
vt 0.5625 0.25
vt 0.609375 0.25
vt 0.609375 0.21875
vt 0.5625 0.21875
vt 0.75 0.328125
vt 0.796875 0.328125
vt 0.796875 0.296875
vt 0.75 0.296875
vt 0.28125 0.234375
vt 0.328125 0.234375
vt 0.328125 0.203125
vt 0.28125 0.203125
vt 0.765625 0.28125
vt 0.765625 0.234375
vt 0.71875 0.234375
vt 0.71875 0.28125
vt 0.734375 0.9375
vt 0.734375 0.890625
vt 0.78125 0.890625
vt 0.78125 0.9375
vn 0 0 -1
vn 1 0 0
vn 0 0 1
vn -1 0 0
vn 0 1 0
vn 0 -1 0
usemtl m_2f9260e1-a4ea-4359-1f06-5b9c88e23906
f 2076/4896/1224 2079/4895/1224 2077/4894/1224 2074/4893/1224
f 2075/4900/1225 2076/4899/1225 2074/4898/1225 2073/4897/1225
f 2080/4904/1226 2075/4903/1226 2073/4902/1226 2078/4901/1226
f 2079/4908/1227 2080/4907/1227 2078/4906/1227 2077/4905/1227
f 2078/4912/1228 2073/4911/1228 2074/4910/1228 2077/4909/1228
f 2079/4916/1229 2076/4915/1229 2075/4914/1229 2080/4913/1229
o cube
v 6.09375 0.125 1.53125
v 6.09375 0.125 1.34375
v 6.09375 0 1.53125
v 6.09375 0 1.34375
v 5.90625 0.125 1.34375
v 5.90625 0.125 1.53125
v 5.90625 0 1.34375
v 5.90625 0 1.53125
vt 0.515625 0.25
vt 0.5625 0.25
vt 0.5625 0.21875
vt 0.515625 0.21875
vt 0.375 0.25
vt 0.421875 0.25
vt 0.421875 0.21875
vt 0.375 0.21875
vt 0.421875 0.25
vt 0.46875 0.25
vt 0.46875 0.21875
vt 0.421875 0.21875
vt 0.46875 0.25
vt 0.515625 0.25
vt 0.515625 0.21875
vt 0.46875 0.21875
vt 0.671875 0.28125
vt 0.671875 0.234375
vt 0.625 0.234375
vt 0.625 0.28125
vt 0.671875 0.28125
vt 0.671875 0.234375
vt 0.71875 0.234375
vt 0.71875 0.28125
vn 0 0 -1
vn 1 0 0
vn 0 0 1
vn -1 0 0
vn 0 1 0
vn 0 -1 0
usemtl m_2f9260e1-a4ea-4359-1f06-5b9c88e23906
f 2084/4920/1230 2087/4919/1230 2085/4918/1230 2082/4917/1230
f 2083/4924/1231 2084/4923/1231 2082/4922/1231 2081/4921/1231
f 2088/4928/1232 2083/4927/1232 2081/4926/1232 2086/4925/1232
f 2087/4932/1233 2088/4931/1233 2086/4930/1233 2085/4929/1233
f 2086/4936/1234 2081/4935/1234 2082/4934/1234 2085/4933/1234
f 2087/4940/1235 2084/4939/1235 2083/4938/1235 2088/4937/1235
o cube
v 6.0625 0.28399260031971907 1.9253299419040015
v 6.0625 0.11298252865688474 1.4554836315110475
v 6.0625 0.16653102272148046 1.9680824598197102
v 6.0625 -0.004479048941353814 1.4982361494267562
v 5.9375 0.11298252865688474 1.4554836315110475
v 5.9375 0.28399260031971907 1.9253299419040015
v 5.9375 -0.004479048941353814 1.4982361494267562
v 5.9375 0.16653102272148046 1.9680824598197102
vt 0.703125 0.234375
vt 0.734375 0.234375
vt 0.734375 0.203125
vt 0.703125 0.203125
vt 0.0625 0.3125
vt 0.1875 0.3125
vt 0.1875 0.28125
vt 0.0625 0.28125
vt 0.671875 0.234375
vt 0.703125 0.234375
vt 0.703125 0.203125
vt 0.671875 0.203125
vt 0.6875 0.453125
vt 0.8125 0.453125
vt 0.8125 0.421875
vt 0.6875 0.421875
vt 0.8125 0.421875
vt 0.8125 0.390625
vt 0.6875 0.390625
vt 0.6875 0.421875
vt 0.6875 0.390625
vt 0.6875 0.359375
vt 0.8125 0.359375
vt 0.8125 0.390625
vn 0 -0.34202014332566866 -0.9396926207859084
vn 1 0 0
vn 0 0.34202014332566866 0.9396926207859084
vn -1 0 0
vn 0 0.9396926207859084 -0.34202014332566866
vn 0 -0.9396926207859084 0.34202014332566866
usemtl m_2f9260e1-a4ea-4359-1f06-5b9c88e23906
f 2092/4944/1236 2095/4943/1236 2093/4942/1236 2090/4941/1236
f 2091/4948/1237 2092/4947/1237 2090/4946/1237 2089/4945/1237
f 2096/4952/1238 2091/4951/1238 2089/4950/1238 2094/4949/1238
f 2095/4956/1239 2096/4955/1239 2094/4954/1239 2093/4953/1239
f 2094/4960/1240 2089/4959/1240 2090/4958/1240 2093/4957/1240
f 2095/4964/1241 2092/4963/1241 2091/4962/1241 2096/4961/1241
o cube
v 7.699155953519021 0.5860486191097798 1.7738292774234874
v 7.701989157946123 0.6075689432891302 1.6507283082969613
v 7.618816449725603 -0.02419049724337169 1.665299166381656
v 7.621649654152705 -0.0026701730640211196 1.54219819725513
v 7.578058550274397 0.6238847173166366 1.6507283082969613
v 7.575225345847295 0.6023643931372862 1.7738292774234874
v 7.497719046480979 0.013645600963485327 1.54219819725513
v 7.494885842053877 -0.007874723215865187 1.665299166381656
vt 0.28125 0.40625
vt 0.3125 0.40625
vt 0.3125 0.25
vt 0.28125 0.25
vt 0.46875 0.375
vt 0.5 0.375
vt 0.5 0.21875
vt 0.46875 0.21875
vt 0.5 0.375
vt 0.53125 0.375
vt 0.53125 0.21875
vt 0.5 0.21875
vt 0.53125 0.375
vt 0.5625 0.375
vt 0.5625 0.21875
vt 0.53125 0.21875
vt 0.03125 0.40625
vt 0 0.40625
vt 0 0.4375
vt 0.03125 0.4375
vt 0.0625 0.4375
vt 0.03125 0.4375
vt 0.03125 0.40625
vt 0.0625 0.40625
vn 0.02266563541681542 0.17216259343480456 -0.9848077530122082
vn 0.9914448613738104 -0.13052619222005157 3.469446951953614e-18
vn -0.02266563541681542 -0.17216259343480456 0.9848077530122082
vn -0.9914448613738104 0.13052619222005157 -3.469446951953614e-18
vn 0.12854320606946856 0.9763825861650425 0.17364817766693036
vn -0.12854320606946856 -0.9763825861650425 -0.17364817766693036
usemtl m_5ad8b979-4c51-328f-b635-6e58966c4d38
f 2100/4968/1242 2103/4967/1242 2101/4966/1242 2098/4965/1242
f 2099/4972/1243 2100/4971/1243 2098/4970/1243 2097/4969/1243
f 2104/4976/1244 2099/4975/1244 2097/4974/1244 2102/4973/1244
f 2103/4980/1245 2104/4979/1245 2102/4978/1245 2101/4977/1245
f 2102/4984/1246 2097/4983/1246 2098/4982/1246 2101/4981/1246
f 2103/4988/1247 2100/4987/1247 2099/4986/1247 2104/4985/1247
o cube
v 8.4375 0.625 2.5
v 8.4375 0.625 1.75
v 8.4375 0.5 2.5
v 8.4375 0.5 1.75
v 8.3125 0.625 1.75
v 8.3125 0.625 2.5
v 8.3125 0.5 1.75
v 8.3125 0.5 2.5
vt 0.0625 0.4375
vt 0.09375 0.4375
vt 0.09375 0.40625
vt 0.0625 0.40625
vt 0.53125 0.5
vt 0.71875 0.5
vt 0.71875 0.46875
vt 0.53125 0.46875
vt 0.09375 0.4375
vt 0.125 0.4375
vt 0.125 0.40625
vt 0.09375 0.40625
vt 0.53125 0.46875
vt 0.71875 0.46875
vt 0.71875 0.4375
vt 0.53125 0.4375
vt 0.34375 0.28125
vt 0.3125 0.28125
vt 0.3125 0.46875
vt 0.34375 0.46875
vt 0.375 0.46875
vt 0.34375 0.46875
vt 0.34375 0.28125
vt 0.375 0.28125
vn 0 0 -1
vn 1 0 0
vn 0 0 1
vn -1 0 0
vn 0 1 0
vn 0 -1 0
usemtl m_5ad8b979-4c51-328f-b635-6e58966c4d38
f 2108/4992/1248 2111/4991/1248 2109/4990/1248 2106/4989/1248
f 2107/4996/1249 2108/4995/1249 2106/4994/1249 2105/4993/1249
f 2112/5000/1250 2107/4999/1250 2105/4998/1250 2110/4997/1250
f 2111/5004/1251 2112/5003/1251 2110/5002/1251 2109/5001/1251
f 2110/5008/1252 2105/5007/1252 2106/5006/1252 2109/5005/1252
f 2111/5012/1253 2108/5011/1253 2107/5010/1253 2112/5009/1253
o cube
v 7.6875 0.625 2.5
v 7.6875 0.625 1.75
v 7.6875 0.5 2.5
v 7.6875 0.5 1.75
v 7.5625 0.625 1.75
v 7.5625 0.625 2.5
v 7.5625 0.5 1.75
v 7.5625 0.5 2.5
vt 0.125 0.4375
vt 0.15625 0.4375
vt 0.15625 0.40625
vt 0.125 0.40625
vt 0.53125 0.4375
vt 0.71875 0.4375
vt 0.71875 0.40625
vt 0.53125 0.40625
vt 0.625 0.8125
vt 0.65625 0.8125
vt 0.65625 0.78125
vt 0.625 0.78125
vt 0 0.40625
vt 0.1875 0.40625
vt 0.1875 0.375
vt 0 0.375
vt 0.40625 0.28125
vt 0.375 0.28125
vt 0.375 0.46875
vt 0.40625 0.46875
vt 0.4375 0.46875
vt 0.40625 0.46875
vt 0.40625 0.28125
vt 0.4375 0.28125
vn 0 0 -1
vn 1 0 0
vn 0 0 1
vn -1 0 0
vn 0 1 0
vn 0 -1 0
usemtl m_5ad8b979-4c51-328f-b635-6e58966c4d38
f 2116/5016/1254 2119/5015/1254 2117/5014/1254 2114/5013/1254
f 2115/5020/1255 2116/5019/1255 2114/5018/1255 2113/5017/1255
f 2120/5024/1256 2115/5023/1256 2113/5022/1256 2118/5021/1256
f 2119/5028/1257 2120/5027/1257 2118/5026/1257 2117/5025/1257
f 2118/5032/1258 2113/5031/1258 2114/5030/1258 2117/5029/1258
f 2119/5036/1259 2116/5035/1259 2115/5034/1259 2120/5033/1259
o cube
v 8.030878468283772 0.7974472952030256 2.3734375
v 8.030878468283772 0.7974472952030256 1.5640625
v 7.998654814579446 0.5526843450513663 2.3734375
v 7.998654814579446 0.5526843450513663 1.5640625
v 7.414323695116934 0.8786182709898702 1.5640625
v 7.414323695116934 0.8786182709898702 2.3734375
v 7.38210004141261 0.6338553208382107 1.5640625
v 7.38210004141261 0.6338553208382107 2.3734375
vt 0.15625 0.59375
vt 0.3125 0.59375
vt 0.3125 0.53125
vt 0.15625 0.53125
vt 0.46875 0.875
vt 0.625 0.875
vt 0.625 0.8125
vt 0.46875 0.8125
vt 0.46875 1
vt 0.671875 1
vt 0.671875 0.9375
vt 0.46875 0.9375
vt 0.15625 0.796875
vt 0 0.796875
vt 0 1
vt 0.15625 1
vt 0.3125 1
vt 0.15625 1
vt 0.15625 0.796875
vt 0.3125 0.796875
vn 0 0 -1
vn 0 0 1
vn -0.9914448613738104 0.13052619222005157 0
vn 0.13052619222005157 0.9914448613738104 0
vn -0.13052619222005157 -0.9914448613738104 0
usemtl m_5ad8b979-4c51-328f-b635-6e58966c4d38
f 2124/5040/1260 2127/5039/1260 2125/5038/1260 2122/5037/1260
f 2128/5044/1261 2123/5043/1261 2121/5042/1261 2126/5041/1261
f 2127/5048/1262 2128/5047/1262 2126/5046/1262 2125/5045/1262
f 2126/5052/1263 2121/5051/1263 2122/5050/1263 2125/5049/1263
f 2127/5056/1264 2124/5055/1264 2123/5054/1264 2128/5053/1264
o cube
v 8.58702149030362 0.8803713507611106 2.375
v 8.58702149030362 0.8803713507611106 1.5625
v 8.619653038358633 0.6325101354176579 2.375
v 8.619653038358633 0.6325101354176579 1.5625
v 7.9673684519449885 0.7987924806235782 1.5625
v 7.9673684519449885 0.7987924806235782 2.375
v 8 0.5509312652801257 1.5625
v 8 0.5509312652801257 2.375
vt 0.15625 0.53125
vt 0.3125 0.53125
vt 0.3125 0.46875
vt 0.15625 0.46875
vt 0.46875 0.9375
vt 0.671875 0.9375
vt 0.671875 0.875
vt 0.46875 0.875
vt 0.46875 0.8125
vt 0.625 0.8125
vt 0.625 0.75
vt 0.46875 0.75
vt 0.15625 0.59375
vt 0 0.59375
vt 0 0.796875
vt 0.15625 0.796875
vt 0.3125 0.796875
vt 0.15625 0.796875
vt 0.15625 0.59375
vt 0.3125 0.59375
vn 0 0 -1
vn 0.9914448613738104 0.13052619222005157 0
vn 0 0 1
vn -0.13052619222005157 0.9914448613738104 0
vn 0.13052619222005157 -0.9914448613738104 0
usemtl m_5ad8b979-4c51-328f-b635-6e58966c4d38
f 2132/5060/1265 2135/5059/1265 2133/5058/1265 2130/5057/1265
f 2131/5064/1266 2132/5063/1266 2130/5062/1266 2129/5061/1266
f 2136/5068/1267 2131/5067/1267 2129/5066/1267 2134/5065/1267
f 2134/5072/1268 2129/5071/1268 2130/5070/1268 2133/5069/1268
f 2135/5076/1269 2132/5075/1269 2131/5074/1269 2136/5073/1269
o cube
v 8.442187505960465 1.1196021954637263 2.610587779864739
v 8.442187505960465 1.1423935187825107 2.4813317622818873
v 8.442187505960465 0.4979423013747699 2.5009723677124893
v 8.442187505960465 0.5207336246935543 2.3717163501296374
v 8.310937505960464 1.1423935187825107 2.4813317622818873
v 8.310937505960464 1.1196021954637263 2.610587779864739
v 8.310937505960464 0.5207336246935543 2.3717163501296374
v 8.310937505960464 0.4979423013747699 2.5009723677124893
vt 0.5625 0.375
vt 0.59375 0.375
vt 0.59375 0.21875
vt 0.5625 0.21875
vt 0.59375 0.375
vt 0.625 0.375
vt 0.625 0.21875
vt 0.59375 0.21875
vt 0.625 0.375
vt 0.65625 0.375
vt 0.65625 0.21875
vt 0.625 0.21875
vt 0 0.34375
vt 0.03125 0.34375
vt 0.03125 0.1875
vt 0 0.1875
vt 0.65625 0.75
vt 0.625 0.75
vt 0.625 0.78125
vt 0.65625 0.78125
vt 0.65625 0.59375
vt 0.625 0.59375
vt 0.625 0.5625
vt 0.65625 0.5625
vn 0 0.17364817766693033 -0.984807753012208
vn 1 0 0
vn 0 -0.17364817766693033 0.984807753012208
vn -1 0 0
vn 0 0.984807753012208 0.17364817766693033
vn 0 -0.984807753012208 -0.17364817766693033
usemtl m_5ad8b979-4c51-328f-b635-6e58966c4d38
f 2140/5080/1270 2143/5079/1270 2141/5078/1270 2138/5077/1270
f 2139/5084/1271 2140/5083/1271 2138/5082/1271 2137/5081/1271
f 2144/5088/1272 2139/5087/1272 2137/5086/1272 2142/5085/1272
f 2143/5092/1273 2144/5091/1273 2142/5090/1273 2141/5089/1273
f 2142/5096/1274 2137/5095/1274 2138/5094/1274 2141/5093/1274
f 2143/5100/1275 2140/5099/1275 2139/5098/1275 2144/5097/1275
o cube
v 7.692187505960465 1.1196021954637263 2.610587779864739
v 7.692187505960465 1.1423935187825107 2.4813317622818873
v 7.692187505960465 0.4979423013747699 2.5009723677124893
v 7.692187505960465 0.5207336246935543 2.3717163501296374
v 7.560937505960464 1.1423935187825107 2.4813317622818873
v 7.560937505960464 1.1196021954637263 2.610587779864739
v 7.560937505960464 0.5207336246935543 2.3717163501296374
v 7.560937505960464 0.4979423013747699 2.5009723677124893
vt 0.03125 0.34375
vt 0.0625 0.34375
vt 0.0625 0.1875
vt 0.03125 0.1875
vt 0.0625 0.34375
vt 0.09375 0.34375
vt 0.09375 0.1875
vt 0.0625 0.1875
vt 0.09375 0.34375
vt 0.125 0.34375
vt 0.125 0.1875
vt 0.09375 0.1875
vt 0.125 0.34375
vt 0.15625 0.34375
vt 0.15625 0.1875
vt 0.125 0.1875
vt 0.65625 0.53125
vt 0.625 0.53125
vt 0.625 0.5625
vt 0.65625 0.5625
vt 0.6875 0.8125
vt 0.65625 0.8125
vt 0.65625 0.78125
vt 0.6875 0.78125
vn 0 0.17364817766693033 -0.984807753012208
vn 1 0 0
vn 0 -0.17364817766693033 0.984807753012208
vn -1 0 0
vn 0 0.984807753012208 0.17364817766693033
vn 0 -0.984807753012208 -0.17364817766693033
usemtl m_5ad8b979-4c51-328f-b635-6e58966c4d38
f 2148/5104/1276 2151/5103/1276 2149/5102/1276 2146/5101/1276
f 2147/5108/1277 2148/5107/1277 2146/5106/1277 2145/5105/1277
f 2152/5112/1278 2147/5111/1278 2145/5110/1278 2150/5109/1278
f 2151/5116/1279 2152/5115/1279 2150/5114/1279 2149/5113/1279
f 2150/5120/1280 2145/5119/1280 2146/5118/1280 2149/5117/1280
f 2151/5124/1281 2148/5123/1281 2147/5122/1281 2152/5121/1281
o cube
v 8.619653038421243 1.6018122213398507 2.7069130035507767
v 8.587300657783427 1.6344437693948635 2.461172275264643
v 8.609004859136576 0.9821591829812193 2.626032051956239
v 8.576652478498762 1.014790731036232 2.3802913236701055
v 7.967647619424795 1.6344437693948635 2.5427511454021756
v 8.000000000062611 1.6018122213398507 2.788491873688309
v 7.95699944014013 1.014790731036232 2.4618701938076377
v 7.989351820777944 0.9821591829812193 2.7076109220937714
vt 0.3125 1
vt 0.46875 1
vt 0.46875 0.84375
vt 0.3125 0.84375
vt 0.46875 0.75
vt 0.53125 0.75
vt 0.53125 0.59375
vt 0.46875 0.59375
vt 0.3125 0.84375
vt 0.46875 0.84375
vt 0.46875 0.6875
vt 0.3125 0.6875
vt 0.46875 0.46875
vt 0.3125 0.46875
vt 0.3125 0.53125
vt 0.46875 0.53125
vt 0.625 0.59375
vt 0.46875 0.59375
vt 0.46875 0.53125
vt 0.625 0.53125
vn -0.12940952255126037 0.13052619222005157 -0.9829629131445341
vn 0.9914448613738105 3.469446951953615e-18 -0.1305261922200516
vn 0.12940952255126037 -0.13052619222005157 0.9829629131445341
vn 0.017037086855465854 0.9914448613738105 0.1294095225512604
vn -0.017037086855465854 -0.9914448613738105 -0.1294095225512604
usemtl m_5ad8b979-4c51-328f-b635-6e58966c4d38
f 2156/5128/1282 2159/5127/1282 2157/5126/1282 2154/5125/1282
f 2155/5132/1283 2156/5131/1283 2154/5130/1283 2153/5129/1283
f 2160/5136/1284 2155/5135/1284 2153/5134/1284 2158/5133/1284
f 2158/5140/1285 2153/5139/1285 2154/5138/1285 2157/5137/1285
f 2159/5144/1286 2156/5143/1286 2155/5142/1286 2160/5141/1286
o cube
v 7.999999999937389 1.6018122213398507 2.788491873688309
v 8.032352380575205 1.6344437693948635 2.5427511454021756
v 8.010648179222056 0.9821591829812193 2.7076109220937714
v 8.04300055985987 1.014790731036232 2.4618701938076377
v 7.412699342216572 1.6344437693948635 2.461172275264643
v 7.380346961578757 1.6018122213398507 2.7069130035507767
v 7.423347521501238 1.014790731036232 2.3802913236701055
v 7.390995140863423 0.9821591829812193 2.626032051956239
vt 0.3125 0.6875
vt 0.46875 0.6875
vt 0.46875 0.53125
vt 0.3125 0.53125
vt 0 0.59375
vt 0.15625 0.59375
vt 0.15625 0.4375
vt 0 0.4375
vt 0.46875 0.53125
vt 0.53125 0.53125
vt 0.53125 0.375
vt 0.46875 0.375
vt 0.3125 0.40625
vt 0.15625 0.40625
vt 0.15625 0.46875
vt 0.3125 0.46875
vt 0.6875 0.75
vt 0.53125 0.75
vt 0.53125 0.6875
vt 0.6875 0.6875
vn 0.12940952255126037 0.13052619222005157 -0.9829629131445341
vn -0.12940952255126037 -0.13052619222005157 0.9829629131445341
vn -0.9914448613738105 3.469446951953615e-18 -0.1305261922200516
vn -0.017037086855465854 0.9914448613738105 0.1294095225512604
vn 0.017037086855465854 -0.9914448613738105 -0.1294095225512604
usemtl m_5ad8b979-4c51-328f-b635-6e58966c4d38
f 2164/5148/1287 2167/5147/1287 2165/5146/1287 2162/5145/1287
f 2168/5152/1288 2163/5151/1288 2161/5150/1288 2166/5149/1288
f 2167/5156/1289 2168/5155/1289 2166/5154/1289 2165/5153/1289
f 2166/5160/1290 2161/5159/1290 2162/5158/1290 2165/5157/1290
f 2167/5164/1291 2164/5163/1291 2163/5162/1291 2168/5161/1291
o cube
v 8.5 0.125 2.46875
v 8.5 0.125 2.34375
v 8.5 0 2.46875
v 8.5 0 2.34375
v 7.5 0.125 2.34375
v 7.5 0.125 2.46875
v 7.5 0 2.34375
v 7.5 0 2.46875
vt 0.53125 0.6875
vt 0.78125 0.6875
vt 0.78125 0.65625
vt 0.53125 0.65625
vt 0.65625 0.78125
vt 0.6875 0.78125
vt 0.6875 0.75
vt 0.65625 0.75
vt 0.53125 0.65625
vt 0.78125 0.65625
vt 0.78125 0.625
vt 0.53125 0.625
vt 0.65625 0.59375
vt 0.6875 0.59375
vt 0.6875 0.5625
vt 0.65625 0.5625
vt 0.78125 0.59375
vt 0.53125 0.59375
vt 0.53125 0.625
vt 0.78125 0.625
vt 0.78125 0.53125
vt 0.53125 0.53125
vt 0.53125 0.5
vt 0.78125 0.5
vn 0 0 -1
vn 1 0 0
vn 0 0 1
vn -1 0 0
vn 0 1 0
vn 0 -1 0
usemtl m_5ad8b979-4c51-328f-b635-6e58966c4d38
f 2172/5168/1292 2175/5167/1292 2173/5166/1292 2170/5165/1292
f 2171/5172/1293 2172/5171/1293 2170/5170/1293 2169/5169/1293
f 2176/5176/1294 2171/5175/1294 2169/5174/1294 2174/5173/1294
f 2175/5180/1295 2176/5179/1295 2174/5178/1295 2173/5177/1295
f 2174/5184/1296 2169/5183/1296 2170/5182/1296 2173/5181/1296
f 2175/5188/1297 2172/5187/1297 2171/5186/1297 2176/5185/1297
o cube
v 7.625 0.125 2.34375
v 7.625 0.125 1.65625
v 7.625 0 2.34375
v 7.625 0 1.65625
v 7.5 0.125 1.65625
v 7.5 0.125 2.34375
v 7.5 0 1.65625
v 7.5 0 2.34375
vt 0.65625 0.5625
vt 0.6875 0.5625
vt 0.6875 0.53125
vt 0.65625 0.53125
vt 0.53125 0.40625
vt 0.703125 0.40625
vt 0.703125 0.375
vt 0.53125 0.375
vt 0 0.375
vt 0.171875 0.375
vt 0.171875 0.34375
vt 0 0.34375
vt 0.46875 0.296875
vt 0.4375 0.296875
vt 0.4375 0.46875
vt 0.46875 0.46875
vt 0.21875 0.40625
vt 0.1875 0.40625
vt 0.1875 0.234375
vt 0.21875 0.234375
vn 0 0 -1
vn 1 0 0
vn -1 0 0
vn 0 1 0
vn 0 -1 0
usemtl m_5ad8b979-4c51-328f-b635-6e58966c4d38
f 2180/5192/1298 2183/5191/1298 2181/5190/1298 2178/5189/1298
f 2179/5196/1299 2180/5195/1299 2178/5194/1299 2177/5193/1299
f 2183/5200/1300 2184/5199/1300 2182/5198/1300 2181/5197/1300
f 2182/5204/1301 2177/5203/1301 2178/5202/1301 2181/5201/1301
f 2183/5208/1302 2180/5207/1302 2179/5206/1302 2184/5205/1302
o cube
v 8.5 0.125 2.34375
v 8.5 0.125 1.65625
v 8.5 0 2.34375
v 8.5 0 1.65625
v 8.375 0.125 1.65625
v 8.375 0.125 2.34375
v 8.375 0 1.65625
v 8.375 0 2.34375
vt 0.671875 1
vt 0.703125 1
vt 0.703125 0.96875
vt 0.671875 0.96875
vt 0.625 0.875
vt 0.796875 0.875
vt 0.796875 0.84375
vt 0.625 0.84375
vt 0.625 0.84375
vt 0.796875 0.84375
vt 0.796875 0.8125
vt 0.625 0.8125
vt 0.25 0.234375
vt 0.21875 0.234375
vt 0.21875 0.40625
vt 0.25 0.40625
vt 0.28125 0.40625
vt 0.25 0.40625
vt 0.25 0.234375
vt 0.28125 0.234375
vn 0 0 -1
vn 1 0 0
vn -1 0 0
vn 0 1 0
vn 0 -1 0
usemtl m_5ad8b979-4c51-328f-b635-6e58966c4d38
f 2188/5212/1303 2191/5211/1303 2189/5210/1303 2186/5209/1303
f 2187/5216/1304 2188/5215/1304 2186/5214/1304 2185/5213/1304
f 2191/5220/1305 2192/5219/1305 2190/5218/1305 2189/5217/1305
f 2190/5224/1306 2185/5223/1306 2186/5222/1306 2189/5221/1306
f 2191/5228/1307 2188/5227/1307 2187/5226/1307 2192/5225/1307
o cube
v 8.424774654152706 0.6023643931372862 1.7738292774234874
v 8.421941449725605 0.6238847173166366 1.6507283082969613
v 8.505114157946124 -0.007874723215865187 1.665299166381656
v 8.502280953519023 0.013645600963485327 1.54219819725513
v 8.298010842053877 0.6075689432891302 1.6507283082969613
v 8.300844046480979 0.5860486191097798 1.7738292774234874
v 8.378350345847295 -0.0026701730640211196 1.54219819725513
v 8.381183550274397 -0.02419049724337169 1.665299166381656
vt 0.15625 0.34375
vt 0.1875 0.34375
vt 0.1875 0.1875
vt 0.15625 0.1875
vt 0.65625 0.375
vt 0.6875 0.375
vt 0.6875 0.21875
vt 0.65625 0.21875
vt 0.6875 0.375
vt 0.71875 0.375
vt 0.71875 0.21875
vt 0.6875 0.21875
vt 0.4375 0.296875
vt 0.46875 0.296875
vt 0.46875 0.140625
vt 0.4375 0.140625
vt 0.703125 0.9375
vt 0.671875 0.9375
vt 0.671875 0.96875
vt 0.703125 0.96875
vt 0.703125 0.9375
vt 0.671875 0.9375
vt 0.671875 0.90625
vt 0.703125 0.90625
vn -0.02266563541681542 0.17216259343480456 -0.9848077530122082
vn 0.9914448613738104 0.13052619222005157 -3.469446951953614e-18
vn 0.02266563541681542 -0.17216259343480456 0.9848077530122082
vn -0.9914448613738104 -0.13052619222005157 3.469446951953614e-18
vn -0.12854320606946856 0.9763825861650425 0.17364817766693036
vn 0.12854320606946856 -0.9763825861650425 -0.17364817766693036
usemtl m_5ad8b979-4c51-328f-b635-6e58966c4d38
f 2196/5232/1308 2199/5231/1308 2197/5230/1308 2194/5229/1308
f 2195/5236/1309 2196/5235/1309 2194/5234/1309 2193/5233/1309
f 2200/5240/1310 2195/5239/1310 2193/5238/1310 2198/5237/1310
f 2199/5244/1311 2200/5243/1311 2198/5242/1311 2197/5241/1311
f 2198/5248/1312 2193/5247/1312 2194/5246/1312 2197/5245/1312
f 2199/5252/1313 2196/5251/1313 2195/5250/1313 2200/5249/1313
o cube
v 10.4375 0.8773783136926592 2
v 10.4375 0.8392476762405585 1.5641648195848612
v 10.4375 0.7528539764311908 2.0108944678434573
v 10.4375 0.7147233389790904 1.5750592874283185
v 9.5625 0.8392476762405585 1.5641648195848612
v 9.5625 0.8773783136926592 2
v 9.5625 0.7147233389790904 1.5750592874283185
v 9.5625 0.7528539764311908 2.0108944678434573
vt 0.53125 0.578125
vt 0.75 0.578125
vt 0.75 0.546875
vt 0.53125 0.546875
vt 0.59375 0.359375
vt 0.703125 0.359375
vt 0.703125 0.328125
vt 0.59375 0.328125
vt 0.53125 0.546875
vt 0.75 0.546875
vt 0.75 0.515625
vt 0.53125 0.515625
vt 0.65625 1
vt 0.765625 1
vt 0.765625 0.96875
vt 0.65625 0.96875
vt 0.40625 0.609375
vt 0.1875 0.609375
vt 0.1875 0.71875
vt 0.40625 0.71875
vt 0.21875 0.609375
vt 0 0.609375
vt 0 0.5
vt 0.21875 0.5
vn 0 -0.08715574274765818 -0.9961946980917455
vn 1 0 0
vn 0 0.08715574274765818 0.9961946980917455
vn -1 0 0
vn 0 0.9961946980917455 -0.08715574274765818
vn 0 -0.9961946980917455 0.08715574274765818
usemtl m_a35808ae-dc38-d5f8-6e96-f8d43787802e
f 2204/5256/1314 2207/5255/1314 2205/5254/1314 2202/5253/1314
f 2203/5260/1315 2204/5259/1315 2202/5258/1315 2201/5257/1315
f 2208/5264/1316 2203/5263/1316 2201/5262/1316 2206/5261/1316
f 2207/5268/1317 2208/5267/1317 2206/5266/1317 2205/5265/1317
f 2206/5272/1318 2201/5271/1318 2202/5270/1318 2205/5269/1318
f 2207/5276/1319 2204/5275/1319 2203/5274/1319 2208/5273/1319
o cube
v 10.4375 0.8392476762405587 2.435835180415139
v 10.4375 0.8773783136926592 2
v 10.4375 0.7147233389790904 2.4249407125716815
v 10.4375 0.752853976431191 1.9891055321565427
v 9.5625 0.8773783136926592 2
v 9.5625 0.8392476762405587 2.435835180415139
v 9.5625 0.752853976431191 1.9891055321565427
v 9.5625 0.7147233389790904 2.4249407125716815
vt 0.53125 0.515625
vt 0.75 0.515625
vt 0.75 0.484375
vt 0.53125 0.484375
vt 0.65625 0.96875
vt 0.765625 0.96875
vt 0.765625 0.9375
vt 0.65625 0.9375
vt 0.53125 0.484375
vt 0.75 0.484375
vt 0.75 0.453125
vt 0.53125 0.453125
vt 0.65625 0.9375
vt 0.765625 0.9375
vt 0.765625 0.90625
vt 0.65625 0.90625
vt 0.4375 0.5
vt 0.21875 0.5
vt 0.21875 0.609375
vt 0.4375 0.609375
vt 0.625 1
vt 0.40625 1
vt 0.40625 0.890625
vt 0.625 0.890625
vn 0 0.08715574274765818 -0.9961946980917455
vn 1 0 0
vn 0 -0.08715574274765818 0.9961946980917455
vn -1 0 0
vn 0 0.9961946980917455 0.08715574274765818
vn 0 -0.9961946980917455 -0.08715574274765818
usemtl m_a35808ae-dc38-d5f8-6e96-f8d43787802e
f 2212/5280/1320 2215/5279/1320 2213/5278/1320 2210/5277/1320
f 2211/5284/1321 2212/5283/1321 2210/5282/1321 2209/5281/1321
f 2216/5288/1322 2211/5287/1322 2209/5286/1322 2214/5285/1322
f 2215/5292/1323 2216/5291/1323 2214/5290/1323 2213/5289/1323
f 2214/5296/1324 2209/5295/1324 2210/5294/1324 2213/5293/1324
f 2215/5300/1325 2212/5299/1325 2211/5298/1325 2216/5297/1325
o cube
v 10.4375 1.2808212894587554 2.415572883267207
v 10.4375 1.2753688660380882 2.2906918555694746
v 10.4375 0.9061782063655586 2.431930153529208
v 10.4375 0.9007257829448916 2.3070491258314756
v 9.5625 1.2753688660380882 2.2906918555694746
v 9.5625 1.2808212894587554 2.415572883267207
v 9.5625 0.9007257829448916 2.3070491258314756
v 9.5625 0.9061782063655586 2.431930153529208
vt 0.40625 0.890625
vt 0.625 0.890625
vt 0.625 0.796875
vt 0.40625 0.796875
vt 0.03125 0.328125
vt 0.0625 0.328125
vt 0.0625 0.234375
vt 0.03125 0.234375
vt 0.40625 0.796875
vt 0.625 0.796875
vt 0.625 0.703125
vt 0.40625 0.703125
vt 0.0625 0.328125
vt 0.09375 0.328125
vt 0.09375 0.234375
vt 0.0625 0.234375
vt 0.5 0.421875
vt 0.28125 0.421875
vt 0.28125 0.453125
vt 0.5 0.453125
vt 0.71875 0.453125
vt 0.5 0.453125
vt 0.5 0.421875
vt 0.71875 0.421875
vn 0 -0.043619387365336 -0.9990482215818578
vn 1 0 0
vn 0 0.043619387365336 0.9990482215818578
vn -1 0 0
vn 0 0.9990482215818578 -0.043619387365336
vn 0 -0.9990482215818578 0.043619387365336
usemtl m_a35808ae-dc38-d5f8-6e96-f8d43787802e
f 2220/5304/1326 2223/5303/1326 2221/5302/1326 2218/5301/1326
f 2219/5308/1327 2220/5307/1327 2218/5306/1327 2217/5305/1327
f 2224/5312/1328 2219/5311/1328 2217/5310/1328 2222/5309/1328
f 2223/5316/1329 2224/5315/1329 2222/5314/1329 2221/5313/1329
f 2222/5320/1330 2217/5319/1330 2218/5318/1330 2221/5317/1330
f 2223/5324/1331 2220/5323/1331 2219/5322/1331 2224/5321/1331
o cube
v 10.4375 1.7974804266054423 2.5344761381532073
v 10.4375 1.8245353783477052 2.412439137263216
v 10.4375 1.2483139226004796 2.4127288553130244
v 10.4375 1.2753688743427425 2.290691854423033
v 9.5625 1.8245353783477052 2.412439137263216
v 9.5625 1.7974804266054423 2.5344761381532073
v 9.5625 1.2753688743427425 2.290691854423033
v 9.5625 1.2483139226004796 2.4127288553130244
vt 0.1875 1
vt 0.40625 1
vt 0.40625 0.859375
vt 0.1875 0.859375
vt 0 0.375
vt 0.03125 0.375
vt 0.03125 0.234375
vt 0 0.234375
vt 0.1875 0.859375
vt 0.40625 0.859375
vt 0.40625 0.71875
vt 0.1875 0.71875
vt 0.625 1
vt 0.65625 1
vt 0.65625 0.859375
vt 0.625 0.859375
vt 0.5 0.390625
vt 0.28125 0.390625
vt 0.28125 0.421875
vt 0.5 0.421875
vt 0.71875 0.421875
vt 0.5 0.421875
vt 0.5 0.390625
vt 0.71875 0.390625
vn 0 0.21643961393810288 -0.9762960071199334
vn 1 0 0
vn 0 -0.21643961393810288 0.9762960071199334
vn -1 0 0
vn 0 0.9762960071199334 0.21643961393810288
vn 0 -0.9762960071199334 -0.21643961393810288
usemtl m_a35808ae-dc38-d5f8-6e96-f8d43787802e
f 2228/5328/1332 2231/5327/1332 2229/5326/1332 2226/5325/1332
f 2227/5332/1333 2228/5331/1333 2226/5330/1333 2225/5329/1333
f 2232/5336/1334 2227/5335/1334 2225/5334/1334 2230/5333/1334
f 2231/5340/1335 2232/5339/1335 2230/5338/1335 2229/5337/1335
f 2230/5344/1336 2225/5343/1336 2226/5342/1336 2229/5341/1336
f 2231/5348/1337 2228/5347/1337 2227/5346/1337 2232/5345/1337
o cube
v 9.667865779320113 1.2623135569152795 2.582085903904345
v 9.63526528926829 1.2732184037566134 2.3344605975163506
v 9.666442411185171 1.012551501519815 2.571274349539436
v 9.633841921133348 1.023456348361149 2.3236490431514416
v 9.511334681596564 1.2732184037566134 2.350776371543857
v 9.543935171648387 1.2623135569152795 2.5984016779318515
v 9.509911313461622 1.023456348361149 2.339964817178948
v 9.542511803513445 1.012551501519815 2.5875901235669425
vt 0.375 0.296875
vt 0.40625 0.296875
vt 0.40625 0.234375
vt 0.375 0.234375
vt 0.21875 0.375
vt 0.28125 0.375
vt 0.28125 0.3125
vt 0.21875 0.3125
vt 0.1875 0.28125
vt 0.21875 0.28125
vt 0.21875 0.21875
vt 0.1875 0.21875
vt 0.625 0.640625
vt 0.6875 0.640625
vt 0.6875 0.578125
vt 0.625 0.578125
vt 0.25 0.21875
vt 0.21875 0.21875
vt 0.21875 0.28125
vt 0.25 0.28125
vt 0.75 0.78125
vt 0.71875 0.78125
vt 0.71875 0.71875
vt 0.75 0.71875
vn -0.13040196020729425 0.04361938736533599 -0.9905012255519768
vn 0.9914448613738105 -1.734723475976807e-18 -0.13052619222005155
vn 0.13040196020729425 -0.04361938736533599 0.9905012255519768
vn -0.9914448613738105 1.734723475976807e-18 0.13052619222005155
vn 0.005693472539768735 0.9990482215818578 0.04324621745963608
vn -0.005693472539768735 -0.9990482215818578 -0.04324621745963608
usemtl m_a35808ae-dc38-d5f8-6e96-f8d43787802e
f 2236/5352/1338 2239/5351/1338 2237/5350/1338 2234/5349/1338
f 2235/5356/1339 2236/5355/1339 2234/5354/1339 2233/5353/1339
f 2240/5360/1340 2235/5359/1340 2233/5358/1340 2238/5357/1340
f 2239/5364/1341 2240/5363/1341 2238/5362/1341 2237/5361/1341
f 2238/5368/1342 2233/5367/1342 2234/5366/1342 2237/5365/1342
f 2239/5372/1343 2236/5371/1343 2235/5370/1343 2240/5369/1343
o cube
v 10.375 1.2602130647713825 2.5857158086805154
v 10.375 1.262939276481716 2.5232752948316493
v 10.375 1.010451009375918 2.5748109618391815
v 10.375 1.0131772210862515 2.5123704479903153
v 9.625 1.262939276481716 2.5232752948316493
v 9.625 1.2602130647713825 2.5857158086805154
v 9.625 1.0131772210862515 2.5123704479903153
v 9.625 1.010451009375918 2.5748109618391815
vt 0.40625 0.703125
vt 0.59375 0.703125
vt 0.59375 0.640625
vt 0.40625 0.640625
vt 0.4375 0.640625
vt 0.625 0.640625
vt 0.625 0.578125
vt 0.4375 0.578125
vt 0.1875 0.609375
vt 0 0.609375
vt 0 0.625
vt 0.1875 0.625
vt 0.8125 0.71875
vt 0.625 0.71875
vt 0.625 0.703125
vt 0.8125 0.703125
vn 0 0.043619387365336 -0.9990482215818578
vn 0 -0.043619387365336 0.9990482215818578
vn 0 0.9990482215818578 0.043619387365336
vn 0 -0.9990482215818578 -0.043619387365336
usemtl m_a35808ae-dc38-d5f8-6e96-f8d43787802e
f 2244/5376/1344 2247/5375/1344 2245/5374/1344 2242/5373/1344
f 2248/5380/1345 2243/5379/1345 2241/5378/1345 2246/5377/1345
f 2246/5384/1346 2241/5383/1346 2242/5382/1346 2245/5381/1346
f 2247/5388/1347 2244/5387/1347 2243/5386/1347 2248/5385/1347
o cube
v 10.0625 0.625 2.0625
v 10.0625 0.625 1.9375
v 10.0625 0.375 2.0625
v 10.0625 0.375 1.9375
v 9.9375 0.625 1.9375
v 9.9375 0.625 2.0625
v 9.9375 0.375 1.9375
v 9.9375 0.375 2.0625
vt 0.25 0.28125
vt 0.28125 0.28125
vt 0.28125 0.21875
vt 0.25 0.21875
vt 0.40625 0.28125
vt 0.4375 0.28125
vt 0.4375 0.21875
vt 0.40625 0.21875
vt 0.4375 0.28125
vt 0.46875 0.28125
vt 0.46875 0.21875
vt 0.4375 0.21875
vt 0.46875 0.28125
vt 0.5 0.28125
vt 0.5 0.21875
vt 0.46875 0.21875
vt 0.4375 0.609375
vt 0.40625 0.609375
vt 0.40625 0.640625
vt 0.4375 0.640625
vt 0.3125 0.234375
vt 0.28125 0.234375
vt 0.28125 0.203125
vt 0.3125 0.203125
vn 0 0 -1
vn 1 0 0
vn 0 0 1
vn -1 0 0
vn 0 1 0
vn 0 -1 0
usemtl m_a35808ae-dc38-d5f8-6e96-f8d43787802e
f 2252/5392/1348 2255/5391/1348 2253/5390/1348 2250/5389/1348
f 2251/5396/1349 2252/5395/1349 2250/5394/1349 2249/5393/1349
f 2256/5400/1350 2251/5399/1350 2249/5398/1350 2254/5397/1350
f 2255/5404/1351 2256/5403/1351 2254/5402/1351 2253/5401/1351
f 2254/5408/1352 2249/5407/1352 2250/5406/1352 2253/5405/1352
f 2255/5412/1353 2252/5411/1353 2251/5410/1353 2256/5409/1353
o cube
v 10.375 0.75 2.375
v 10.375 0.75 1.625
v 10.375 0.625 2.375
v 10.375 0.625 1.625
v 9.625 0.75 1.625
v 9.625 0.75 2.375
v 9.625 0.625 1.625
v 9.625 0.625 2.375
vt 0.59375 0.703125
vt 0.78125 0.703125
vt 0.78125 0.671875
vt 0.59375 0.671875
vt 0.59375 0.671875
vt 0.78125 0.671875
vt 0.78125 0.640625
vt 0.59375 0.640625
vt 0.28125 0.390625
vt 0.46875 0.390625
vt 0.46875 0.359375
vt 0.28125 0.359375
vt 0.46875 0.390625
vt 0.65625 0.390625
vt 0.65625 0.359375
vt 0.46875 0.359375
vt 0.1875 0.8125
vt 0 0.8125
vt 0 1
vt 0.1875 1
vt 0.1875 0.8125
vt 0 0.8125
vt 0 0.625
vt 0.1875 0.625
vn 0 0 -1
vn 1 0 0
vn 0 0 1
vn -1 0 0
vn 0 1 0
vn 0 -1 0
usemtl m_a35808ae-dc38-d5f8-6e96-f8d43787802e
f 2260/5416/1354 2263/5415/1354 2261/5414/1354 2258/5413/1354
f 2259/5420/1355 2260/5419/1355 2258/5418/1355 2257/5417/1355
f 2264/5424/1356 2259/5423/1356 2257/5422/1356 2262/5421/1356
f 2263/5428/1357 2264/5427/1357 2262/5426/1357 2261/5425/1357
f 2262/5432/1358 2257/5431/1358 2258/5430/1358 2261/5429/1358
f 2263/5436/1359 2260/5435/1359 2259/5434/1359 2264/5433/1359
o cube
v 10.1875 0.75 2.5625
v 10.1875 0.75 2.375
v 10.1875 0.625 2.5625
v 10.1875 0.625 2.375
v 9.8125 0.75 2.375
v 9.8125 0.75 2.5625
v 9.8125 0.625 2.375
v 9.8125 0.625 2.5625
vt 0.65625 0.90625
vt 0.75 0.90625
vt 0.75 0.875
vt 0.65625 0.875
vt 0.75 0.90625
vt 0.796875 0.90625
vt 0.796875 0.875
vt 0.75 0.875
vt 0.65625 0.390625
vt 0.75 0.390625
vt 0.75 0.359375
vt 0.65625 0.359375
vt 0.75 0.515625
vt 0.796875 0.515625
vt 0.796875 0.484375
vt 0.75 0.484375
vt 0.375 0.453125
vt 0.28125 0.453125
vt 0.28125 0.5
vt 0.375 0.5
vt 0.125 0.375
vt 0.03125 0.375
vt 0.03125 0.328125
vt 0.125 0.328125
vn 0 0 -1
vn 1 0 0
vn 0 0 1
vn -1 0 0
vn 0 1 0
vn 0 -1 0
usemtl m_a35808ae-dc38-d5f8-6e96-f8d43787802e
f 2268/5440/1360 2271/5439/1360 2269/5438/1360 2266/5437/1360
f 2267/5444/1361 2268/5443/1361 2266/5442/1361 2265/5441/1361
f 2272/5448/1362 2267/5447/1362 2265/5446/1362 2270/5445/1362
f 2271/5452/1363 2272/5451/1363 2270/5450/1363 2269/5449/1363
f 2270/5456/1364 2265/5455/1364 2266/5454/1364 2269/5453/1364
f 2271/5460/1365 2268/5459/1365 2267/5458/1365 2272/5457/1365
o cube
v 10.187500009751716 1.1272503372685982 2.6031308190042224
v 10.187500009751716 1.1245241255582648 2.5406903051553567
v 10.187500009751716 0.6277262264776693 2.6249405126868908
v 10.187500009751716 0.6250000147673358 2.5624999988380246
v 9.812500009751716 1.1245241255582648 2.5406903051553567
v 9.812500009751716 1.1272503372685982 2.6031308190042224
v 9.812500009751716 0.6250000147673358 2.5624999988380246
v 9.812500009751716 0.6277262264776693 2.6249405126868908
vt 0.4375 0.578125
vt 0.53125 0.578125
vt 0.53125 0.453125
vt 0.4375 0.453125
vt 0.5 0.28125
vt 0.515625 0.28125
vt 0.515625 0.15625
vt 0.5 0.15625
vt 0 0.5
vt 0.09375 0.5
vt 0.09375 0.375
vt 0 0.375
vt 0.515625 0.28125
vt 0.53125 0.28125
vt 0.53125 0.15625
vt 0.515625 0.15625
vt 0.84375 0.46875
vt 0.75 0.46875
vt 0.75 0.484375
vt 0.84375 0.484375
vt 0.625 0.25
vt 0.53125 0.25
vt 0.53125 0.234375
vt 0.625 0.234375
vn 0 -0.043619387365336 -0.9990482215818578
vn 1 0 0
vn 0 0.043619387365336 0.9990482215818578
vn -1 0 0
vn 0 0.9990482215818578 -0.043619387365336
vn 0 -0.9990482215818578 0.043619387365336
usemtl m_a35808ae-dc38-d5f8-6e96-f8d43787802e
f 2276/5464/1366 2279/5463/1366 2277/5462/1366 2274/5461/1366
f 2275/5468/1367 2276/5467/1367 2274/5466/1367 2273/5465/1367
f 2280/5472/1368 2275/5471/1368 2273/5470/1368 2278/5469/1368
f 2279/5476/1369 2280/5475/1369 2278/5474/1369 2277/5473/1369
f 2278/5480/1370 2273/5479/1370 2274/5478/1370 2277/5477/1370
f 2279/5484/1371 2276/5483/1371 2275/5482/1371 2280/5481/1371
o cube
v 9.937443749815072 0.32533299564658424 2.0625
v 9.937443749815072 0.32533299564658424 1.9375
v 9.921102048049885 0.138546489754382 2.0625
v 9.921102048049885 0.138546489754382 1.9375
v 9.563870738030667 0.35801639917695605 1.9375
v 9.563870738030667 0.35801639917695605 2.0625
v 9.547529036265482 0.1712298932847538 1.9375
v 9.547529036265482 0.1712298932847538 2.0625
vt 0.125 0.375
vt 0.21875 0.375
vt 0.21875 0.328125
vt 0.125 0.328125
vt 0.625 0.25
vt 0.65625 0.25
vt 0.65625 0.203125
vt 0.625 0.203125
vt 0.625 0.859375
vt 0.71875 0.859375
vt 0.71875 0.8125
vt 0.625 0.8125
vt 0.65625 0.25
vt 0.6875 0.25
vt 0.6875 0.203125
vt 0.65625 0.203125
vt 0.1875 0.296875
vt 0.09375 0.296875
vt 0.09375 0.328125
vt 0.1875 0.328125
vt 0.6875 0.328125
vt 0.59375 0.328125
vt 0.59375 0.296875
vt 0.6875 0.296875
vn 0 0 -1
vn 0.9961946980917455 -0.08715574274765818 0
vn 0 0 1
vn -0.9961946980917455 0.08715574274765818 0
vn 0.08715574274765818 0.9961946980917455 0
vn -0.08715574274765818 -0.9961946980917455 0
usemtl m_a35808ae-dc38-d5f8-6e96-f8d43787802e
f 2284/5488/1372 2287/5487/1372 2285/5486/1372 2282/5485/1372
f 2283/5492/1373 2284/5491/1373 2282/5490/1373 2281/5489/1373
f 2288/5496/1374 2283/5495/1374 2281/5494/1374 2286/5493/1374
f 2287/5500/1375 2288/5499/1375 2286/5498/1375 2285/5497/1375
f 2286/5504/1376 2281/5503/1376 2282/5502/1376 2285/5501/1376
f 2287/5508/1377 2284/5507/1377 2283/5506/1377 2288/5505/1377
o cube
v 9.69343882950013 0.38977756988828205 2.078125
v 9.69343882950013 0.38977756988828205 1.921875
v 9.720571357260587 0.2359013584801245 2.078125
v 9.720571357260587 0.2359013584801245 1.921875
v 9.416461648965445 0.34093901991945796 1.921875
v 9.416461648965445 0.34093901991945796 2.078125
v 9.443594176725904 0.18706280851130042 1.921875
v 9.443594176725904 0.18706280851130042 2.078125
vt 0.703125 0.359375
vt 0.765625 0.359375
vt 0.765625 0.328125
vt 0.703125 0.328125
vt 0.3125 0.234375
vt 0.34375 0.234375
vt 0.34375 0.203125
vt 0.3125 0.203125
vt 0.53125 0.28125
vt 0.59375 0.28125
vt 0.59375 0.25
vt 0.53125 0.25
vt 0.375 0.234375
vt 0.40625 0.234375
vt 0.40625 0.203125
vt 0.375 0.203125
vt 0.78125 0.421875
vt 0.71875 0.421875
vt 0.71875 0.453125
vt 0.78125 0.453125
vn 0 0 -1
vn 0.984807753012208 0.17364817766693033 0
vn 0 0 1
vn -0.984807753012208 -0.17364817766693033 0
vn -0.17364817766693033 0.984807753012208 0
usemtl m_a35808ae-dc38-d5f8-6e96-f8d43787802e
f 2292/5512/1378 2295/5511/1378 2293/5510/1378 2290/5509/1378
f 2291/5516/1379 2292/5515/1379 2290/5514/1379 2289/5513/1379
f 2296/5520/1380 2291/5519/1380 2289/5518/1380 2294/5517/1380
f 2295/5524/1381 2296/5523/1381 2294/5522/1381 2293/5521/1381
f 2294/5528/1382 2289/5527/1382 2290/5526/1382 2293/5525/1382
o cube
v 9.44665291308792 0.18593749999999998 1.89172427413081
v 9.36047427413081 0.18593749999999998 1.9779029130879207
v 9.44665291308792 0.0015625000000000222 1.89172427413081
v 9.36047427413081 0.0015625000000000222 1.9779029130879207
v 9.49084708691208 0.18593749999999998 2.10827572586919
v 9.57702572586919 0.18593749999999998 2.0220970869120793
v 9.49084708691208 0.0015625000000000222 2.10827572586919
v 9.57702572586919 0.0015625000000000222 2.0220970869120793
vt 0.375 0.5
vt 0.421875 0.5
vt 0.421875 0.453125
vt 0.375 0.453125
vt 0.6875 0.25
vt 0.71875 0.25
vt 0.71875 0.203125
vt 0.6875 0.203125
vt 0.59375 0.296875
vt 0.640625 0.296875
vt 0.640625 0.25
vt 0.59375 0.25
vt 0 0.234375
vt 0.03125 0.234375
vt 0.03125 0.1875
vt 0 0.1875
vt 0.796875 0.359375
vt 0.75 0.359375
vt 0.75 0.390625
vt 0.796875 0.390625
vt 0.8125 1
vt 0.765625 1
vt 0.765625 0.96875
vt 0.8125 0.96875
vn -0.7071067811865477 0 0.7071067811865475
vn -0.7071067811865475 0 -0.7071067811865477
vn 0.7071067811865477 0 -0.7071067811865475
vn 0.7071067811865475 0 0.7071067811865477
vn 0 1 0
vn 0 -1 0
usemtl m_a35808ae-dc38-d5f8-6e96-f8d43787802e
f 2300/5532/1383 2303/5531/1383 2301/5530/1383 2298/5529/1383
f 2299/5536/1384 2300/5535/1384 2298/5534/1384 2297/5533/1384
f 2304/5540/1385 2299/5539/1385 2297/5538/1385 2302/5537/1385
f 2303/5544/1386 2304/5543/1386 2302/5542/1386 2301/5541/1386
f 2302/5548/1387 2297/5547/1387 2298/5546/1387 2301/5545/1387
f 2303/5552/1388 2300/5551/1388 2299/5550/1388 2304/5549/1388
o cube
v 10.55334708691208 0.18593749999999998 2.10827572586919
v 10.63952572586919 0.18593749999999998 2.0220970869120793
v 10.55334708691208 0.0015625000000000222 2.10827572586919
v 10.63952572586919 0.0015625000000000222 2.0220970869120793
v 10.50915291308792 0.18593749999999998 1.89172427413081
v 10.42297427413081 0.18593749999999998 1.9779029130879207
v 10.50915291308792 0.0015625000000000222 1.89172427413081
v 10.42297427413081 0.0015625000000000222 1.9779029130879207
vt 0.640625 0.296875
vt 0.6875 0.296875
vt 0.6875 0.25
vt 0.640625 0.25
vt 0.03125 0.234375
vt 0.0625 0.234375
vt 0.0625 0.1875
vt 0.03125 0.1875
vt 0.6875 0.296875
vt 0.734375 0.296875
vt 0.734375 0.25
vt 0.6875 0.25
vt 0.765625 0.96875
vt 0.796875 0.96875
vt 0.796875 0.921875
vt 0.765625 0.921875
vt 0.109375 0.203125
vt 0.0625 0.203125
vt 0.0625 0.234375
vt 0.109375 0.234375
vt 0.15625 0.234375
vt 0.109375 0.234375
vt 0.109375 0.203125
vt 0.15625 0.203125
vn 0.7071067811865476 0 -0.7071067811865475
vn 0.7071067811865475 0 0.7071067811865476
vn -0.7071067811865476 0 0.7071067811865475
vn -0.7071067811865475 0 -0.7071067811865476
vn 0 1 0
vn 0 -1 0
usemtl m_a35808ae-dc38-d5f8-6e96-f8d43787802e
f 2308/5556/1389 2311/5555/1389 2309/5554/1389 2306/5553/1389
f 2307/5560/1390 2308/5559/1390 2306/5558/1390 2305/5557/1390
f 2312/5564/1391 2307/5563/1391 2305/5562/1391 2310/5561/1391
f 2311/5568/1392 2312/5567/1392 2310/5566/1392 2309/5565/1392
f 2310/5572/1393 2305/5571/1393 2306/5570/1393 2309/5569/1393
f 2311/5576/1394 2308/5575/1394 2307/5574/1394 2312/5573/1394
o cube
v 10.583538351034555 0.34093901991945796 2.078125
v 10.583538351034555 0.34093901991945796 1.921875
v 10.556405823274096 0.18706280851130042 2.078125
v 10.556405823274096 0.18706280851130042 1.921875
v 10.30656117049987 0.38977756988828205 1.921875
v 10.30656117049987 0.38977756988828205 2.078125
v 10.279428642739413 0.2359013584801245 1.921875
v 10.279428642739413 0.2359013584801245 2.078125
vt 0.71875 0.421875
vt 0.78125 0.421875
vt 0.78125 0.390625
vt 0.71875 0.390625
vt 0.53125 0.234375
vt 0.5625 0.234375
vt 0.5625 0.203125
vt 0.53125 0.203125
vt 0.09375 0.265625
vt 0.15625 0.265625
vt 0.15625 0.234375
vt 0.09375 0.234375
vt 0.5625 0.234375
vt 0.59375 0.234375
vt 0.59375 0.203125
vt 0.5625 0.203125
vt 0.34375 0.234375
vt 0.28125 0.234375
vt 0.28125 0.265625
vt 0.34375 0.265625
vn 0 0 -1
vn 0.984807753012208 -0.17364817766693033 0
vn 0 0 1
vn -0.984807753012208 0.17364817766693033 0
vn 0.17364817766693033 0.984807753012208 0
usemtl m_a35808ae-dc38-d5f8-6e96-f8d43787802e
f 2316/5580/1395 2319/5579/1395 2317/5578/1395 2314/5577/1395
f 2315/5584/1396 2316/5583/1396 2314/5582/1396 2313/5581/1396
f 2320/5588/1397 2315/5587/1397 2313/5586/1397 2318/5585/1397
f 2319/5592/1398 2320/5591/1398 2318/5590/1398 2317/5589/1398
f 2318/5596/1399 2313/5595/1399 2314/5594/1399 2317/5593/1399
o cube
v 10.436129261969333 0.35801639917695605 2.0625
v 10.436129261969333 0.35801639917695605 1.9375
v 10.452470963734518 0.1712298932847538 2.0625
v 10.452470963734518 0.1712298932847538 1.9375
v 10.062556250184928 0.32533299564658424 1.9375
v 10.062556250184928 0.32533299564658424 2.0625
v 10.078897951950115 0.138546489754382 1.9375
v 10.078897951950115 0.138546489754382 2.0625
vt 0.625 0.8125
vt 0.71875 0.8125
vt 0.71875 0.765625
vt 0.625 0.765625
vt 0.765625 0.875
vt 0.796875 0.875
vt 0.796875 0.828125
vt 0.765625 0.828125
vt 0.625 0.765625
vt 0.71875 0.765625
vt 0.71875 0.71875
vt 0.625 0.71875
vt 0.765625 0.828125
vt 0.796875 0.828125
vt 0.796875 0.78125
vt 0.765625 0.78125
vt 0.28125 0.28125
vt 0.1875 0.28125
vt 0.1875 0.3125
vt 0.28125 0.3125
vt 0.78125 0.640625
vt 0.6875 0.640625
vt 0.6875 0.609375
vt 0.78125 0.609375
vn 0 0 -1
vn 0.9961946980917455 0.08715574274765818 0
vn 0 0 1
vn -0.9961946980917455 -0.08715574274765818 0
vn -0.08715574274765818 0.9961946980917455 0
vn 0.08715574274765818 -0.9961946980917455 0
usemtl m_a35808ae-dc38-d5f8-6e96-f8d43787802e
f 2324/5600/1400 2327/5599/1400 2325/5598/1400 2322/5597/1400
f 2323/5604/1401 2324/5603/1401 2322/5602/1401 2321/5601/1401
f 2328/5608/1402 2323/5607/1402 2321/5606/1402 2326/5605/1402
f 2327/5612/1403 2328/5611/1403 2326/5610/1403 2325/5609/1403
f 2326/5616/1404 2321/5615/1404 2322/5614/1404 2325/5613/1404
f 2327/5620/1405 2324/5619/1405 2323/5618/1405 2328/5617/1405
o cube
v 10.09375 0.375 2.09375
v 10.09375 0.375 1.90625
v 10.09375 0.0625 2.09375
v 10.09375 0.0625 1.90625
v 9.90625 0.375 1.90625
v 9.90625 0.375 2.09375
v 9.90625 0.0625 1.90625
v 9.90625 0.0625 2.09375
vt 0.40625 0.359375
vt 0.453125 0.359375
vt 0.453125 0.28125
vt 0.40625 0.28125
vt 0.453125 0.359375
vt 0.5 0.359375
vt 0.5 0.28125
vt 0.453125 0.28125
vt 0.5 0.359375
vt 0.546875 0.359375
vt 0.546875 0.28125
vt 0.5 0.28125
vt 0.546875 0.359375
vt 0.59375 0.359375
vt 0.59375 0.28125
vt 0.546875 0.28125
vt 0.765625 0.828125
vt 0.71875 0.828125
vt 0.71875 0.875
vt 0.765625 0.875
vt 0.765625 0.828125
vt 0.71875 0.828125
vt 0.71875 0.78125
vt 0.765625 0.78125
vn 0 0 -1
vn 1 0 0
vn 0 0 1
vn -1 0 0
vn 0 1 0
vn 0 -1 0
usemtl m_a35808ae-dc38-d5f8-6e96-f8d43787802e
f 2332/5624/1406 2335/5623/1406 2333/5622/1406 2330/5621/1406
f 2331/5628/1407 2332/5627/1407 2330/5626/1407 2329/5625/1407
f 2336/5632/1408 2331/5631/1408 2329/5630/1408 2334/5629/1408
f 2335/5636/1409 2336/5635/1409 2334/5634/1409 2333/5633/1409
f 2334/5640/1410 2329/5639/1410 2330/5638/1410 2333/5637/1410
f 2335/5644/1411 2332/5643/1411 2331/5642/1411 2336/5641/1411
o cube
v 10.187500009751716 1.6120886697504107 2.667918705123905
v 10.187500009751716 1.6202465567641644 2.605953401288042
v 10.187500009751716 1.1163662390635058 2.6026556090138793
v 10.187500009751716 1.124524126077259 2.540690305178016
v 9.812500009751716 1.6202465567641644 2.605953401288042
v 9.812500009751716 1.6120886697504107 2.667918705123905
v 9.812500009751716 1.124524126077259 2.540690305178016
v 9.812500009751716 1.1163662390635058 2.6026556090138793
vt 0.09375 0.5
vt 0.1875 0.5
vt 0.1875 0.375
vt 0.09375 0.375
vt 0.15625 0.265625
vt 0.171875 0.265625
vt 0.171875 0.140625
vt 0.15625 0.140625
vt 0.1875 0.5
vt 0.28125 0.5
vt 0.28125 0.375
vt 0.1875 0.375
vt 0.171875 0.265625
vt 0.1875 0.265625
vt 0.1875 0.140625
vt 0.171875 0.140625
vt 0.84375 0.453125
vt 0.75 0.453125
vt 0.75 0.46875
vt 0.84375 0.46875
vt 0.859375 0.921875
vt 0.765625 0.921875
vt 0.765625 0.90625
vt 0.859375 0.90625
vn 0 0.13052619222005157 -0.9914448613738104
vn 1 0 0
vn 0 -0.13052619222005157 0.9914448613738104
vn -1 0 0
vn 0 0.9914448613738104 0.13052619222005157
vn 0 -0.9914448613738104 -0.13052619222005157
usemtl m_a35808ae-dc38-d5f8-6e96-f8d43787802e
f 2340/5648/1412 2343/5647/1412 2341/5646/1412 2338/5645/1412
f 2339/5652/1413 2340/5651/1413 2338/5650/1413 2337/5649/1413
f 2344/5656/1414 2339/5655/1414 2337/5654/1414 2342/5653/1414
f 2343/5660/1415 2344/5659/1415 2342/5658/1415 2341/5657/1415
f 2342/5664/1416 2337/5663/1416 2338/5662/1416 2341/5661/1416
f 2343/5668/1417 2340/5667/1417 2339/5666/1417 2344/5665/1417
o cube
v 10.187500009751716 1.6202465567641644 2.605953401288042
v 10.187500009751716 1.6365623307916706 2.4820227936163155
v 10.187500009751716 1.4963159490924378 2.5896376272605353
v 10.187500009751716 1.5126317231199442 2.465707019588809
v 9.812500009751716 1.6365623307916706 2.4820227936163155
v 9.812500009751716 1.6202465567641644 2.605953401288042
v 9.812500009751716 1.5126317231199442 2.465707019588809
v 9.812500009751716 1.4963159490924378 2.5896376272605353
vt 0.6875 0.609375
vt 0.78125 0.609375
vt 0.78125 0.578125
vt 0.6875 0.578125
vt 0.59375 0.234375
vt 0.625 0.234375
vt 0.625 0.203125
vt 0.59375 0.203125
vt 0.6875 0.328125
vt 0.78125 0.328125
vt 0.78125 0.296875
vt 0.6875 0.296875
vt 0.765625 0.359375
vt 0.796875 0.359375
vt 0.796875 0.328125
vt 0.765625 0.328125
vt 0.1875 0.265625
vt 0.09375 0.265625
vt 0.09375 0.296875
vt 0.1875 0.296875
vt 0.375 0.296875
vt 0.28125 0.296875
vt 0.28125 0.265625
vt 0.375 0.265625
vn 0 0.13052619222005157 -0.9914448613738104
vn 1 0 0
vn 0 -0.13052619222005157 0.9914448613738104
vn -1 0 0
vn 0 0.9914448613738104 0.13052619222005157
vn 0 -0.9914448613738104 -0.13052619222005157
usemtl m_a35808ae-dc38-d5f8-6e96-f8d43787802e
f 2348/5672/1418 2351/5671/1418 2349/5670/1418 2346/5669/1418
f 2347/5676/1419 2348/5675/1419 2346/5674/1419 2345/5673/1419
f 2352/5680/1420 2347/5679/1420 2345/5678/1420 2350/5677/1420
f 2351/5684/1421 2352/5683/1421 2350/5682/1421 2349/5681/1421
f 2350/5688/1422 2345/5687/1422 2346/5686/1422 2349/5685/1422
f 2351/5692/1423 2348/5691/1423 2347/5690/1423 2352/5689/1423
o cube
v 10.456064828351613 1.2623135569152795 2.5984016779318515
v 10.488665318403436 1.2732184037566134 2.350776371543857
v 10.457488196486555 1.012551501519815 2.5875901235669425
v 10.490088686538378 1.023456348361149 2.339964817178948
v 10.36473471073171 1.2732184037566134 2.3344605975163506
v 10.332134220679887 1.2623135569152795 2.582085903904345
v 10.366158078866652 1.023456348361149 2.3236490431514416
v 10.333557588814829 1.012551501519815 2.571274349539436
vt 0.34375 0.265625
vt 0.375 0.265625
vt 0.375 0.203125
vt 0.34375 0.203125
vt 0.28125 0.359375
vt 0.34375 0.359375
vt 0.34375 0.296875
vt 0.28125 0.296875
vt 0.734375 0.296875
vt 0.765625 0.296875
vt 0.765625 0.234375
vt 0.734375 0.234375
vt 0.34375 0.359375
vt 0.40625 0.359375
vt 0.40625 0.296875
vt 0.34375 0.296875
vt 0.78125 0.71875
vt 0.75 0.71875
vt 0.75 0.78125
vt 0.78125 0.78125
vt 0.78125 0.578125
vt 0.75 0.578125
vt 0.75 0.515625
vt 0.78125 0.515625
vn 0.13040196020729425 0.04361938736533599 -0.9905012255519768
vn 0.9914448613738105 1.734723475976807e-18 0.13052619222005155
vn -0.13040196020729425 -0.04361938736533599 0.9905012255519768
vn -0.9914448613738105 -1.734723475976807e-18 -0.13052619222005155
vn -0.005693472539768735 0.9990482215818578 0.04324621745963608
vn 0.005693472539768735 -0.9990482215818578 -0.04324621745963608
usemtl m_a35808ae-dc38-d5f8-6e96-f8d43787802e
f 2356/5696/1424 2359/5695/1424 2357/5694/1424 2354/5693/1424
f 2355/5700/1425 2356/5699/1425 2354/5698/1425 2353/5697/1425
f 2360/5704/1426 2355/5703/1426 2353/5702/1426 2358/5701/1426
f 2359/5708/1427 2360/5707/1427 2358/5706/1427 2357/5705/1427
f 2358/5712/1428 2353/5711/1428 2354/5710/1428 2357/5709/1428
f 2359/5716/1429 2356/5715/1429 2355/5714/1429 2360/5713/1429
o cube
v 10.0625 0.35801639917695605 2.4361292619693327
v 10.0625 0.32533299564658424 2.062556250184928
v 10.0625 0.1712298932847538 2.452470963734519
v 10.0625 0.138546489754382 2.0788979519501143
v 9.9375 0.32533299564658424 2.062556250184928
v 9.9375 0.35801639917695605 2.4361292619693327
v 9.9375 0.138546489754382 2.0788979519501143
v 9.9375 0.1712298932847538 2.452470963734519
vt 0.765625 0.828125
vt 0.796875 0.828125
vt 0.796875 0.78125
vt 0.765625 0.78125
vt 0.625 0.8125
vt 0.71875 0.8125
vt 0.71875 0.765625
vt 0.625 0.765625
vt 0.765625 0.875
vt 0.796875 0.875
vt 0.796875 0.828125
vt 0.765625 0.828125
vt 0.625 0.765625
vt 0.71875 0.765625
vt 0.71875 0.71875
vt 0.625 0.71875
vt 0.28125 0.3125
vt 0.28125 0.28125
vt 0.1875 0.28125
vt 0.1875 0.3125
vt 0.6875 0.640625
vt 0.6875 0.609375
vt 0.78125 0.609375
vt 0.78125 0.640625
vn 0 -0.08715574274765818 -0.9961946980917455
vn 1 0 0
vn 0 0.08715574274765818 0.9961946980917455
vn -1 0 0
vn 0 0.9961946980917455 -0.08715574274765818
vn 0 -0.9961946980917455 0.08715574274765818
usemtl m_a35808ae-dc38-d5f8-6e96-f8d43787802e
f 2364/5720/1430 2367/5719/1430 2365/5718/1430 2362/5717/1430
f 2363/5724/1431 2364/5723/1431 2362/5722/1431 2361/5721/1431
f 2368/5728/1432 2363/5727/1432 2361/5726/1432 2366/5725/1432
f 2367/5732/1433 2368/5731/1433 2366/5730/1433 2365/5729/1433
f 2366/5736/1434 2361/5735/1434 2362/5734/1434 2365/5733/1434
f 2367/5740/1435 2364/5739/1435 2363/5738/1435 2368/5737/1435
o cube
v 10.078125 0.34093901991945796 2.5835383510345546
v 10.078125 0.38977756988828205 2.306561170499871
v 10.078125 0.18706280851130042 2.5564058232740967
v 10.078125 0.2359013584801245 2.279428642739413
v 9.921875 0.38977756988828205 2.306561170499871
v 9.921875 0.34093901991945796 2.5835383510345546
v 9.921875 0.2359013584801245 2.279428642739413
v 9.921875 0.18706280851130042 2.5564058232740967
vt 0.5625 0.234375
vt 0.59375 0.234375
vt 0.59375 0.203125
vt 0.5625 0.203125
vt 0.71875 0.421875
vt 0.78125 0.421875
vt 0.78125 0.390625
vt 0.71875 0.390625
vt 0.53125 0.234375
vt 0.5625 0.234375
vt 0.5625 0.203125
vt 0.53125 0.203125
vt 0.09375 0.265625
vt 0.15625 0.265625
vt 0.15625 0.234375
vt 0.09375 0.234375
vt 0.34375 0.265625
vt 0.34375 0.234375
vt 0.28125 0.234375
vt 0.28125 0.265625
vn 0 0.17364817766693033 -0.984807753012208
vn 1 0 0
vn 0 -0.17364817766693033 0.984807753012208
vn -1 0 0
vn 0 0.984807753012208 0.17364817766693033
usemtl m_a35808ae-dc38-d5f8-6e96-f8d43787802e
f 2372/5744/1436 2375/5743/1436 2373/5742/1436 2370/5741/1436
f 2371/5748/1437 2372/5747/1437 2370/5746/1437 2369/5745/1437
f 2376/5752/1438 2371/5751/1438 2369/5750/1438 2374/5749/1438
f 2375/5756/1439 2376/5755/1439 2374/5754/1439 2373/5753/1439
f 2374/5760/1440 2369/5759/1440 2370/5758/1440 2373/5757/1440
o cube
v 10.10827572586919 0.18593749999999998 2.55334708691208
v 9.97790291308792 0.18593749999999998 2.42297427413081
v 10.10827572586919 0.0015625000000000222 2.55334708691208
v 9.97790291308792 0.0015625000000000222 2.42297427413081
v 9.89172427413081 0.18593749999999998 2.50915291308792
v 10.02209708691208 0.18593749999999998 2.63952572586919
v 9.89172427413081 0.0015625000000000222 2.50915291308792
v 10.02209708691208 0.0015625000000000222 2.63952572586919
vt 0.765625 0.96875
vt 0.796875 0.96875
vt 0.796875 0.921875
vt 0.765625 0.921875
vt 0.640625 0.296875
vt 0.6875 0.296875
vt 0.6875 0.25
vt 0.640625 0.25
vt 0.03125 0.234375
vt 0.0625 0.234375
vt 0.0625 0.1875
vt 0.03125 0.1875
vt 0.6875 0.296875
vt 0.734375 0.296875
vt 0.734375 0.25
vt 0.6875 0.25
vt 0.109375 0.234375
vt 0.109375 0.203125
vt 0.0625 0.203125
vt 0.0625 0.234375
vt 0.109375 0.234375
vt 0.109375 0.203125
vt 0.15625 0.203125
vt 0.15625 0.234375
vn -0.7071067811865476 0 -0.7071067811865475
vn 0.7071067811865475 0 -0.7071067811865476
vn 0.7071067811865476 0 0.7071067811865475
vn -0.7071067811865475 0 0.7071067811865476
vn 0 1 0
vn 0 -1 0
usemtl m_a35808ae-dc38-d5f8-6e96-f8d43787802e
f 2380/5764/1441 2383/5763/1441 2381/5762/1441 2378/5761/1441
f 2379/5768/1442 2380/5767/1442 2378/5766/1442 2377/5765/1442
f 2384/5772/1443 2379/5771/1443 2377/5770/1443 2382/5769/1443
f 2383/5776/1444 2384/5775/1444 2382/5774/1444 2381/5773/1444
f 2382/5780/1445 2377/5779/1445 2378/5778/1445 2381/5777/1445
f 2383/5784/1446 2380/5783/1446 2379/5782/1446 2384/5781/1446
o cube
v 10.10827572586919 0.18593749999999998 1.49084708691208
v 9.97790291308792 0.18593749999999998 1.36047427413081
v 10.10827572586919 0.0015625000000000222 1.49084708691208
v 9.97790291308792 0.0015625000000000222 1.36047427413081
v 9.89172427413081 0.18593749999999998 1.44665291308792
v 10.02209708691208 0.18593749999999998 1.57702572586919
v 9.89172427413081 0.0015625000000000222 1.44665291308792
v 10.02209708691208 0.0015625000000000222 1.57702572586919
vt 0 0.234375
vt 0.03125 0.234375
vt 0.03125 0.1875
vt 0 0.1875
vt 0.375 0.5
vt 0.421875 0.5
vt 0.421875 0.453125
vt 0.375 0.453125
vt 0.6875 0.25
vt 0.71875 0.25
vt 0.71875 0.203125
vt 0.6875 0.203125
vt 0.59375 0.296875
vt 0.640625 0.296875
vt 0.640625 0.25
vt 0.59375 0.25
vt 0.796875 0.390625
vt 0.796875 0.359375
vt 0.75 0.359375
vt 0.75 0.390625
vt 0.765625 1
vt 0.765625 0.96875
vt 0.8125 0.96875
vt 0.8125 1
vn -0.7071067811865476 0 -0.7071067811865475
vn 0.7071067811865475 0 -0.7071067811865476
vn 0.7071067811865476 0 0.7071067811865475
vn -0.7071067811865475 0 0.7071067811865476
vn 0 1 0
vn 0 -1 0
usemtl m_a35808ae-dc38-d5f8-6e96-f8d43787802e
f 2388/5788/1447 2391/5787/1447 2389/5786/1447 2386/5785/1447
f 2387/5792/1448 2388/5791/1448 2386/5790/1448 2385/5789/1448
f 2392/5796/1449 2387/5795/1449 2385/5794/1449 2390/5793/1449
f 2391/5800/1450 2392/5799/1450 2390/5798/1450 2389/5797/1450
f 2390/5804/1451 2385/5803/1451 2386/5802/1451 2389/5801/1451
f 2391/5808/1452 2388/5807/1452 2387/5806/1452 2392/5805/1452
o cube
v 10.078125 0.38977756988828205 1.693438829500129
v 10.078125 0.34093901991945796 1.4164616489654454
v 10.078125 0.2359013584801245 1.720571357260587
v 10.078125 0.18706280851130042 1.4435941767259033
v 9.921875 0.34093901991945796 1.4164616489654454
v 9.921875 0.38977756988828205 1.693438829500129
v 9.921875 0.18706280851130042 1.4435941767259033
v 9.921875 0.2359013584801245 1.720571357260587
vt 0.375 0.234375
vt 0.40625 0.234375
vt 0.40625 0.203125
vt 0.375 0.203125
vt 0.703125 0.359375
vt 0.765625 0.359375
vt 0.765625 0.328125
vt 0.703125 0.328125
vt 0.3125 0.234375
vt 0.34375 0.234375
vt 0.34375 0.203125
vt 0.3125 0.203125
vt 0.53125 0.28125
vt 0.59375 0.28125
vt 0.59375 0.25
vt 0.53125 0.25
vt 0.78125 0.453125
vt 0.78125 0.421875
vt 0.71875 0.421875
vt 0.71875 0.453125
vn 0 -0.17364817766693033 -0.984807753012208
vn 1 0 0
vn 0 0.17364817766693033 0.984807753012208
vn -1 0 0
vn 0 0.984807753012208 -0.17364817766693033
usemtl m_a35808ae-dc38-d5f8-6e96-f8d43787802e
f 2396/5812/1453 2399/5811/1453 2397/5810/1453 2394/5809/1453
f 2395/5816/1454 2396/5815/1454 2394/5814/1454 2393/5813/1454
f 2400/5820/1455 2395/5819/1455 2393/5818/1455 2398/5817/1455
f 2399/5824/1456 2400/5823/1456 2398/5822/1456 2397/5821/1456
f 2398/5828/1457 2393/5827/1457 2394/5826/1457 2397/5825/1457
o cube
v 10.0625 0.32533299564658424 1.9374437498150718
v 10.0625 0.35801639917695605 1.5638707380306673
v 10.0625 0.138546489754382 1.9211020480498857
v 10.0625 0.1712298932847538 1.5475290362654812
v 9.9375 0.35801639917695605 1.5638707380306673
v 9.9375 0.32533299564658424 1.9374437498150718
v 9.9375 0.1712298932847538 1.5475290362654812
v 9.9375 0.138546489754382 1.9211020480498857
vt 0.65625 0.25
vt 0.6875 0.25
vt 0.6875 0.203125
vt 0.65625 0.203125
vt 0.125 0.375
vt 0.21875 0.375
vt 0.21875 0.328125
vt 0.125 0.328125
vt 0.625 0.25
vt 0.65625 0.25
vt 0.65625 0.203125
vt 0.625 0.203125
vt 0.625 0.859375
vt 0.71875 0.859375
vt 0.71875 0.8125
vt 0.625 0.8125
vt 0.1875 0.328125
vt 0.1875 0.296875
vt 0.09375 0.296875
vt 0.09375 0.328125
vt 0.59375 0.328125
vt 0.59375 0.296875
vt 0.6875 0.296875
vt 0.6875 0.328125
vn 0 0.08715574274765818 -0.9961946980917455
vn 1 0 0
vn 0 -0.08715574274765818 0.9961946980917455
vn -1 0 0
vn 0 0.9961946980917455 0.08715574274765818
vn 0 -0.9961946980917455 -0.08715574274765818
usemtl m_a35808ae-dc38-d5f8-6e96-f8d43787802e
f 2404/5832/1458 2407/5831/1458 2405/5830/1458 2402/5829/1458
f 2403/5836/1459 2404/5835/1459 2402/5834/1459 2401/5833/1459
f 2408/5840/1460 2403/5839/1460 2401/5838/1460 2406/5837/1460
f 2407/5844/1461 2408/5843/1461 2406/5842/1461 2405/5841/1461
f 2406/5848/1462 2401/5847/1462 2402/5846/1462 2405/5845/1462
f 2407/5852/1463 2404/5851/1463 2403/5850/1463 2408/5849/1463
o cube
v 12.4375 0.8773783136926592 2
v 12.4375 0.8392476762405585 1.5641648195848612
v 12.4375 0.7528539764311908 2.0108944678434573
v 12.4375 0.7147233389790904 1.5750592874283185
v 11.5625 0.8392476762405585 1.5641648195848612
v 11.5625 0.8773783136926592 2
v 11.5625 0.7147233389790904 1.5750592874283185
v 11.5625 0.7528539764311908 2.0108944678434573
vt 0.4375 0.703125
vt 0.65625 0.703125
vt 0.65625 0.671875
vt 0.4375 0.671875
vt 0.46875 0.375
vt 0.578125 0.375
vt 0.578125 0.34375
vt 0.46875 0.34375
vt 0.625 0.484375
vt 0.734375 0.484375
vt 0.734375 0.453125
vt 0.625 0.453125
vt 0.21875 0.703125
vt 0 0.703125
vt 0 0.8125
vt 0.21875 0.8125
vt 0.40625 1
vt 0.1875 1
vt 0.1875 0.890625
vt 0.40625 0.890625
vn 0 -0.08715574274765818 -0.9961946980917455
vn 1 0 0
vn -1 0 0
vn 0 0.9961946980917455 -0.08715574274765818
vn 0 -0.9961946980917455 0.08715574274765818
usemtl m_030cc085-d85a-fa49-389c-4df186aecf37
f 2412/5856/1464 2415/5855/1464 2413/5854/1464 2410/5853/1464
f 2411/5860/1465 2412/5859/1465 2410/5858/1465 2409/5857/1465
f 2415/5864/1466 2416/5863/1466 2414/5862/1466 2413/5861/1466
f 2414/5868/1467 2409/5867/1467 2410/5866/1467 2413/5865/1467
f 2415/5872/1468 2412/5871/1468 2411/5870/1468 2416/5869/1468
o cube
v 12.4375 0.8392476762405587 2.435835180415139
v 12.4375 0.8773783136926592 2
v 12.4375 0.7147233389790904 2.4249407125716815
v 12.4375 0.752853976431191 1.9891055321565427
v 11.5625 0.8773783136926592 2
v 11.5625 0.8392476762405587 2.435835180415139
v 11.5625 0.752853976431191 1.9891055321565427
v 11.5625 0.7147233389790904 2.4249407125716815
vt 0.625 0.453125
vt 0.734375 0.453125
vt 0.734375 0.421875
vt 0.625 0.421875
vt 0.46875 0.578125
vt 0.6875 0.578125
vt 0.6875 0.546875
vt 0.46875 0.546875
vt 0.578125 0.375
vt 0.6875 0.375
vt 0.6875 0.34375
vt 0.578125 0.34375
vt 0.4375 0.78125
vt 0.21875 0.78125
vt 0.21875 0.890625
vt 0.4375 0.890625
vt 0.4375 0.78125
vt 0.21875 0.78125
vt 0.21875 0.671875
vt 0.4375 0.671875
vn 1 0 0
vn 0 -0.08715574274765818 0.9961946980917455
vn -1 0 0
vn 0 0.9961946980917455 0.08715574274765818
vn 0 -0.9961946980917455 -0.08715574274765818
usemtl m_030cc085-d85a-fa49-389c-4df186aecf37
f 2419/5876/1469 2420/5875/1469 2418/5874/1469 2417/5873/1469
f 2424/5880/1470 2419/5879/1470 2417/5878/1470 2422/5877/1470
f 2423/5884/1471 2424/5883/1471 2422/5882/1471 2421/5881/1471
f 2422/5888/1472 2417/5887/1472 2418/5886/1472 2421/5885/1472
f 2423/5892/1473 2420/5891/1473 2419/5890/1473 2424/5889/1473
o cube
v 12.0625 0.625 2.0625
v 12.0625 0.625 1.9375
v 12.0625 0.375 2.0625
v 12.0625 0.375 1.9375
v 11.9375 0.625 1.9375
v 11.9375 0.625 2.0625
v 11.9375 0.375 1.9375
v 11.9375 0.375 2.0625
vt 0.1875 0.890625
vt 0.21875 0.890625
vt 0.21875 0.828125
vt 0.1875 0.828125
vt 0.65625 0.546875
vt 0.6875 0.546875
vt 0.6875 0.484375
vt 0.65625 0.484375
vt 0.046875 0.265625
vt 0.078125 0.265625
vt 0.078125 0.203125
vt 0.046875 0.203125
vt 0.734375 0.953125
vt 0.765625 0.953125
vt 0.765625 0.890625
vt 0.734375 0.890625
vn 0 0 -1
vn 1 0 0
vn 0 0 1
vn -1 0 0
usemtl m_030cc085-d85a-fa49-389c-4df186aecf37
f 2428/5896/1474 2431/5895/1474 2429/5894/1474 2426/5893/1474
f 2427/5900/1475 2428/5899/1475 2426/5898/1475 2425/5897/1475
f 2432/5904/1476 2427/5903/1476 2425/5902/1476 2430/5901/1476
f 2431/5908/1477 2432/5907/1477 2430/5906/1477 2429/5905/1477
o cube
v 12.375 0.75 2.375
v 12.375 0.75 1.625
v 12.375 0.625 2.375
v 12.375 0.625 1.625
v 11.625 0.75 1.625
v 11.625 0.75 2.375
v 11.625 0.625 1.625
v 11.625 0.625 2.375
vt 0.46875 0.546875
vt 0.65625 0.546875
vt 0.65625 0.515625
vt 0.46875 0.515625
vt 0.46875 0.515625
vt 0.65625 0.515625
vt 0.65625 0.484375
vt 0.46875 0.484375
vt 0.5 0.671875
vt 0.6875 0.671875
vt 0.6875 0.640625
vt 0.5 0.640625
vt 0.5 0.640625
vt 0.6875 0.640625
vt 0.6875 0.609375
vt 0.5 0.609375
vt 0.1875 1
vt 0 1
vt 0 0.8125
vt 0.1875 0.8125
vn 0 0 -1
vn 1 0 0
vn 0 0 1
vn -1 0 0
vn 0 -1 0
usemtl m_030cc085-d85a-fa49-389c-4df186aecf37
f 2436/5912/1478 2439/5911/1478 2437/5910/1478 2434/5909/1478
f 2435/5916/1479 2436/5915/1479 2434/5914/1479 2433/5913/1479
f 2440/5920/1480 2435/5919/1480 2433/5918/1480 2438/5917/1480
f 2439/5924/1481 2440/5923/1481 2438/5922/1481 2437/5921/1481
f 2439/5928/1482 2436/5927/1482 2435/5926/1482 2440/5925/1482
o cube
v 11.937443749815072 0.32533299564658413 2.0625
v 11.937443749815072 0.32533299564658413 1.9375
v 11.921102048049887 0.13854648975438189 2.0625
v 11.921102048049887 0.13854648975438189 1.9375
v 11.563870738030667 0.35801639917695605 1.9375
v 11.563870738030667 0.35801639917695605 2.0625
v 11.547529036265482 0.1712298932847537 1.9375
v 11.547529036265482 0.1712298932847537 2.0625
vt 0.46875 0.421875
vt 0.5625 0.421875
vt 0.5625 0.375
vt 0.46875 0.375
vt 0.5625 0.421875
vt 0.65625 0.421875
vt 0.65625 0.375
vt 0.5625 0.375
vt 0.65625 0.421875
vt 0.6875 0.421875
vt 0.6875 0.375
vt 0.65625 0.375
vt 0.75 0.6875
vt 0.65625 0.6875
vt 0.65625 0.71875
vt 0.75 0.71875
vt 0.75 0.609375
vt 0.65625 0.609375
vt 0.65625 0.578125
vt 0.75 0.578125
vn 0 0 -1
vn 0 0 1
vn -0.9961946980917455 0.08715574274765818 0
vn 0.08715574274765818 0.9961946980917455 0
vn -0.08715574274765818 -0.9961946980917455 0
usemtl m_030cc085-d85a-fa49-389c-4df186aecf37
f 2444/5932/1483 2447/5931/1483 2445/5930/1483 2442/5929/1483
f 2448/5936/1484 2443/5935/1484 2441/5934/1484 2446/5933/1484
f 2447/5940/1485 2448/5939/1485 2446/5938/1485 2445/5937/1485
f 2446/5944/1486 2441/5943/1486 2442/5942/1486 2445/5941/1486
f 2447/5948/1487 2444/5947/1487 2443/5946/1487 2448/5945/1487
o cube
v 11.69343882950013 0.38977756988828205 2.078125
v 11.69343882950013 0.38977756988828205 1.921875
v 11.720571357260587 0.2359013584801245 2.078125
v 11.720571357260587 0.2359013584801245 1.921875
v 11.416461648965445 0.34093901991945796 1.921875
v 11.416461648965445 0.34093901991945796 2.078125
v 11.443594176725904 0.18706280851130042 1.921875
v 11.443594176725904 0.18706280851130042 2.078125
vt 0.6875 0.640625
vt 0.75 0.640625
vt 0.75 0.609375
vt 0.6875 0.609375
vt 0.1875 0.703125
vt 0.21875 0.703125
vt 0.21875 0.671875
vt 0.1875 0.671875
vt 0.71875 0.78125
vt 0.78125 0.78125
vt 0.78125 0.75
vt 0.71875 0.75
vt 0.40625 0.921875
vt 0.4375 0.921875
vt 0.4375 0.890625
vt 0.40625 0.890625
vt 0.796875 0.859375
vt 0.734375 0.859375
vt 0.734375 0.890625
vt 0.796875 0.890625
vn 0 0 -1
vn 0.984807753012208 0.17364817766693033 0
vn 0 0 1
vn -0.984807753012208 -0.17364817766693033 0
vn -0.17364817766693033 0.984807753012208 0
usemtl m_030cc085-d85a-fa49-389c-4df186aecf37
f 2452/5952/1488 2455/5951/1488 2453/5950/1488 2450/5949/1488
f 2451/5956/1489 2452/5955/1489 2450/5954/1489 2449/5953/1489
f 2456/5960/1490 2451/5959/1490 2449/5958/1490 2454/5957/1490
f 2455/5964/1491 2456/5963/1491 2454/5962/1491 2453/5961/1491
f 2454/5968/1492 2449/5967/1492 2450/5966/1492 2453/5965/1492
o cube
v 11.44665291308792 0.18593749999999998 1.89172427413081
v 11.36047427413081 0.18593749999999998 1.9779029130879207
v 11.44665291308792 0.0015625000000000222 1.89172427413081
v 11.36047427413081 0.0015625000000000222 1.9779029130879207
v 11.49084708691208 0.18593749999999998 2.10827572586919
v 11.57702572586919 0.18593749999999998 2.0220970869120793
v 11.49084708691208 0.0015625000000000222 2.10827572586919
v 11.57702572586919 0.0015625000000000222 2.0220970869120793
vt 0.140625 0.28125
vt 0.1875 0.28125
vt 0.1875 0.234375
vt 0.140625 0.234375
vt 0.4375 0.25
vt 0.46875 0.25
vt 0.46875 0.203125
vt 0.4375 0.203125
vt 0.71875 0.828125
vt 0.765625 0.828125
vt 0.765625 0.78125
vt 0.71875 0.78125
vt 0.5 0.25
vt 0.53125 0.25
vt 0.53125 0.203125
vt 0.5 0.203125
vt 0.578125 0.21875
vt 0.53125 0.21875
vt 0.53125 0.25
vt 0.578125 0.25
vt 0.625 0.25
vt 0.578125 0.25
vt 0.578125 0.21875
vt 0.625 0.21875
vn -0.7071067811865477 0 0.7071067811865475
vn -0.7071067811865475 0 -0.7071067811865477
vn 0.7071067811865477 0 -0.7071067811865475
vn 0.7071067811865475 0 0.7071067811865477
vn 0 1 0
vn 0 -1 0
usemtl m_030cc085-d85a-fa49-389c-4df186aecf37
f 2460/5972/1493 2463/5971/1493 2461/5970/1493 2458/5969/1493
f 2459/5976/1494 2460/5975/1494 2458/5974/1494 2457/5973/1494
f 2464/5980/1495 2459/5979/1495 2457/5978/1495 2462/5977/1495
f 2463/5984/1496 2464/5983/1496 2462/5982/1496 2461/5981/1496
f 2462/5988/1497 2457/5987/1497 2458/5986/1497 2461/5985/1497
f 2463/5992/1498 2460/5991/1498 2459/5990/1498 2464/5989/1498
o cube
v 12.09375 0.375 2.09375
v 12.09375 0.375 1.90625
v 12.09375 0.0625 2.09375
v 12.09375 0.0625 1.90625
v 11.90625 0.375 1.90625
v 11.90625 0.375 2.09375
v 11.90625 0.0625 1.90625
v 11.90625 0.0625 2.09375
vt 0.1875 0.375
vt 0.234375 0.375
vt 0.234375 0.296875
vt 0.1875 0.296875
vt 0.234375 0.375
vt 0.28125 0.375
vt 0.28125 0.296875
vt 0.234375 0.296875
vt 0.28125 0.375
vt 0.328125 0.375
vt 0.328125 0.296875
vt 0.28125 0.296875
vt 0.328125 0.375
vt 0.375 0.375
vt 0.375 0.296875
vt 0.328125 0.296875
vt 0.765625 0.53125
vt 0.71875 0.53125
vt 0.71875 0.578125
vt 0.765625 0.578125
vt 0.765625 0.53125
vt 0.71875 0.53125
vt 0.71875 0.484375
vt 0.765625 0.484375
vn 0 0 -1
vn 1 0 0
vn 0 0 1
vn -1 0 0
vn 0 1 0
vn 0 -1 0
usemtl m_030cc085-d85a-fa49-389c-4df186aecf37
f 2468/5996/1499 2471/5995/1499 2469/5994/1499 2466/5993/1499
f 2467/6000/1500 2468/5999/1500 2466/5998/1500 2465/5997/1500
f 2472/6004/1501 2467/6003/1501 2465/6002/1501 2470/6001/1501
f 2471/6008/1502 2472/6007/1502 2470/6006/1502 2469/6005/1502
f 2470/6012/1503 2465/6011/1503 2466/6010/1503 2469/6009/1503
f 2471/6016/1504 2468/6015/1504 2467/6014/1504 2472/6013/1504
o cube
v 12.0625 0.35801639917695605 2.4361292619693327
v 12.0625 0.32533299564658424 2.062556250184928
v 12.0625 0.1712298932847538 2.452470963734519
v 12.0625 0.138546489754382 2.0788979519501143
v 11.9375 0.32533299564658424 2.062556250184928
v 11.9375 0.35801639917695605 2.4361292619693327
v 11.9375 0.138546489754382 2.0788979519501143
v 11.9375 0.1712298932847538 2.452470963734519
vt 0.59375 0.9375
vt 0.6875 0.9375
vt 0.6875 0.890625
vt 0.59375 0.890625
vt 0.625 0.25
vt 0.65625 0.25
vt 0.65625 0.203125
vt 0.625 0.203125
vt 0.59375 0.890625
vt 0.6875 0.890625
vt 0.6875 0.84375
vt 0.59375 0.84375
vt 0.53125 0.25
vt 0.5 0.25
vt 0.5 0.34375
vt 0.53125 0.34375
vt 0.5625 0.34375
vt 0.53125 0.34375
vt 0.53125 0.25
vt 0.5625 0.25
vn 1 0 0
vn 0 0.08715574274765818 0.9961946980917455
vn -1 0 0
vn 0 0.9961946980917455 -0.08715574274765818
vn 0 -0.9961946980917455 0.08715574274765818
usemtl m_030cc085-d85a-fa49-389c-4df186aecf37
f 2475/6020/1505 2476/6019/1505 2474/6018/1505 2473/6017/1505
f 2480/6024/1506 2475/6023/1506 2473/6022/1506 2478/6021/1506
f 2479/6028/1507 2480/6027/1507 2478/6026/1507 2477/6025/1507
f 2478/6032/1508 2473/6031/1508 2474/6030/1508 2477/6029/1508
f 2479/6036/1509 2476/6035/1509 2475/6034/1509 2480/6033/1509
o cube
v 12.078125 0.34093901991945796 2.5835383510345546
v 12.078125 0.38977756988828205 2.306561170499871
v 12.078125 0.18706280851130042 2.5564058232740967
v 12.078125 0.2359013584801245 2.279428642739413
v 11.921875 0.38977756988828205 2.306561170499871
v 11.921875 0.34093901991945796 2.5835383510345546
v 11.921875 0.2359013584801245 2.279428642739413
v 11.921875 0.18706280851130042 2.5564058232740967
vt 0.3125 0.21875
vt 0.34375 0.21875
vt 0.34375 0.1875
vt 0.3125 0.1875
vt 0.734375 0.859375
vt 0.796875 0.859375
vt 0.796875 0.828125
vt 0.734375 0.828125
vt 0.34375 0.21875
vt 0.375 0.21875
vt 0.375 0.1875
vt 0.34375 0.1875
vt 0.734375 0.75
vt 0.796875 0.75
vt 0.796875 0.71875
vt 0.734375 0.71875
vt 0.109375 0.203125
vt 0.078125 0.203125
vt 0.078125 0.265625
vt 0.109375 0.265625
vn 0 0.17364817766693033 -0.984807753012208
vn 1 0 0
vn 0 -0.17364817766693033 0.984807753012208
vn -1 0 0
vn 0 0.984807753012208 0.17364817766693033
usemtl m_030cc085-d85a-fa49-389c-4df186aecf37
f 2484/6040/1510 2487/6039/1510 2485/6038/1510 2482/6037/1510
f 2483/6044/1511 2484/6043/1511 2482/6042/1511 2481/6041/1511
f 2488/6048/1512 2483/6047/1512 2481/6046/1512 2486/6045/1512
f 2487/6052/1513 2488/6051/1513 2486/6050/1513 2485/6049/1513
f 2486/6056/1514 2481/6055/1514 2482/6054/1514 2485/6053/1514
o cube
v 12.10827572586919 0.18593749999999998 2.55334708691208
v 11.97790291308792 0.18593749999999998 2.42297427413081
v 12.10827572586919 0.0015625000000000222 2.55334708691208
v 11.97790291308792 0.0015625000000000222 2.42297427413081
v 11.89172427413081 0.18593749999999998 2.50915291308792
v 12.02209708691208 0.18593749999999998 2.63952572586919
v 11.89172427413081 0.0015625000000000222 2.50915291308792
v 12.02209708691208 0.0015625000000000222 2.63952572586919
vt 0.65625 0.25
vt 0.6875 0.25
vt 0.6875 0.203125
vt 0.65625 0.203125
vt 0.71875 0.421875
vt 0.765625 0.421875
vt 0.765625 0.375
vt 0.71875 0.375
vt 0.765625 0.953125
vt 0.796875 0.953125
vt 0.796875 0.90625
vt 0.765625 0.90625
vt 0.71875 0.375
vt 0.765625 0.375
vt 0.765625 0.328125
vt 0.71875 0.328125
vt 0.171875 0.1875
vt 0.140625 0.1875
vt 0.140625 0.234375
vt 0.171875 0.234375
vt 0.796875 0.828125
vt 0.765625 0.828125
vt 0.765625 0.78125
vt 0.796875 0.78125
vn -0.7071067811865476 0 -0.7071067811865475
vn 0.7071067811865475 0 -0.7071067811865476
vn 0.7071067811865476 0 0.7071067811865475
vn -0.7071067811865475 0 0.7071067811865476
vn 0 1 0
vn 0 -1 0
usemtl m_030cc085-d85a-fa49-389c-4df186aecf37
f 2492/6060/1515 2495/6059/1515 2493/6058/1515 2490/6057/1515
f 2491/6064/1516 2492/6063/1516 2490/6062/1516 2489/6061/1516
f 2496/6068/1517 2491/6067/1517 2489/6066/1517 2494/6065/1517
f 2495/6072/1518 2496/6071/1518 2494/6070/1518 2493/6069/1518
f 2494/6076/1519 2489/6075/1519 2490/6074/1519 2493/6073/1519
f 2495/6080/1520 2492/6079/1520 2491/6078/1520 2496/6077/1520
o cube
v 12.10827572586919 0.18593749999999998 1.49084708691208
v 11.97790291308792 0.18593749999999998 1.36047427413081
v 12.10827572586919 0.0015625000000000222 1.49084708691208
v 11.97790291308792 0.0015625000000000222 1.36047427413081
v 11.89172427413081 0.18593749999999998 1.44665291308792
v 12.02209708691208 0.18593749999999998 1.57702572586919
v 11.89172427413081 0.0015625000000000222 1.44665291308792
v 12.02209708691208 0.0015625000000000222 1.57702572586919
vt 0.765625 0.59375
vt 0.796875 0.59375
vt 0.796875 0.546875
vt 0.765625 0.546875
vt 0.71875 0.328125
vt 0.765625 0.328125
vt 0.765625 0.28125
vt 0.71875 0.28125
vt 0.765625 0.546875
vt 0.796875 0.546875
vt 0.796875 0.5
vt 0.765625 0.5
vt 0.71875 0.28125
vt 0.765625 0.28125
vt 0.765625 0.234375
vt 0.71875 0.234375
vt 0.796875 0.375
vt 0.765625 0.375
vt 0.765625 0.421875
vt 0.796875 0.421875
vt 0.796875 0.375
vt 0.765625 0.375
vt 0.765625 0.328125
vt 0.796875 0.328125
vn -0.7071067811865476 0 -0.7071067811865475
vn 0.7071067811865475 0 -0.7071067811865476
vn 0.7071067811865476 0 0.7071067811865475
vn -0.7071067811865475 0 0.7071067811865476
vn 0 1 0
vn 0 -1 0
usemtl m_030cc085-d85a-fa49-389c-4df186aecf37
f 2500/6084/1521 2503/6083/1521 2501/6082/1521 2498/6081/1521
f 2499/6088/1522 2500/6087/1522 2498/6086/1522 2497/6085/1522
f 2504/6092/1523 2499/6091/1523 2497/6090/1523 2502/6089/1523
f 2503/6096/1524 2504/6095/1524 2502/6094/1524 2501/6093/1524
f 2502/6100/1525 2497/6099/1525 2498/6098/1525 2501/6097/1525
f 2503/6104/1526 2500/6103/1526 2499/6102/1526 2504/6101/1526
o cube
v 12.078125 0.38977756988828205 1.693438829500129
v 12.078125 0.34093901991945796 1.4164616489654454
v 12.078125 0.2359013584801245 1.720571357260587
v 12.078125 0.18706280851130042 1.4435941767259033
v 11.921875 0.34093901991945796 1.4164616489654454
v 11.921875 0.38977756988828205 1.693438829500129
v 11.921875 0.18706280851130042 1.4435941767259033
v 11.921875 0.2359013584801245 1.720571357260587
vt 0.375 0.21875
vt 0.40625 0.21875
vt 0.40625 0.1875
vt 0.375 0.1875
vt 0.734375 0.484375
vt 0.796875 0.484375
vt 0.796875 0.453125
vt 0.734375 0.453125
vt 0.40625 0.21875
vt 0.4375 0.21875
vt 0.4375 0.1875
vt 0.40625 0.1875
vt 0.734375 0.453125
vt 0.796875 0.453125
vt 0.796875 0.421875
vt 0.734375 0.421875
vt 0.3125 0.1875
vt 0.28125 0.1875
vt 0.28125 0.25
vt 0.3125 0.25
vn 0 -0.17364817766693033 -0.984807753012208
vn 1 0 0
vn 0 0.17364817766693033 0.984807753012208
vn -1 0 0
vn 0 0.984807753012208 -0.17364817766693033
usemtl m_030cc085-d85a-fa49-389c-4df186aecf37
f 2508/6108/1527 2511/6107/1527 2509/6106/1527 2506/6105/1527
f 2507/6112/1528 2508/6111/1528 2506/6110/1528 2505/6109/1528
f 2512/6116/1529 2507/6115/1529 2505/6114/1529 2510/6113/1529
f 2511/6120/1530 2512/6119/1530 2510/6118/1530 2509/6117/1530
f 2510/6124/1531 2505/6123/1531 2506/6122/1531 2509/6121/1531
o cube
v 12.0625 0.32533299564658424 1.9374437498150718
v 12.0625 0.35801639917695605 1.5638707380306673
v 12.0625 0.138546489754382 1.9211020480498857
v 12.0625 0.1712298932847538 1.5475290362654812
v 11.9375 0.35801639917695605 1.5638707380306673
v 11.9375 0.32533299564658424 1.9374437498150718
v 11.9375 0.1712298932847538 1.5475290362654812
v 11.9375 0.138546489754382 1.9211020480498857
vt 0.765625 0.328125
vt 0.796875 0.328125
vt 0.796875 0.28125
vt 0.765625 0.28125
vt 0.59375 0.84375
vt 0.6875 0.84375
vt 0.6875 0.796875
vt 0.59375 0.796875
vt 0.59375 0.796875
vt 0.6875 0.796875
vt 0.6875 0.75
vt 0.59375 0.75
vt 0.59375 0.25
vt 0.5625 0.25
vt 0.5625 0.34375
vt 0.59375 0.34375
vt 0.625 0.34375
vt 0.59375 0.34375
vt 0.59375 0.25
vt 0.625 0.25
vn 0 0.08715574274765818 -0.9961946980917455
vn 1 0 0
vn -1 0 0
vn 0 0.9961946980917455 0.08715574274765818
vn 0 -0.9961946980917455 -0.08715574274765818
usemtl m_030cc085-d85a-fa49-389c-4df186aecf37
f 2516/6128/1532 2519/6127/1532 2517/6126/1532 2514/6125/1532
f 2515/6132/1533 2516/6131/1533 2514/6130/1533 2513/6129/1533
f 2519/6136/1534 2520/6135/1534 2518/6134/1534 2517/6133/1534
f 2518/6140/1535 2513/6139/1535 2514/6138/1535 2517/6137/1535
f 2519/6144/1536 2516/6143/1536 2515/6142/1536 2520/6141/1536
o cube
v 11.625 1.1874999996969404 2.250000003012014
v 11.625 1.1874999996969404 1.6875000030120142
v 11.625 1.0624999996969404 2.250000003012014
v 11.625 1.0624999996969404 1.6875000030120142
v 11.375 1.1874999996969404 1.6875000030120142
v 11.375 1.1874999996969404 2.250000003012014
v 11.375 1.0624999996969404 1.6875000030120142
v 11.375 1.0624999996969404 2.250000003012014
vt 0.75 0.71875
vt 0.8125 0.71875
vt 0.8125 0.6875
vt 0.75 0.6875
vt 0.59375 0.75
vt 0.734375 0.75
vt 0.734375 0.71875
vt 0.59375 0.71875
vt 0.3125 0.25
vt 0.375 0.25
vt 0.375 0.21875
vt 0.3125 0.21875
vt 0.3125 0.40625
vt 0.453125 0.40625
vt 0.453125 0.375
vt 0.3125 0.375
vt 0.0625 0.390625
vt 0 0.390625
vt 0 0.53125
vt 0.0625 0.53125
vt 0.125 0.53125
vt 0.0625 0.53125
vt 0.0625 0.390625
vt 0.125 0.390625
vn 0 0 -1
vn 1 0 0
vn 0 0 1
vn -1 0 0
vn 0 1 0
vn 0 -1 0
usemtl m_030cc085-d85a-fa49-389c-4df186aecf37
f 2524/6148/1537 2527/6147/1537 2525/6146/1537 2522/6145/1537
f 2523/6152/1538 2524/6151/1538 2522/6150/1538 2521/6149/1538
f 2528/6156/1539 2523/6155/1539 2521/6154/1539 2526/6153/1539
f 2527/6160/1540 2528/6159/1540 2526/6158/1540 2525/6157/1540
f 2526/6164/1541 2521/6163/1541 2522/6162/1541 2525/6161/1541
f 2527/6168/1542 2524/6167/1542 2523/6166/1542 2528/6165/1542
o cube
v 11.625 0.75 2.0625
v 11.625 0.75 1.875
v 11.625 0.625 2.0625
v 11.625 0.625 1.875
v 11.4375 0.75 1.875
v 11.4375 0.75 2.0625
v 11.4375 0.625 1.875
v 11.4375 0.625 2.0625
vt 0.6875 0.234375
vt 0.734375 0.234375
vt 0.734375 0.203125
vt 0.6875 0.203125
vt 0.765625 0.28125
vt 0.8125 0.28125
vt 0.8125 0.25
vt 0.765625 0.25
vt 0.734375 0.234375
vt 0.78125 0.234375
vt 0.78125 0.203125
vt 0.734375 0.203125
vt 0.046875 0.21875
vt 0 0.21875
vt 0 0.265625
vt 0.046875 0.265625
vt 0.78125 1
vt 0.734375 1
vt 0.734375 0.953125
vt 0.78125 0.953125
vn 0 0 -1
vn 0 0 1
vn -1 0 0
vn 0 1 0
vn 0 -1 0
usemtl m_030cc085-d85a-fa49-389c-4df186aecf37
f 2532/6172/1543 2535/6171/1543 2533/6170/1543 2530/6169/1543
f 2536/6176/1544 2531/6175/1544 2529/6174/1544 2534/6173/1544
f 2535/6180/1545 2536/6179/1545 2534/6178/1545 2533/6177/1545
f 2534/6184/1546 2529/6183/1546 2530/6182/1546 2533/6181/1546
f 2535/6188/1547 2532/6187/1547 2531/6186/1547 2536/6185/1547
o cube
v 11.5 1.0625 2.0625
v 11.5 1.0625 1.875
v 11.5 0.75 2.0625
v 11.5 0.75 1.875
v 11.4375 1.0625 1.875
v 11.4375 1.0625 2.0625
v 11.4375 0.75 1.875
v 11.4375 0.75 2.0625
vt 0.109375 0.265625
vt 0.125 0.265625
vt 0.125 0.1875
vt 0.109375 0.1875
vt 0.375 0.375
vt 0.421875 0.375
vt 0.421875 0.296875
vt 0.375 0.296875
vt 0.171875 0.234375
vt 0.1875 0.234375
vt 0.1875 0.15625
vt 0.171875 0.15625
vt 0.421875 0.375
vt 0.46875 0.375
vt 0.46875 0.296875
vt 0.421875 0.296875
vn 0 0 -1
vn 1 0 0
vn 0 0 1
vn -1 0 0
usemtl m_030cc085-d85a-fa49-389c-4df186aecf37
f 2540/6192/1548 2543/6191/1548 2541/6190/1548 2538/6189/1548
f 2539/6196/1549 2540/6195/1549 2538/6194/1549 2537/6193/1549
f 2544/6200/1550 2539/6199/1550 2537/6198/1550 2542/6197/1550
f 2543/6204/1551 2544/6203/1551 2542/6202/1551 2541/6201/1551
o cube
v 12.1875 1.3405355915972879 2.537906157708007
v 12.1875 1.3378093798869544 2.475465643859141
v 12.1875 0.6536899392597606 2.5678944865216757
v 12.1875 0.6509637275494269 2.5054539726728096
v 11.8125 1.3378093798869544 2.475465643859141
v 11.8125 1.3405355915972879 2.537906157708007
v 11.8125 0.6509637275494269 2.5054539726728096
v 11.8125 0.6536899392597606 2.5678944865216757
vt 0 0.703125
vt 0.09375 0.703125
vt 0.09375 0.53125
vt 0 0.53125
vt 0.71875 1
vt 0.734375 1
vt 0.734375 0.828125
vt 0.71875 0.828125
vt 0.09375 0.703125
vt 0.1875 0.703125
vt 0.1875 0.53125
vt 0.09375 0.53125
vt 0.125 0.28125
vt 0.140625 0.28125
vt 0.140625 0.109375
vt 0.125 0.109375
vt 0.859375 0.890625
vt 0.765625 0.890625
vt 0.765625 0.90625
vt 0.859375 0.90625
vt 0.859375 0.5
vt 0.765625 0.5
vt 0.765625 0.484375
vt 0.859375 0.484375
vn 0 -0.043619387365336 -0.9990482215818578
vn 1 0 0
vn 0 0.043619387365336 0.9990482215818578
vn -1 0 0
vn 0 0.9990482215818578 -0.043619387365336
vn 0 -0.9990482215818578 0.043619387365336
usemtl m_030cc085-d85a-fa49-389c-4df186aecf37
f 2548/6208/1552 2551/6207/1552 2549/6206/1552 2546/6205/1552
f 2547/6212/1553 2548/6211/1553 2546/6210/1553 2545/6209/1553
f 2552/6216/1554 2547/6215/1554 2545/6214/1554 2550/6213/1554
f 2551/6220/1555 2552/6219/1555 2550/6218/1555 2549/6217/1555
f 2550/6224/1556 2545/6223/1556 2546/6222/1556 2549/6221/1556
f 2551/6228/1557 2548/6227/1557 2547/6226/1557 2552/6225/1557
o cube
v 12.1875 0.778570966957493 2.4999420631010087
v 12.1875 0.7703923318264922 2.3126205215544102
v 12.1875 0.6536899392597606 2.5053944865216757
v 12.1875 0.6455113041287599 2.318072944975077
v 11.8125 0.7703923318264922 2.3126205215544102
v 11.8125 0.778570966957493 2.4999420631010087
v 11.8125 0.6455113041287599 2.318072944975077
v 11.8125 0.6536899392597606 2.5053944865216757
vt 0.796875 0.4375
vt 0.84375 0.4375
vt 0.84375 0.40625
vt 0.796875 0.40625
vt 0.796875 0.40625
vt 0.84375 0.40625
vt 0.84375 0.375
vt 0.796875 0.375
vt 0.890625 0.5
vt 0.796875 0.5
vt 0.796875 0.546875
vt 0.890625 0.546875
vt 0.890625 0.484375
vt 0.796875 0.484375
vt 0.796875 0.4375
vt 0.890625 0.4375
vn 1 0 0
vn -1 0 0
vn 0 0.9990482215818578 -0.043619387365336
vn 0 -0.9990482215818578 0.043619387365336
usemtl m_030cc085-d85a-fa49-389c-4df186aecf37
f 2555/6232/1558 2556/6231/1558 2554/6230/1558 2553/6229/1558
f 2559/6236/1559 2560/6235/1559 2558/6234/1559 2557/6233/1559
f 2558/6240/1560 2553/6239/1560 2554/6238/1560 2557/6237/1560
f 2559/6244/1561 2556/6243/1561 2555/6242/1561 2560/6241/1561
o cube
v 11.8125 1.3405355915972879 2.537906157708007
v 11.8125 1.3378093798869544 2.475465643859141
v 11.8125 1.1532140500506896 2.546084792839008
v 11.8125 1.150487838340356 2.4836442789901416
v 11.5625 1.3378093798869544 2.475465643859141
v 11.5625 1.3405355915972879 2.537906157708007
v 11.5625 1.150487838340356 2.4836442789901416
v 11.5625 1.1532140500506896 2.546084792839008
vt 0.6875 0.6875
vt 0.75 0.6875
vt 0.75 0.640625
vt 0.6875 0.640625
vt 0.28125 0.296875
vt 0.34375 0.296875
vt 0.34375 0.25
vt 0.28125 0.25
vt 0.09375 0.203125
vt 0.109375 0.203125
vt 0.109375 0.15625
vt 0.09375 0.15625
vt 0.65625 0.703125
vt 0.59375 0.703125
vt 0.59375 0.71875
vt 0.65625 0.71875
vt 0.84375 0.765625
vt 0.78125 0.765625
vt 0.78125 0.75
vt 0.84375 0.75
vn 0 -0.043619387365336 -0.9990482215818578
vn 0 0.043619387365336 0.9990482215818578
vn -1 0 0
vn 0 0.9990482215818578 -0.043619387365336
vn 0 -0.9990482215818578 0.043619387365336
usemtl m_030cc085-d85a-fa49-389c-4df186aecf37
f 2564/6248/1562 2567/6247/1562 2565/6246/1562 2562/6245/1562
f 2568/6252/1563 2563/6251/1563 2561/6250/1563 2566/6249/1563
f 2567/6256/1564 2568/6255/1564 2566/6254/1564 2565/6253/1564
f 2566/6260/1565 2561/6259/1565 2562/6258/1565 2565/6257/1565
f 2567/6264/1566 2564/6263/1566 2563/6262/1566 2568/6261/1566
o cube
v 12.4375 1.3405355915972879 2.537906157708007
v 12.4375 1.3378093798869544 2.475465643859141
v 12.4375 1.1532140500506896 2.546084792839008
v 12.4375 1.150487838340356 2.4836442789901416
v 12.1875 1.3378093798869544 2.475465643859141
v 12.1875 1.3405355915972879 2.537906157708007
v 12.1875 1.150487838340356 2.4836442789901416
v 12.1875 1.1532140500506896 2.546084792839008
vt 0.34375 0.296875
vt 0.40625 0.296875
vt 0.40625 0.25
vt 0.34375 0.25
vt 0.796875 0.59375
vt 0.8125 0.59375
vt 0.8125 0.546875
vt 0.796875 0.546875
vt 0.40625 0.296875
vt 0.46875 0.296875
vt 0.46875 0.25
vt 0.40625 0.25
vt 0.859375 0.90625
vt 0.796875 0.90625
vt 0.796875 0.921875
vt 0.859375 0.921875
vt 0.25 0.203125
vt 0.1875 0.203125
vt 0.1875 0.1875
vt 0.25 0.1875
vn 0 -0.043619387365336 -0.9990482215818578
vn 1 0 0
vn 0 0.043619387365336 0.9990482215818578
vn 0 0.9990482215818578 -0.043619387365336
vn 0 -0.9990482215818578 0.043619387365336
usemtl m_030cc085-d85a-fa49-389c-4df186aecf37
f 2572/6268/1567 2575/6267/1567 2573/6266/1567 2570/6265/1567
f 2571/6272/1568 2572/6271/1568 2570/6270/1568 2569/6269/1568
f 2576/6276/1569 2571/6275/1569 2569/6274/1569 2574/6273/1569
f 2574/6280/1570 2569/6279/1570 2570/6278/1570 2573/6277/1570
f 2575/6284/1571 2572/6283/1571 2571/6282/1571 2576/6281/1571
o cube
v 12.125 2.118409462199641 2.653298188069322
v 12.125 2.1265673492133943 2.5913328842334593
v 12.125 1.3128605123334205 2.54724565689053
v 12.125 1.3210183993471736 2.485280353054667
v 11.875 2.1265673492133943 2.5913328842334593
v 11.875 2.118409462199641 2.653298188069322
v 11.875 1.3210183993471736 2.485280353054667
v 11.875 1.3128605123334205 2.54724565689053
vt 0.1875 0.578125
vt 0.25 0.578125
vt 0.25 0.375
vt 0.1875 0.375
vt 0.46875 0.34375
vt 0.484375 0.34375
vt 0.484375 0.140625
vt 0.46875 0.140625
vt 0.25 0.578125
vt 0.3125 0.578125
vt 0.3125 0.375
vt 0.25 0.375
vt 0.484375 0.34375
vt 0.5 0.34375
vt 0.5 0.140625
vt 0.484375 0.140625
vt 0.859375 0.78125
vt 0.796875 0.78125
vt 0.796875 0.796875
vt 0.859375 0.796875
vn 0 0.13052619222005157 -0.9914448613738104
vn 1 0 0
vn 0 -0.13052619222005157 0.9914448613738104
vn -1 0 0
vn 0 0.9914448613738104 0.13052619222005157
usemtl m_030cc085-d85a-fa49-389c-4df186aecf37
f 2580/6288/1572 2583/6287/1572 2581/6286/1572 2578/6285/1572
f 2579/6292/1573 2580/6291/1573 2578/6290/1573 2577/6289/1573
f 2584/6296/1574 2579/6295/1574 2577/6294/1574 2582/6293/1574
f 2583/6300/1575 2584/6299/1575 2582/6298/1575 2581/6297/1575
f 2582/6304/1576 2577/6303/1576 2578/6302/1576 2581/6301/1576
o cube
v 12.125 2.0646020453775313 2.5831749972197056
v 12.125 2.0809178194050375 2.4592443895479796
v 12.125 1.940671437705805 2.566859223192199
v 12.125 1.9569872117333116 2.4429286155204735
v 11.875 2.0809178194050375 2.4592443895479796
v 11.875 2.0646020453775313 2.5831749972197056
v 11.875 1.9569872117333116 2.4429286155204735
v 11.875 1.940671437705805 2.566859223192199
vt 0.75 0.6875
vt 0.8125 0.6875
vt 0.8125 0.65625
vt 0.75 0.65625
vt 0.25 0.203125
vt 0.28125 0.203125
vt 0.28125 0.171875
vt 0.25 0.171875
vt 0.75 0.65625
vt 0.8125 0.65625
vt 0.8125 0.625
vt 0.75 0.625
vt 0.796875 0.75
vt 0.828125 0.75
vt 0.828125 0.71875
vt 0.796875 0.71875
vt 0.4375 0.21875
vt 0.375 0.21875
vt 0.375 0.25
vt 0.4375 0.25
vt 0.8125 0.625
vt 0.75 0.625
vt 0.75 0.59375
vt 0.8125 0.59375
vn 0 0.13052619222005157 -0.9914448613738104
vn 1 0 0
vn 0 -0.13052619222005157 0.9914448613738104
vn -1 0 0
vn 0 0.9914448613738104 0.13052619222005157
vn 0 -0.9914448613738104 -0.13052619222005157
usemtl m_030cc085-d85a-fa49-389c-4df186aecf37
f 2588/6308/1577 2591/6307/1577 2589/6306/1577 2586/6305/1577
f 2587/6312/1578 2588/6311/1578 2586/6310/1578 2585/6309/1578
f 2592/6316/1579 2587/6315/1579 2585/6314/1579 2590/6313/1579
f 2591/6320/1580 2592/6319/1580 2590/6318/1580 2589/6317/1580
f 2590/6324/1581 2585/6323/1581 2586/6322/1581 2589/6321/1581
f 2591/6328/1582 2588/6327/1582 2587/6326/1582 2592/6325/1582
o cube
v 12.5625 1.0625 2.0625
v 12.5625 1.0625 1.875
v 12.5625 0.75 2.0625
v 12.5625 0.75 1.875
v 12.5 1.0625 1.875
v 12.5 1.0625 2.0625
v 12.5 0.75 1.875
v 12.5 0.75 2.0625
vt 0.125 0.265625
vt 0.109375 0.265625
vt 0.109375 0.1875
vt 0.125 0.1875
vt 0.46875 0.375
vt 0.421875 0.375
vt 0.421875 0.296875
vt 0.46875 0.296875
vt 0.1875 0.234375
vt 0.171875 0.234375
vt 0.171875 0.15625
vt 0.1875 0.15625
vt 0.421875 0.375
vt 0.375 0.375
vt 0.375 0.296875
vt 0.421875 0.296875
vn 0 0 -1
vn 1 0 0
vn 0 0 1
vn -1 0 0
usemtl m_030cc085-d85a-fa49-389c-4df186aecf37
f 2596/6332/1583 2599/6331/1583 2597/6330/1583 2594/6329/1583
f 2595/6336/1584 2596/6335/1584 2594/6334/1584 2593/6333/1584
f 2600/6340/1585 2595/6339/1585 2593/6338/1585 2598/6337/1585
f 2599/6344/1586 2600/6343/1586 2598/6342/1586 2597/6341/1586
o cube
v 12.5625 0.75 2.0625
v 12.5625 0.75 1.875
v 12.5625 0.625 2.0625
v 12.5625 0.625 1.875
v 12.375 0.75 1.875
v 12.375 0.75 2.0625
v 12.375 0.625 1.875
v 12.375 0.625 2.0625
vt 0.734375 0.234375
vt 0.6875 0.234375
vt 0.6875 0.203125
vt 0.734375 0.203125
vt 0.78125 0.234375
vt 0.734375 0.234375
vt 0.734375 0.203125
vt 0.78125 0.203125
vt 0.8125 0.28125
vt 0.765625 0.28125
vt 0.765625 0.25
vt 0.8125 0.25
vt 0 0.21875
vt 0.046875 0.21875
vt 0.046875 0.265625
vt 0 0.265625
vt 0.734375 1
vt 0.78125 1
vt 0.78125 0.953125
vt 0.734375 0.953125
vn 0 0 -1
vn 1 0 0
vn 0 0 1
vn 0 1 0
vn 0 -1 0
usemtl m_030cc085-d85a-fa49-389c-4df186aecf37
f 2604/6348/1587 2607/6347/1587 2605/6346/1587 2602/6345/1587
f 2603/6352/1588 2604/6351/1588 2602/6350/1588 2601/6349/1588
f 2608/6356/1589 2603/6355/1589 2601/6354/1589 2606/6353/1589
f 2606/6360/1590 2601/6359/1590 2602/6358/1590 2605/6357/1590
f 2607/6364/1591 2604/6363/1591 2603/6362/1591 2608/6361/1591
o cube
v 12.625 1.1874999996969404 2.250000003012014
v 12.625 1.1874999996969404 1.6875000030120142
v 12.625 1.0624999996969404 2.250000003012014
v 12.625 1.0624999996969404 1.6875000030120142
v 12.375 1.1874999996969404 1.6875000030120142
v 12.375 1.1874999996969404 2.250000003012014
v 12.375 1.0624999996969404 1.6875000030120142
v 12.375 1.0624999996969404 2.250000003012014
vt 0.8125 0.71875
vt 0.75 0.71875
vt 0.75 0.6875
vt 0.8125 0.6875
vt 0.453125 0.40625
vt 0.3125 0.40625
vt 0.3125 0.375
vt 0.453125 0.375
vt 0.375 0.25
vt 0.3125 0.25
vt 0.3125 0.21875
vt 0.375 0.21875
vt 0.734375 0.75
vt 0.59375 0.75
vt 0.59375 0.71875
vt 0.734375 0.71875
vt 0 0.390625
vt 0.0625 0.390625
vt 0.0625 0.53125
vt 0 0.53125
vt 0.0625 0.53125
vt 0.125 0.53125
vt 0.125 0.390625
vt 0.0625 0.390625
vn 0 0 -1
vn 1 0 0
vn 0 0 1
vn -1 0 0
vn 0 1 0
vn 0 -1 0
usemtl m_030cc085-d85a-fa49-389c-4df186aecf37
f 2612/6368/1592 2615/6367/1592 2613/6366/1592 2610/6365/1592
f 2611/6372/1593 2612/6371/1593 2610/6370/1593 2609/6369/1593
f 2616/6376/1594 2611/6375/1594 2609/6374/1594 2614/6373/1594
f 2615/6380/1595 2616/6379/1595 2614/6378/1595 2613/6377/1595
f 2614/6384/1596 2609/6383/1596 2610/6382/1596 2613/6381/1596
f 2615/6388/1597 2612/6387/1597 2611/6386/1597 2616/6385/1597
o cube
v 12.42297427413081 0.18593749999999998 2.0220970869120793
v 12.50915291308792 0.18593749999999998 2.10827572586919
v 12.42297427413081 0.0015625000000000222 2.0220970869120793
v 12.50915291308792 0.0015625000000000222 2.10827572586919
v 12.63952572586919 0.18593749999999998 1.9779029130879207
v 12.55334708691208 0.18593749999999998 1.89172427413081
v 12.63952572586919 0.0015625000000000222 1.9779029130879207
v 12.55334708691208 0.0015625000000000222 1.89172427413081
vt 0.1875 0.28125
vt 0.140625 0.28125
vt 0.140625 0.234375
vt 0.1875 0.234375
vt 0.53125 0.25
vt 0.5 0.25
vt 0.5 0.203125
vt 0.53125 0.203125
vt 0.765625 0.828125
vt 0.71875 0.828125
vt 0.71875 0.78125
vt 0.765625 0.78125
vt 0.46875 0.25
vt 0.4375 0.25
vt 0.4375 0.203125
vt 0.46875 0.203125
vt 0.53125 0.21875
vt 0.578125 0.21875
vt 0.578125 0.25
vt 0.53125 0.25
vt 0.578125 0.25
vt 0.625 0.25
vt 0.625 0.21875
vt 0.578125 0.21875
vn 0.7071067811865477 0 0.7071067811865475
vn -0.7071067811865475 0 0.7071067811865477
vn -0.7071067811865477 0 -0.7071067811865475
vn 0.7071067811865475 0 -0.7071067811865477
vn 0 1 0
vn 0 -1 0
usemtl m_030cc085-d85a-fa49-389c-4df186aecf37
f 2620/6392/1598 2623/6391/1598 2621/6390/1598 2618/6389/1598
f 2619/6396/1599 2620/6395/1599 2618/6394/1599 2617/6393/1599
f 2624/6400/1600 2619/6399/1600 2617/6398/1600 2622/6397/1600
f 2623/6404/1601 2624/6403/1601 2622/6402/1601 2621/6401/1601
f 2622/6408/1602 2617/6407/1602 2618/6406/1602 2621/6405/1602
f 2623/6412/1603 2620/6411/1603 2619/6410/1603 2624/6409/1603
o cube
v 12.583538351034555 0.34093901991945796 2.078125
v 12.583538351034555 0.34093901991945796 1.921875
v 12.556405823274096 0.18706280851130042 2.078125
v 12.556405823274096 0.18706280851130042 1.921875
v 12.30656117049987 0.38977756988828205 1.921875
v 12.30656117049987 0.38977756988828205 2.078125
v 12.279428642739413 0.2359013584801245 1.921875
v 12.279428642739413 0.2359013584801245 2.078125
vt 0.75 0.640625
vt 0.6875 0.640625
vt 0.6875 0.609375
vt 0.75 0.609375
vt 0.4375 0.921875
vt 0.40625 0.921875
vt 0.40625 0.890625
vt 0.4375 0.890625
vt 0.78125 0.78125
vt 0.71875 0.78125
vt 0.71875 0.75
vt 0.78125 0.75
vt 0.21875 0.703125
vt 0.1875 0.703125
vt 0.1875 0.671875
vt 0.21875 0.671875
vt 0.734375 0.859375
vt 0.796875 0.859375
vt 0.796875 0.890625
vt 0.734375 0.890625
vn 0 0 -1
vn 0.984807753012208 -0.17364817766693033 0
vn 0 0 1
vn -0.984807753012208 0.17364817766693033 0
vn 0.17364817766693033 0.984807753012208 0
usemtl m_030cc085-d85a-fa49-389c-4df186aecf37
f 2628/6416/1604 2631/6415/1604 2629/6414/1604 2626/6413/1604
f 2627/6420/1605 2628/6419/1605 2626/6418/1605 2625/6417/1605
f 2632/6424/1606 2627/6423/1606 2625/6422/1606 2630/6421/1606
f 2631/6428/1607 2632/6427/1607 2630/6426/1607 2629/6425/1607
f 2630/6432/1608 2625/6431/1608 2626/6430/1608 2629/6429/1608
o cube
v 12.436129261969333 0.35801639917695605 2.0625
v 12.436129261969333 0.35801639917695605 1.9375
v 12.452470963734518 0.1712298932847537 2.0625
v 12.452470963734518 0.1712298932847537 1.9375
v 12.062556250184928 0.32533299564658413 1.9375
v 12.062556250184928 0.32533299564658413 2.0625
v 12.078897951950113 0.13854648975438189 1.9375
v 12.078897951950113 0.13854648975438189 2.0625
vt 0.5625 0.421875
vt 0.46875 0.421875
vt 0.46875 0.375
vt 0.5625 0.375
vt 0.6875 0.421875
vt 0.65625 0.421875
vt 0.65625 0.375
vt 0.6875 0.375
vt 0.65625 0.421875
vt 0.5625 0.421875
vt 0.5625 0.375
vt 0.65625 0.375
vt 0.65625 0.6875
vt 0.75 0.6875
vt 0.75 0.71875
vt 0.65625 0.71875
vt 0.65625 0.609375
vt 0.75 0.609375
vt 0.75 0.578125
vt 0.65625 0.578125
vn 0 0 -1
vn 0.9961946980917455 0.08715574274765818 0
vn 0 0 1
vn -0.08715574274765818 0.9961946980917455 0
vn 0.08715574274765818 -0.9961946980917455 0
usemtl m_030cc085-d85a-fa49-389c-4df186aecf37
f 2636/6436/1609 2639/6435/1609 2637/6434/1609 2634/6433/1609
f 2635/6440/1610 2636/6439/1610 2634/6438/1610 2633/6437/1610
f 2640/6444/1611 2635/6443/1611 2633/6442/1611 2638/6441/1611
f 2638/6448/1612 2633/6447/1612 2634/6446/1612 2637/6445/1612
f 2639/6452/1613 2636/6451/1613 2635/6450/1613 2640/6449/1613
o cube
v 12.3125 2.218321289458755 2.478072883267207
v 12.3125 2.212868866038088 2.3531918555694746
v 12.3125 1.8436782063655586 2.494430153529208
v 12.3125 1.8382257829448916 2.3695491258314756
v 11.6875 2.212868866038088 2.3531918555694746
v 11.6875 2.218321289458755 2.478072883267207
v 11.6875 1.8382257829448916 2.3695491258314756
v 11.6875 1.8436782063655586 2.494430153529208
vt 0.1875 0.671875
vt 0.34375 0.671875
vt 0.34375 0.578125
vt 0.1875 0.578125
vt 0.34375 0.671875
vt 0.5 0.671875
vt 0.5 0.578125
vt 0.34375 0.578125
vt 0.46875 0.46875
vt 0.3125 0.46875
vt 0.3125 0.5
vt 0.46875 0.5
vt 0.65625 0.609375
vt 0.5 0.609375
vt 0.5 0.578125
vt 0.65625 0.578125
vn 0 -0.043619387365336 -0.9990482215818578
vn 0 0.043619387365336 0.9990482215818578
vn 0 0.9990482215818578 -0.043619387365336
vn 0 -0.9990482215818578 0.043619387365336
usemtl m_030cc085-d85a-fa49-389c-4df186aecf37
f 2644/6456/1614 2647/6455/1614 2645/6454/1614 2642/6453/1614
f 2648/6460/1615 2643/6459/1615 2641/6458/1615 2646/6457/1615
f 2646/6464/1616 2641/6463/1616 2642/6462/1616 2645/6461/1616
f 2647/6468/1617 2644/6467/1617 2643/6466/1617 2648/6465/1617
o cube
v 12.390625 2.234612970848555 2.49300145880184
v 12.390625 2.2277974415727213 2.3369001741796747
v 12.390625 1.8287496308309255 2.510721834919008
v 12.390625 1.8219341015550916 2.3546205502968425
v 12.234375 2.2277974415727213 2.3369001741796747
v 12.234375 2.234612970848555 2.49300145880184
v 12.234375 1.8219341015550916 2.3546205502968425
v 12.234375 1.8287496308309255 2.510721834919008
vt 0.625 0.203125
vt 0.65625 0.203125
vt 0.65625 0.109375
vt 0.625 0.109375
vt 0.796875 0.375
vt 0.828125 0.375
vt 0.828125 0.28125
vt 0.796875 0.28125
vt 0.65625 0.203125
vt 0.6875 0.203125
vt 0.6875 0.109375
vt 0.65625 0.109375
vt 0.78125 0.171875
vt 0.75 0.171875
vt 0.75 0.203125
vt 0.78125 0.203125
vt 0.8125 0.203125
vt 0.78125 0.203125
vt 0.78125 0.171875
vt 0.8125 0.171875
vn 0 -0.043619387365336 -0.9990482215818578
vn 1 0 0
vn 0 0.043619387365336 0.9990482215818578
vn 0 0.9990482215818578 -0.043619387365336
vn 0 -0.9990482215818578 0.043619387365336
usemtl m_030cc085-d85a-fa49-389c-4df186aecf37
f 2652/6472/1618 2655/6471/1618 2653/6470/1618 2650/6469/1618
f 2651/6476/1619 2652/6475/1619 2650/6474/1619 2649/6473/1619
f 2656/6480/1620 2651/6479/1620 2649/6478/1620 2654/6477/1620
f 2654/6484/1621 2649/6483/1621 2650/6482/1621 2653/6481/1621
f 2655/6488/1622 2652/6487/1622 2651/6486/1622 2656/6485/1622
o cube
v 11.765625 2.234612970848555 2.49300145880184
v 11.765625 2.2277974415727213 2.3369001741796747
v 11.765625 1.8287496308309255 2.510721834919008
v 11.765625 1.8219341015550916 2.3546205502968425
v 11.609375 2.2277974415727213 2.3369001741796747
v 11.609375 2.234612970848555 2.49300145880184
v 11.609375 1.8219341015550916 2.3546205502968425
v 11.609375 1.8287496308309255 2.510721834919008
vt 0.6875 0.578125
vt 0.71875 0.578125
vt 0.71875 0.484375
vt 0.6875 0.484375
vt 0.4375 0.203125
vt 0.46875 0.203125
vt 0.46875 0.109375
vt 0.4375 0.109375
vt 0.5 0.203125
vt 0.53125 0.203125
vt 0.53125 0.109375
vt 0.5 0.109375
vt 0.71875 0.171875
vt 0.6875 0.171875
vt 0.6875 0.203125
vt 0.71875 0.203125
vt 0.75 0.203125
vt 0.71875 0.203125
vt 0.71875 0.171875
vt 0.75 0.171875
vn 0 -0.043619387365336 -0.9990482215818578
vn 0 0.043619387365336 0.9990482215818578
vn -1 0 0
vn 0 0.9990482215818578 -0.043619387365336
vn 0 -0.9990482215818578 0.043619387365336
usemtl m_030cc085-d85a-fa49-389c-4df186aecf37
f 2660/6492/1623 2663/6491/1623 2661/6490/1623 2658/6489/1623
f 2664/6496/1624 2659/6495/1624 2657/6494/1624 2662/6493/1624
f 2663/6500/1625 2664/6499/1625 2662/6498/1625 2661/6497/1625
f 2662/6504/1626 2657/6503/1626 2658/6502/1626 2661/6501/1626
f 2663/6508/1627 2660/6507/1627 2659/6506/1627 2664/6505/1627
o cube
v 12.4375 1.2808212894587554 2.478072883267207
v 12.4375 1.2753688660380882 2.3531918555694746
v 12.4375 0.9061782063655586 2.494430153529208
v 12.4375 0.9007257829448916 2.3695491258314756
v 12.3125 1.2753688660380882 2.3531918555694746
v 12.3125 1.2808212894587554 2.478072883267207
v 12.3125 0.9007257829448916 2.3695491258314756
v 12.3125 0.9061782063655586 2.494430153529208
vt 0.625 0.34375
vt 0.65625 0.34375
vt 0.65625 0.25
vt 0.625 0.25
vt 0.65625 0.34375
vt 0.6875 0.34375
vt 0.6875 0.25
vt 0.65625 0.25
vt 0.6875 0.9375
vt 0.71875 0.9375
vt 0.71875 0.84375
vt 0.6875 0.84375
vt 0.6875 0.84375
vt 0.71875 0.84375
vt 0.71875 0.75
vt 0.6875 0.75
vt 0.5625 0.1875
vt 0.53125 0.1875
vt 0.53125 0.21875
vt 0.5625 0.21875
vt 0.59375 0.21875
vt 0.5625 0.21875
vt 0.5625 0.1875
vt 0.59375 0.1875
vn 0 -0.043619387365336 -0.9990482215818578
vn 1 0 0
vn 0 0.043619387365336 0.9990482215818578
vn -1 0 0
vn 0 0.9990482215818578 -0.043619387365336
vn 0 -0.9990482215818578 0.043619387365336
usemtl m_030cc085-d85a-fa49-389c-4df186aecf37
f 2668/6512/1628 2671/6511/1628 2669/6510/1628 2666/6509/1628
f 2667/6516/1629 2668/6515/1629 2666/6514/1629 2665/6513/1629
f 2672/6520/1630 2667/6519/1630 2665/6518/1630 2670/6517/1630
f 2671/6524/1631 2672/6523/1631 2670/6522/1631 2669/6521/1631
f 2670/6528/1632 2665/6527/1632 2666/6526/1632 2669/6525/1632
f 2671/6532/1633 2668/6531/1633 2667/6530/1633 2672/6529/1633
o cube
v 12.4375 1.7547755261982156 2.5423855621509395
v 12.4375 1.7710913002257218 2.4184549544792135
v 12.4375 1.2590530955113106 2.4771224660409135
v 12.4375 1.275368869538817 2.353191858369188
v 12.3125 1.7710913002257218 2.4184549544792135
v 12.3125 1.7547755261982156 2.5423855621509395
v 12.3125 1.275368869538817 2.353191858369188
v 12.3125 1.2590530955113106 2.4771224660409135
vt 0.125 0.53125
vt 0.15625 0.53125
vt 0.15625 0.40625
vt 0.125 0.40625
vt 0.15625 0.53125
vt 0.1875 0.53125
vt 0.1875 0.40625
vt 0.15625 0.40625
vt 0.125 0.40625
vt 0.15625 0.40625
vt 0.15625 0.28125
vt 0.125 0.28125
vt 0.15625 0.40625
vt 0.1875 0.40625
vt 0.1875 0.28125
vt 0.15625 0.28125
vt 0.625 0.1875
vt 0.59375 0.1875
vt 0.59375 0.21875
vt 0.625 0.21875
vt 0.8125 0.234375
vt 0.78125 0.234375
vt 0.78125 0.203125
vt 0.8125 0.203125
vn 0 0.13052619222005157 -0.9914448613738104
vn 1 0 0
vn 0 -0.13052619222005157 0.9914448613738104
vn -1 0 0
vn 0 0.9914448613738104 0.13052619222005157
vn 0 -0.9914448613738104 -0.13052619222005157
usemtl m_030cc085-d85a-fa49-389c-4df186aecf37
f 2676/6536/1634 2679/6535/1634 2677/6534/1634 2674/6533/1634
f 2675/6540/1635 2676/6539/1635 2674/6538/1635 2673/6537/1635
f 2680/6544/1636 2675/6543/1636 2673/6542/1636 2678/6541/1636
f 2679/6548/1637 2680/6547/1637 2678/6546/1637 2677/6545/1637
f 2678/6552/1638 2673/6551/1638 2674/6550/1638 2677/6549/1638
f 2679/6556/1639 2676/6555/1639 2675/6554/1639 2680/6553/1639
o cube
v 11.6875 1.2808212894587554 2.478072883267207
v 11.6875 1.2753688660380882 2.3531918555694746
v 11.6875 0.9061782063655586 2.494430153529208
v 11.6875 0.9007257829448916 2.3695491258314756
v 11.5625 1.2753688660380882 2.3531918555694746
v 11.5625 1.2808212894587554 2.478072883267207
v 11.5625 0.9007257829448916 2.3695491258314756
v 11.5625 0.9061782063655586 2.494430153529208
vt 0.6875 0.328125
vt 0.71875 0.328125
vt 0.71875 0.234375
vt 0.6875 0.234375
vt 0.1875 0.296875
vt 0.21875 0.296875
vt 0.21875 0.203125
vt 0.1875 0.203125
vt 0.21875 0.296875
vt 0.25 0.296875
vt 0.25 0.203125
vt 0.21875 0.203125
vt 0.25 0.296875
vt 0.28125 0.296875
vt 0.28125 0.203125
vt 0.25 0.203125
vt 0.0625 0.171875
vt 0.03125 0.171875
vt 0.03125 0.203125
vt 0.0625 0.203125
vt 0.828125 0.953125
vt 0.796875 0.953125
vt 0.796875 0.921875
vt 0.828125 0.921875
vn 0 -0.043619387365336 -0.9990482215818578
vn 1 0 0
vn 0 0.043619387365336 0.9990482215818578
vn -1 0 0
vn 0 0.9990482215818578 -0.043619387365336
vn 0 -0.9990482215818578 0.043619387365336
usemtl m_030cc085-d85a-fa49-389c-4df186aecf37
f 2684/6560/1640 2687/6559/1640 2685/6558/1640 2682/6557/1640
f 2683/6564/1641 2684/6563/1641 2682/6562/1641 2681/6561/1641
f 2688/6568/1642 2683/6567/1642 2681/6566/1642 2686/6565/1642
f 2687/6572/1643 2688/6571/1643 2686/6570/1643 2685/6569/1643
f 2686/6576/1644 2681/6575/1644 2682/6574/1644 2685/6573/1644
f 2687/6580/1645 2684/6579/1645 2683/6578/1645 2688/6577/1645
o cube
v 11.6875 1.7547755261982156 2.5423855621509395
v 11.6875 1.7710913002257218 2.4184549544792135
v 11.6875 1.2590530955113106 2.4771224660409135
v 11.6875 1.275368869538817 2.353191858369188
v 11.5625 1.7710913002257218 2.4184549544792135
v 11.5625 1.7547755261982156 2.5423855621509395
v 11.5625 1.275368869538817 2.353191858369188
v 11.5625 1.2590530955113106 2.4771224660409135
vt 0 0.390625
vt 0.03125 0.390625
vt 0.03125 0.265625
vt 0 0.265625
vt 0.03125 0.390625
vt 0.0625 0.390625
vt 0.0625 0.265625
vt 0.03125 0.265625
vt 0.0625 0.390625
vt 0.09375 0.390625
vt 0.09375 0.265625
vt 0.0625 0.265625
vt 0.09375 0.390625
vt 0.125 0.390625
vt 0.125 0.265625
vt 0.09375 0.265625
vt 0.09375 0.171875
vt 0.0625 0.171875
vt 0.0625 0.203125
vt 0.09375 0.203125
vt 0.828125 0.890625
vt 0.796875 0.890625
vt 0.796875 0.859375
vt 0.828125 0.859375
vn 0 0.13052619222005157 -0.9914448613738104
vn 1 0 0
vn 0 -0.13052619222005157 0.9914448613738104
vn -1 0 0
vn 0 0.9914448613738104 0.13052619222005157
vn 0 -0.9914448613738104 -0.13052619222005157
usemtl m_030cc085-d85a-fa49-389c-4df186aecf37
f 2692/6584/1646 2695/6583/1646 2693/6582/1646 2690/6581/1646
f 2691/6588/1647 2692/6587/1647 2690/6586/1647 2689/6585/1647
f 2696/6592/1648 2691/6591/1648 2689/6590/1648 2694/6589/1648
f 2695/6596/1649 2696/6595/1649 2694/6594/1649 2693/6593/1649
f 2694/6600/1650 2689/6599/1650 2690/6598/1650 2693/6597/1650
f 2695/6604/1651 2692/6603/1651 2691/6602/1651 2696/6601/1651
o cube
v 12.3125 1.031059234063291 2.488977730108541
v 12.3125 1.025606810642624 2.3640967024108086
v 12.3125 0.9061782063655586 2.494430153529208
v 12.3125 0.9007257829448916 2.3695491258314756
v 11.6875 1.025606810642624 2.3640967024108086
v 11.6875 1.031059234063291 2.488977730108541
v 11.6875 0.9007257829448916 2.3695491258314756
v 11.6875 0.9061782063655586 2.494430153529208
vt 0.46875 0.484375
vt 0.625 0.484375
vt 0.625 0.453125
vt 0.46875 0.453125
vt 0.796875 0.859375
vt 0.828125 0.859375
vt 0.828125 0.828125
vt 0.796875 0.828125
vt 0.3125 0.46875
vt 0.46875 0.46875
vt 0.46875 0.4375
vt 0.3125 0.4375
vt 0.796875 0.828125
vt 0.828125 0.828125
vt 0.828125 0.796875
vt 0.796875 0.796875
vt 0.625 0.421875
vt 0.46875 0.421875
vt 0.46875 0.453125
vt 0.625 0.453125
vt 0.71875 1
vt 0.5625 1
vt 0.5625 0.96875
vt 0.71875 0.96875
vn 0 -0.043619387365336 -0.9990482215818578
vn 1 0 0
vn 0 0.043619387365336 0.9990482215818578
vn -1 0 0
vn 0 0.9990482215818578 -0.043619387365336
vn 0 -0.9990482215818578 0.043619387365336
usemtl m_030cc085-d85a-fa49-389c-4df186aecf37
f 2700/6608/1652 2703/6607/1652 2701/6606/1652 2698/6605/1652
f 2699/6612/1653 2700/6611/1653 2698/6610/1653 2697/6609/1653
f 2704/6616/1654 2699/6615/1654 2697/6614/1654 2702/6613/1654
f 2703/6620/1655 2704/6619/1655 2702/6618/1655 2701/6617/1655
f 2702/6624/1656 2697/6623/1656 2698/6622/1656 2701/6621/1656
f 2703/6628/1657 2700/6627/1657 2699/6626/1657 2704/6625/1657
o cube
v 12.3125 1.7547755261982156 2.5423855621509395
v 12.3125 1.7710913002257218 2.4184549544792135
v 12.3125 1.5688796146906263 2.51791190110968
v 12.3125 1.585195388718133 2.393981293437954
v 11.6875 1.7710913002257218 2.4184549544792135
v 11.6875 1.7547755261982156 2.5423855621509395
v 11.6875 1.585195388718133 2.393981293437954
v 11.6875 1.5688796146906263 2.51791190110968
vt 0.4375 0.796875
vt 0.59375 0.796875
vt 0.59375 0.75
vt 0.4375 0.75
vt 0 0.21875
vt 0.03125 0.21875
vt 0.03125 0.171875
vt 0 0.171875
vt 0.4375 0.75
vt 0.59375 0.75
vt 0.59375 0.703125
vt 0.4375 0.703125
vt 0.78125 1
vt 0.8125 1
vt 0.8125 0.953125
vt 0.78125 0.953125
vt 0.71875 0.9375
vt 0.5625 0.9375
vt 0.5625 0.96875
vt 0.71875 0.96875
vt 0.46875 0.4375
vt 0.3125 0.4375
vt 0.3125 0.40625
vt 0.46875 0.40625
vn 0 0.13052619222005157 -0.9914448613738104
vn 1 0 0
vn 0 -0.13052619222005157 0.9914448613738104
vn -1 0 0
vn 0 0.9914448613738104 0.13052619222005157
vn 0 -0.9914448613738104 -0.13052619222005157
usemtl m_030cc085-d85a-fa49-389c-4df186aecf37
f 2708/6632/1658 2711/6631/1658 2709/6630/1658 2706/6629/1658
f 2707/6636/1659 2708/6635/1659 2706/6634/1659 2705/6633/1659
f 2712/6640/1660 2707/6639/1660 2705/6638/1660 2710/6637/1660
f 2711/6644/1661 2712/6643/1661 2710/6642/1661 2709/6641/1661
f 2710/6648/1662 2705/6647/1662 2706/6646/1662 2709/6645/1662
f 2711/6652/1663 2708/6651/1663 2707/6650/1663 2712/6649/1663
o cube
v 12.3125 1.278095077748422 2.415632369418341
v 12.3125 1.2753688660380882 2.3531918555694746
v 12.3125 1.0283330223529574 2.426537216259675
v 12.3125 1.025606810642624 2.3640967024108086
v 11.6875 1.2753688660380882 2.3531918555694746
v 11.6875 1.278095077748422 2.415632369418341
v 11.6875 1.025606810642624 2.3640967024108086
v 11.6875 1.0283330223529574 2.426537216259675
vt 0.4375 0.921875
vt 0.59375 0.921875
vt 0.59375 0.859375
vt 0.4375 0.859375
vt 0.4375 0.859375
vt 0.59375 0.859375
vt 0.59375 0.796875
vt 0.4375 0.796875
vn 0 -0.043619387365336 -0.9990482215818578
vn 0 0.043619387365336 0.9990482215818578
usemtl m_030cc085-d85a-fa49-389c-4df186aecf37
f 2716/6656/1664 2719/6655/1664 2717/6654/1664 2714/6653/1664
f 2720/6660/1665 2715/6659/1665 2713/6658/1665 2718/6657/1665
o cube
v 12.3125 1.5770375017043792 2.4559465972738166
v 12.3125 1.585195388718133 2.393981293437954
v 12.3125 1.2672109825250637 2.4151571622050505
v 12.3125 1.275368869538817 2.353191858369188
v 11.6875 1.585195388718133 2.393981293437954
v 11.6875 1.5770375017043792 2.4559465972738166
v 11.6875 1.275368869538817 2.353191858369188
v 11.6875 1.2672109825250637 2.4151571622050505
vt 0.40625 1
vt 0.5625 1
vt 0.5625 0.921875
vt 0.40625 0.921875
vt 0.3125 0.578125
vt 0.46875 0.578125
vt 0.46875 0.5
vt 0.3125 0.5
vn 0 0.13052619222005157 -0.9914448613738104
vn 0 -0.13052619222005157 0.9914448613738104
usemtl m_030cc085-d85a-fa49-389c-4df186aecf37
f 2724/6664/1666 2727/6663/1666 2725/6662/1666 2722/6661/1666
f 2728/6668/1667 2723/6667/1667 2721/6666/1667 2726/6665/1667
o cube
v 14.481755647280687 0.9154860635733724 2.375
v 14.481755647280687 0.9154860635733724 1.5
v 14.498097349045873 0.7286995576811701 2.375
v 14.498097349045873 0.7286995576811701 1.5
v 13.983658298234815 0.8719081921995433 1.5
v 13.983658298234815 0.8719081921995433 2.375
v 14 0.685121686307341 1.5
v 14 0.685121686307341 2.375
vt 0.671875 0.375
vt 0.796875 0.375
vt 0.796875 0.328125
vt 0.671875 0.328125
vt 0.671875 0.328125
vt 0.796875 0.328125
vt 0.796875 0.28125
vt 0.671875 0.28125
vt 0.4375 0.40625
vt 0.3125 0.40625
vt 0.3125 0.625
vt 0.4375 0.625
vt 0.5625 0.625
vt 0.4375 0.625
vt 0.4375 0.40625
vt 0.5625 0.40625
vn 0 0 -1
vn 0 0 1
vn -0.08715574274765818 0.9961946980917455 0
vn 0.08715574274765818 -0.9961946980917455 0
usemtl m_7c9992de-18c0-3da6-b95f-f25ce494925f
f 2732/6672/1668 2735/6671/1668 2733/6670/1668 2730/6669/1668
f 2736/6676/1669 2731/6675/1669 2729/6674/1669 2734/6673/1669
f 2734/6680/1670 2729/6679/1670 2730/6678/1670 2733/6677/1670
f 2735/6684/1671 2732/6683/1671 2731/6682/1671 2736/6681/1671
o cube
v 14.016341701765185 0.8719081921995433 2.375
v 14.016341701765185 0.8719081921995433 1.5
v 14 0.6851216863073408 2.375
v 14 0.6851216863073408 1.5
v 13.518244352719313 0.9154860635733724 1.5
v 13.518244352719313 0.9154860635733724 2.375
v 13.501902650954127 0.7286995576811699 1.5
v 13.501902650954127 0.7286995576811699 2.375
vt 0 0.3125
vt 0.125 0.3125
vt 0.125 0.265625
vt 0 0.265625
vt 0.125 0.3125
vt 0.25 0.3125
vt 0.25 0.265625
vt 0.125 0.265625
vt 0.125 0.3125
vt 0 0.3125
vt 0 0.53125
vt 0.125 0.53125
vt 0.25 0.53125
vt 0.125 0.53125
vt 0.125 0.3125
vt 0.25 0.3125
vn 0 0 -1
vn 0 0 1
vn 0.08715574274765818 0.9961946980917455 0
vn -0.08715574274765818 -0.9961946980917455 0
usemtl m_7c9992de-18c0-3da6-b95f-f25ce494925f
f 2740/6688/1672 2743/6687/1672 2741/6686/1672 2738/6685/1672
f 2744/6692/1673 2739/6691/1673 2737/6690/1673 2742/6689/1673
f 2742/6696/1674 2737/6695/1674 2738/6694/1674 2741/6693/1674
f 2743/6700/1675 2740/6699/1675 2739/6698/1675 2744/6697/1675
o cube
v 14.0625 0.625 2.0625
v 14.0625 0.625 1.9375
v 14.0625 0.375 2.0625
v 14.0625 0.375 1.9375
v 13.9375 0.625 1.9375
v 13.9375 0.625 2.0625
v 13.9375 0.375 1.9375
v 13.9375 0.375 2.0625
vt 0.765625 0.21875
vt 0.796875 0.21875
vt 0.796875 0.15625
vt 0.765625 0.15625
vt 0.796875 0.875
vt 0.828125 0.875
vt 0.828125 0.8125
vt 0.796875 0.8125
vt 0.796875 0.8125
vt 0.828125 0.8125
vt 0.828125 0.75
vt 0.796875 0.75
vt 0.796875 0.75
vt 0.828125 0.75
vt 0.828125 0.6875
vt 0.796875 0.6875
vt 0.28125 0.265625
vt 0.25 0.265625
vt 0.25 0.296875
vt 0.28125 0.296875
vt 0.78125 0.15625
vt 0.75 0.15625
vt 0.75 0.125
vt 0.78125 0.125
vn 0 0 -1
vn 1 0 0
vn 0 0 1
vn -1 0 0
vn 0 1 0
vn 0 -1 0
usemtl m_7c9992de-18c0-3da6-b95f-f25ce494925f
f 2748/6704/1676 2751/6703/1676 2749/6702/1676 2746/6701/1676
f 2747/6708/1677 2748/6707/1677 2746/6706/1677 2745/6705/1677
f 2752/6712/1678 2747/6711/1678 2745/6710/1678 2750/6709/1678
f 2751/6716/1679 2752/6715/1679 2750/6714/1679 2749/6713/1679
f 2750/6720/1680 2745/6719/1680 2746/6718/1680 2749/6717/1680
f 2751/6724/1681 2748/6723/1681 2747/6722/1681 2752/6721/1681
o cube
v 14.378125 0.753125 2.378125
v 14.378125 0.753125 1.6218750000000002
v 14.378125 0.621875 2.378125
v 14.378125 0.621875 1.6218750000000002
v 13.621875 0.753125 1.6218750000000002
v 13.621875 0.753125 2.378125
v 13.621875 0.621875 1.6218750000000002
v 13.621875 0.621875 2.378125
vt 0.703125 1
vt 0.890625 1
vt 0.890625 0.96875
vt 0.703125 0.96875
vt 0.703125 0.96875
vt 0.890625 0.96875
vt 0.890625 0.9375
vt 0.703125 0.9375
vt 0.703125 0.9375
vt 0.890625 0.9375
vt 0.890625 0.90625
vt 0.703125 0.90625
vt 0.703125 0.90625
vt 0.890625 0.90625
vt 0.890625 0.875
vt 0.703125 0.875
vt 0.5 0.8125
vt 0.3125 0.8125
vt 0.3125 1
vt 0.5 1
vt 0.5 0.8125
vt 0.3125 0.8125
vt 0.3125 0.625
vt 0.5 0.625
vn 0 0 -1
vn 1 0 0
vn 0 0 1
vn -1 0 0
vn 0 1 0
vn 0 -1 0
usemtl m_7c9992de-18c0-3da6-b95f-f25ce494925f
f 2756/6728/1682 2759/6727/1682 2757/6726/1682 2754/6725/1682
f 2755/6732/1683 2756/6731/1683 2754/6730/1683 2753/6729/1683
f 2760/6736/1684 2755/6735/1684 2753/6734/1684 2758/6733/1684
f 2759/6740/1685 2760/6739/1685 2758/6738/1685 2757/6737/1685
f 2758/6744/1686 2753/6743/1686 2754/6742/1686 2757/6741/1686
f 2759/6748/1687 2756/6747/1687 2755/6746/1687 2760/6745/1687
o cube
v 13.937443749815072 0.32533299564658424 2.0625
v 13.937443749815072 0.32533299564658424 1.9375
v 13.921102048049885 0.138546489754382 2.0625
v 13.921102048049885 0.138546489754382 1.9375
v 13.563870738030667 0.35801639917695605 1.9375
v 13.563870738030667 0.35801639917695605 2.0625
v 13.547529036265482 0.1712298932847538 1.9375
v 13.547529036265482 0.1712298932847538 2.0625
vt 0.703125 0.875
vt 0.796875 0.875
vt 0.796875 0.828125
vt 0.703125 0.828125
vt 0.734375 0.203125
vt 0.765625 0.203125
vt 0.765625 0.15625
vt 0.734375 0.15625
vt 0.703125 0.828125
vt 0.796875 0.828125
vt 0.796875 0.78125
vt 0.703125 0.78125
vt 0.09375 0.171875
vt 0.125 0.171875
vt 0.125 0.125
vt 0.09375 0.125
vt 0.859375 0.578125
vt 0.765625 0.578125
vt 0.765625 0.609375
vt 0.859375 0.609375
vt 0.765625 0.234375
vt 0.671875 0.234375
vt 0.671875 0.203125
vt 0.765625 0.203125
vn 0 0 -1
vn 0.9961946980917455 -0.08715574274765818 0
vn 0 0 1
vn -0.9961946980917455 0.08715574274765818 0
vn 0.08715574274765818 0.9961946980917455 0
vn -0.08715574274765818 -0.9961946980917455 0
usemtl m_7c9992de-18c0-3da6-b95f-f25ce494925f
f 2764/6752/1688 2767/6751/1688 2765/6750/1688 2762/6749/1688
f 2763/6756/1689 2764/6755/1689 2762/6754/1689 2761/6753/1689
f 2768/6760/1690 2763/6759/1690 2761/6758/1690 2766/6757/1690
f 2767/6764/1691 2768/6763/1691 2766/6762/1691 2765/6761/1691
f 2766/6768/1692 2761/6767/1692 2762/6766/1692 2765/6765/1692
f 2767/6772/1693 2764/6771/1693 2763/6770/1693 2768/6769/1693
o cube
v 13.69343882950013 0.38977756988828205 2.078125
v 13.69343882950013 0.38977756988828205 1.921875
v 13.720571357260587 0.2359013584801245 2.078125
v 13.720571357260587 0.2359013584801245 1.921875
v 13.416461648965445 0.34093901991945796 1.921875
v 13.416461648965445 0.34093901991945796 2.078125
v 13.443594176725904 0.18706280851130042 1.921875
v 13.443594176725904 0.18706280851130042 2.078125
vt 0.46875 0.203125
vt 0.53125 0.203125
vt 0.53125 0.171875
vt 0.46875 0.171875
vt 0.78125 0.15625
vt 0.8125 0.15625
vt 0.8125 0.125
vt 0.78125 0.125
vt 0.796875 0.390625
vt 0.859375 0.390625
vt 0.859375 0.359375
vt 0.796875 0.359375
vt 0.8125 0.15625
vt 0.84375 0.15625
vt 0.84375 0.125
vt 0.8125 0.125
vt 0.859375 0.328125
vt 0.796875 0.328125
vt 0.796875 0.359375
vt 0.859375 0.359375
vn 0 0 -1
vn 0.984807753012208 0.17364817766693033 0
vn 0 0 1
vn -0.984807753012208 -0.17364817766693033 0
vn -0.17364817766693033 0.984807753012208 0
usemtl m_7c9992de-18c0-3da6-b95f-f25ce494925f
f 2772/6776/1694 2775/6775/1694 2773/6774/1694 2770/6773/1694
f 2771/6780/1695 2772/6779/1695 2770/6778/1695 2769/6777/1695
f 2776/6784/1696 2771/6783/1696 2769/6782/1696 2774/6781/1696
f 2775/6788/1697 2776/6787/1697 2774/6786/1697 2773/6785/1697
f 2774/6792/1698 2769/6791/1698 2770/6790/1698 2773/6789/1698
o cube
v 13.44665291308792 0.18593749999999998 1.89172427413081
v 13.36047427413081 0.18593749999999998 1.9779029130879207
v 13.44665291308792 0.0015625000000000222 1.89172427413081
v 13.36047427413081 0.0015625000000000222 1.9779029130879207
v 13.49084708691208 0.18593749999999998 2.10827572586919
v 13.57702572586919 0.18593749999999998 2.0220970869120793
v 13.49084708691208 0.0015625000000000222 2.10827572586919
v 13.57702572586919 0.0015625000000000222 2.0220970869120793
vt 0.5 0.671875
vt 0.546875 0.671875
vt 0.546875 0.625
vt 0.5 0.625
vt 0.125 0.171875
vt 0.15625 0.171875
vt 0.15625 0.125
vt 0.125 0.125
vt 0.03125 0.21875
vt 0.078125 0.21875
vt 0.078125 0.171875
vt 0.03125 0.171875
vt 0.828125 0.875
vt 0.859375 0.875
vt 0.859375 0.828125
vt 0.828125 0.828125
vt 0.203125 0.140625
vt 0.15625 0.140625
vt 0.15625 0.171875
vt 0.203125 0.171875
vt 0.875 0.828125
vt 0.828125 0.828125
vt 0.828125 0.796875
vt 0.875 0.796875
vn -0.7071067811865477 0 0.7071067811865475
vn -0.7071067811865475 0 -0.7071067811865477
vn 0.7071067811865477 0 -0.7071067811865475
vn 0.7071067811865475 0 0.7071067811865477
vn 0 1 0
vn 0 -1 0
usemtl m_7c9992de-18c0-3da6-b95f-f25ce494925f
f 2780/6796/1699 2783/6795/1699 2781/6794/1699 2778/6793/1699
f 2779/6800/1700 2780/6799/1700 2778/6798/1700 2777/6797/1700
f 2784/6804/1701 2779/6803/1701 2777/6802/1701 2782/6801/1701
f 2783/6808/1702 2784/6807/1702 2782/6806/1702 2781/6805/1702
f 2782/6812/1703 2777/6811/1703 2778/6810/1703 2781/6809/1703
f 2783/6816/1704 2780/6815/1704 2779/6814/1704 2784/6813/1704
o cube
v 14.55334708691208 0.18593749999999998 2.10827572586919
v 14.63952572586919 0.18593749999999998 2.0220970869120793
v 14.55334708691208 0.0015625000000000222 2.10827572586919
v 14.63952572586919 0.0015625000000000222 2.0220970869120793
v 14.50915291308792 0.18593749999999998 1.89172427413081
v 14.42297427413081 0.18593749999999998 1.9779029130879207
v 14.50915291308792 0.0015625000000000222 1.89172427413081
v 14.42297427413081 0.0015625000000000222 1.9779029130879207
vt 0.078125 0.21875
vt 0.125 0.21875
vt 0.125 0.171875
vt 0.078125 0.171875
vt 0.203125 0.171875
vt 0.234375 0.171875
vt 0.234375 0.125
vt 0.203125 0.125
vt 0.125 0.21875
vt 0.171875 0.21875
vt 0.171875 0.171875
vt 0.125 0.171875
vt 0.828125 0.796875
vt 0.859375 0.796875
vt 0.859375 0.75
vt 0.828125 0.75
vt 0.875 0.71875
vt 0.828125 0.71875
vt 0.828125 0.75
vt 0.875 0.75
vt 0.875 0.71875
vt 0.828125 0.71875
vt 0.828125 0.6875
vt 0.875 0.6875
vn 0.7071067811865476 0 -0.7071067811865475
vn 0.7071067811865475 0 0.7071067811865476
vn -0.7071067811865476 0 0.7071067811865475
vn -0.7071067811865475 0 -0.7071067811865476
vn 0 1 0
vn 0 -1 0
usemtl m_7c9992de-18c0-3da6-b95f-f25ce494925f
f 2788/6820/1705 2791/6819/1705 2789/6818/1705 2786/6817/1705
f 2787/6824/1706 2788/6823/1706 2786/6822/1706 2785/6821/1706
f 2792/6828/1707 2787/6827/1707 2785/6826/1707 2790/6825/1707
f 2791/6832/1708 2792/6831/1708 2790/6830/1708 2789/6829/1708
f 2790/6836/1709 2785/6835/1709 2786/6834/1709 2789/6833/1709
f 2791/6840/1710 2788/6839/1710 2787/6838/1710 2792/6837/1710
o cube
v 14.583538351034555 0.34093901991945796 2.078125
v 14.583538351034555 0.34093901991945796 1.921875
v 14.556405823274096 0.18706280851130042 2.078125
v 14.556405823274096 0.18706280851130042 1.921875
v 14.30656117049987 0.38977756988828205 1.921875
v 14.30656117049987 0.38977756988828205 2.078125
v 14.279428642739413 0.2359013584801245 1.921875
v 14.279428642739413 0.2359013584801245 2.078125
vt 0.671875 0.203125
vt 0.734375 0.203125
vt 0.734375 0.171875
vt 0.671875 0.171875
vt 0.84375 0.15625
vt 0.875 0.15625
vt 0.875 0.125
vt 0.84375 0.125
vt 0.796875 0.328125
vt 0.859375 0.328125
vt 0.859375 0.296875
vt 0.796875 0.296875
vt 0.03125 0.140625
vt 0.0625 0.140625
vt 0.0625 0.109375
vt 0.03125 0.109375
vt 0.859375 0.1875
vt 0.796875 0.1875
vt 0.796875 0.21875
vt 0.859375 0.21875
vn 0 0 -1
vn 0.984807753012208 -0.17364817766693033 0
vn 0 0 1
vn -0.984807753012208 0.17364817766693033 0
vn 0.17364817766693033 0.984807753012208 0
usemtl m_7c9992de-18c0-3da6-b95f-f25ce494925f
f 2796/6844/1711 2799/6843/1711 2797/6842/1711 2794/6841/1711
f 2795/6848/1712 2796/6847/1712 2794/6846/1712 2793/6845/1712
f 2800/6852/1713 2795/6851/1713 2793/6850/1713 2798/6849/1713
f 2799/6856/1714 2800/6855/1714 2798/6854/1714 2797/6853/1714
f 2798/6860/1715 2793/6859/1715 2794/6858/1715 2797/6857/1715
o cube
v 14.436129261969333 0.35801639917695605 2.0625
v 14.436129261969333 0.35801639917695605 1.9375
v 14.452470963734518 0.1712298932847538 2.0625
v 14.452470963734518 0.1712298932847538 1.9375
v 14.062556250184928 0.32533299564658424 1.9375
v 14.062556250184928 0.32533299564658424 2.0625
v 14.078897951950115 0.138546489754382 1.9375
v 14.078897951950115 0.138546489754382 2.0625
vt 0.703125 0.78125
vt 0.796875 0.78125
vt 0.796875 0.734375
vt 0.703125 0.734375
vt 0.234375 0.171875
vt 0.265625 0.171875
vt 0.265625 0.125
vt 0.234375 0.125
vt 0.703125 0.734375
vt 0.796875 0.734375
vt 0.796875 0.6875
vt 0.703125 0.6875
vt 0.828125 0.578125
vt 0.859375 0.578125
vt 0.859375 0.53125
vt 0.828125 0.53125
vt 0.859375 0.25
vt 0.765625 0.25
vt 0.765625 0.28125
vt 0.859375 0.28125
vt 0.859375 0.25
vt 0.765625 0.25
vt 0.765625 0.21875
vt 0.859375 0.21875
vn 0 0 -1
vn 0.9961946980917455 0.08715574274765818 0
vn 0 0 1
vn -0.9961946980917455 -0.08715574274765818 0
vn -0.08715574274765818 0.9961946980917455 0
vn 0.08715574274765818 -0.9961946980917455 0
usemtl m_7c9992de-18c0-3da6-b95f-f25ce494925f
f 2804/6864/1716 2807/6863/1716 2805/6862/1716 2802/6861/1716
f 2803/6868/1717 2804/6867/1717 2802/6866/1717 2801/6865/1717
f 2808/6872/1718 2803/6871/1718 2801/6870/1718 2806/6869/1718
f 2807/6876/1719 2808/6875/1719 2806/6874/1719 2805/6873/1719
f 2806/6880/1720 2801/6879/1720 2802/6878/1720 2805/6877/1720
f 2807/6884/1721 2804/6883/1721 2803/6882/1721 2808/6881/1721
o cube
v 14.09375 0.375 2.09375
v 14.09375 0.375 1.90625
v 14.09375 0.0625 2.09375
v 14.09375 0.0625 1.90625
v 13.90625 0.375 1.90625
v 13.90625 0.375 2.09375
v 13.90625 0.0625 1.90625
v 13.90625 0.0625 2.09375
vt 0.5625 0.328125
vt 0.609375 0.328125
vt 0.609375 0.25
vt 0.5625 0.25
vt 0.5625 0.25
vt 0.609375 0.25
vt 0.609375 0.171875
vt 0.5625 0.171875
vt 0.765625 0.6875
vt 0.8125 0.6875
vt 0.8125 0.609375
vt 0.765625 0.609375
vt 0.359375 0.234375
vt 0.40625 0.234375
vt 0.40625 0.15625
vt 0.359375 0.15625
vt 0.21875 0.171875
vt 0.171875 0.171875
vt 0.171875 0.21875
vt 0.21875 0.21875
vt 0.265625 0.21875
vt 0.21875 0.21875
vt 0.21875 0.171875
vt 0.265625 0.171875
vn 0 0 -1
vn 1 0 0
vn 0 0 1
vn -1 0 0
vn 0 1 0
vn 0 -1 0
usemtl m_7c9992de-18c0-3da6-b95f-f25ce494925f
f 2812/6888/1722 2815/6887/1722 2813/6886/1722 2810/6885/1722
f 2811/6892/1723 2812/6891/1723 2810/6890/1723 2809/6889/1723
f 2816/6896/1724 2811/6895/1724 2809/6894/1724 2814/6893/1724
f 2815/6900/1725 2816/6899/1725 2814/6898/1725 2813/6897/1725
f 2814/6904/1726 2809/6903/1726 2810/6902/1726 2813/6901/1726
f 2815/6908/1727 2812/6907/1727 2811/6906/1727 2816/6905/1727
o cube
v 14.0625 0.35801639917695605 2.4361292619693327
v 14.0625 0.32533299564658424 2.062556250184928
v 14.0625 0.1712298932847538 2.452470963734519
v 14.0625 0.138546489754382 2.0788979519501143
v 13.9375 0.32533299564658424 2.062556250184928
v 13.9375 0.35801639917695605 2.4361292619693327
v 13.9375 0.138546489754382 2.0788979519501143
v 13.9375 0.1712298932847538 2.452470963734519
vt 0.46875 0.171875
vt 0.5 0.171875
vt 0.5 0.125
vt 0.46875 0.125
vt 0.671875 0.28125
vt 0.765625 0.28125
vt 0.765625 0.234375
vt 0.671875 0.234375
vt 0.828125 0.53125
vt 0.859375 0.53125
vt 0.859375 0.484375
vt 0.828125 0.484375
vt 0 0.265625
vt 0.09375 0.265625
vt 0.09375 0.21875
vt 0 0.21875
vt 0.3125 0.203125
vt 0.28125 0.203125
vt 0.28125 0.296875
vt 0.3125 0.296875
vt 0.4375 0.234375
vt 0.40625 0.234375
vt 0.40625 0.140625
vt 0.4375 0.140625
vn 0 -0.08715574274765818 -0.9961946980917455
vn 1 0 0
vn 0 0.08715574274765818 0.9961946980917455
vn -1 0 0
vn 0 0.9961946980917455 -0.08715574274765818
vn 0 -0.9961946980917455 0.08715574274765818
usemtl m_7c9992de-18c0-3da6-b95f-f25ce494925f
f 2820/6912/1728 2823/6911/1728 2821/6910/1728 2818/6909/1728
f 2819/6916/1729 2820/6915/1729 2818/6914/1729 2817/6913/1729
f 2824/6920/1730 2819/6919/1730 2817/6918/1730 2822/6917/1730
f 2823/6924/1731 2824/6923/1731 2822/6922/1731 2821/6921/1731
f 2822/6928/1732 2817/6927/1732 2818/6926/1732 2821/6925/1732
f 2823/6932/1733 2820/6931/1733 2819/6930/1733 2824/6929/1733
o cube
v 14.078125 0.34093901991945796 2.5835383510345546
v 14.078125 0.38977756988828205 2.306561170499871
v 14.078125 0.18706280851130042 2.5564058232740967
v 14.078125 0.2359013584801245 2.279428642739413
v 13.921875 0.38977756988828205 2.306561170499871
v 13.921875 0.34093901991945796 2.5835383510345546
v 13.921875 0.2359013584801245 2.279428642739413
v 13.921875 0.18706280851130042 2.5564058232740967
vt 0.0625 0.140625
vt 0.09375 0.140625
vt 0.09375 0.109375
vt 0.0625 0.109375
vt 0.8125 0.6875
vt 0.875 0.6875
vt 0.875 0.65625
vt 0.8125 0.65625
vt 0.859375 0.875
vt 0.890625 0.875
vt 0.890625 0.84375
vt 0.859375 0.84375
vt 0.8125 0.65625
vt 0.875 0.65625
vt 0.875 0.625
vt 0.8125 0.625
vt 0.296875 0.140625
vt 0.265625 0.140625
vt 0.265625 0.203125
vt 0.296875 0.203125
vn 0 0.17364817766693033 -0.984807753012208
vn 1 0 0
vn 0 -0.17364817766693033 0.984807753012208
vn -1 0 0
vn 0 0.984807753012208 0.17364817766693033
usemtl m_7c9992de-18c0-3da6-b95f-f25ce494925f
f 2828/6936/1734 2831/6935/1734 2829/6934/1734 2826/6933/1734
f 2827/6940/1735 2828/6939/1735 2826/6938/1735 2825/6937/1735
f 2832/6944/1736 2827/6943/1736 2825/6942/1736 2830/6941/1736
f 2831/6948/1737 2832/6947/1737 2830/6946/1737 2829/6945/1737
f 2830/6952/1738 2825/6951/1738 2826/6950/1738 2829/6949/1738
o cube
v 14.10827572586919 0.18593749999999998 2.55334708691208
v 13.97790291308792 0.18593749999999998 2.42297427413081
v 14.10827572586919 0.0015625000000000222 2.55334708691208
v 13.97790291308792 0.0015625000000000222 2.42297427413081
v 13.89172427413081 0.18593749999999998 2.50915291308792
v 14.02209708691208 0.18593749999999998 2.63952572586919
v 13.89172427413081 0.0015625000000000222 2.50915291308792
v 14.02209708691208 0.0015625000000000222 2.63952572586919
vt 0.5 0.171875
vt 0.53125 0.171875
vt 0.53125 0.125
vt 0.5 0.125
vt 0.78125 0.578125
vt 0.828125 0.578125
vt 0.828125 0.53125
vt 0.78125 0.53125
vt 0.828125 0.484375
vt 0.859375 0.484375
vt 0.859375 0.4375
vt 0.828125 0.4375
vt 0.78125 0.53125
vt 0.828125 0.53125
vt 0.828125 0.484375
vt 0.78125 0.484375
vt 0.59375 0.125
vt 0.5625 0.125
vt 0.5625 0.171875
vt 0.59375 0.171875
vt 0.859375 0.4375
vt 0.828125 0.4375
vt 0.828125 0.390625
vt 0.859375 0.390625
vn -0.7071067811865476 0 -0.7071067811865475
vn 0.7071067811865475 0 -0.7071067811865476
vn 0.7071067811865476 0 0.7071067811865475
vn -0.7071067811865475 0 0.7071067811865476
vn 0 1 0
vn 0 -1 0
usemtl m_7c9992de-18c0-3da6-b95f-f25ce494925f
f 2836/6956/1739 2839/6955/1739 2837/6954/1739 2834/6953/1739
f 2835/6960/1740 2836/6959/1740 2834/6958/1740 2833/6957/1740
f 2840/6964/1741 2835/6963/1741 2833/6962/1741 2838/6961/1741
f 2839/6968/1742 2840/6967/1742 2838/6966/1742 2837/6965/1742
f 2838/6972/1743 2833/6971/1743 2834/6970/1743 2837/6969/1743
f 2839/6976/1744 2836/6975/1744 2835/6974/1744 2840/6973/1744
o cube
v 14.10827572586919 0.18593749999999998 1.49084708691208
v 13.97790291308792 0.18593749999999998 1.36047427413081
v 14.10827572586919 0.0015625000000000222 1.49084708691208
v 13.97790291308792 0.0015625000000000222 1.36047427413081
v 13.89172427413081 0.18593749999999998 1.44665291308792
v 14.02209708691208 0.18593749999999998 1.57702572586919
v 13.89172427413081 0.0015625000000000222 1.44665291308792
v 14.02209708691208 0.0015625000000000222 1.57702572586919
vt 0.59375 0.171875
vt 0.625 0.171875
vt 0.625 0.125
vt 0.59375 0.125
vt 0.78125 0.484375
vt 0.828125 0.484375
vt 0.828125 0.4375
vt 0.78125 0.4375
vt 0.625 0.171875
vt 0.65625 0.171875
vt 0.65625 0.125
vt 0.625 0.125
vt 0.78125 0.4375
vt 0.828125 0.4375
vt 0.828125 0.390625
vt 0.78125 0.390625
vt 0.6875 0.125
vt 0.65625 0.125
vt 0.65625 0.171875
vt 0.6875 0.171875
vt 0.71875 0.171875
vt 0.6875 0.171875
vt 0.6875 0.125
vt 0.71875 0.125
vn -0.7071067811865476 0 -0.7071067811865475
vn 0.7071067811865475 0 -0.7071067811865476
vn 0.7071067811865476 0 0.7071067811865475
vn -0.7071067811865475 0 0.7071067811865476
vn 0 1 0
vn 0 -1 0
usemtl m_7c9992de-18c0-3da6-b95f-f25ce494925f
f 2844/6980/1745 2847/6979/1745 2845/6978/1745 2842/6977/1745
f 2843/6984/1746 2844/6983/1746 2842/6982/1746 2841/6981/1746
f 2848/6988/1747 2843/6987/1747 2841/6986/1747 2846/6985/1747
f 2847/6992/1748 2848/6991/1748 2846/6990/1748 2845/6989/1748
f 2846/6996/1749 2841/6995/1749 2842/6994/1749 2845/6993/1749
f 2847/7000/1750 2844/6999/1750 2843/6998/1750 2848/6997/1750
o cube
v 14.078125 0.38977756988828205 1.693438829500129
v 14.078125 0.34093901991945796 1.4164616489654454
v 14.078125 0.2359013584801245 1.720571357260587
v 14.078125 0.18706280851130042 1.4435941767259033
v 13.921875 0.34093901991945796 1.4164616489654454
v 13.921875 0.38977756988828205 1.693438829500129
v 13.921875 0.18706280851130042 1.4435941767259033
v 13.921875 0.2359013584801245 1.720571357260587
vt 0.15625 0.140625
vt 0.1875 0.140625
vt 0.1875 0.109375
vt 0.15625 0.109375
vt 0.796875 0.1875
vt 0.859375 0.1875
vt 0.859375 0.15625
vt 0.796875 0.15625
vt 0.859375 0.796875
vt 0.890625 0.796875
vt 0.890625 0.765625
vt 0.859375 0.765625
vt 0.03125 0.171875
vt 0.09375 0.171875
vt 0.09375 0.140625
vt 0.03125 0.140625
vt 0.5625 0.140625
vt 0.53125 0.140625
vt 0.53125 0.203125
vt 0.5625 0.203125
vn 0 -0.17364817766693033 -0.984807753012208
vn 1 0 0
vn 0 0.17364817766693033 0.984807753012208
vn -1 0 0
vn 0 0.984807753012208 -0.17364817766693033
usemtl m_7c9992de-18c0-3da6-b95f-f25ce494925f
f 2852/7004/1751 2855/7003/1751 2853/7002/1751 2850/7001/1751
f 2851/7008/1752 2852/7007/1752 2850/7006/1752 2849/7005/1752
f 2856/7012/1753 2851/7011/1753 2849/7010/1753 2854/7009/1753
f 2855/7016/1754 2856/7015/1754 2854/7014/1754 2853/7013/1754
f 2854/7020/1755 2849/7019/1755 2850/7018/1755 2853/7017/1755
o cube
v 14.0625 0.32533299564658424 1.9374437498150718
v 14.0625 0.35801639917695605 1.5638707380306673
v 14.0625 0.138546489754382 1.9211020480498857
v 14.0625 0.1712298932847538 1.5475290362654812
v 13.9375 0.35801639917695605 1.5638707380306673
v 13.9375 0.32533299564658424 1.9374437498150718
v 13.9375 0.1712298932847538 1.5475290362654812
v 13.9375 0.138546489754382 1.9211020480498857
vt 0.359375 0.15625
vt 0.390625 0.15625
vt 0.390625 0.109375
vt 0.359375 0.109375
vt 0.09375 0.265625
vt 0.1875 0.265625
vt 0.1875 0.21875
vt 0.09375 0.21875
vt 0.71875 0.15625
vt 0.75 0.15625
vt 0.75 0.109375
vt 0.71875 0.109375
vt 0.1875 0.265625
vt 0.28125 0.265625
vt 0.28125 0.21875
vt 0.1875 0.21875
vt 0.46875 0.140625
vt 0.4375 0.140625
vt 0.4375 0.234375
vt 0.46875 0.234375
vt 0.03125 0.21875
vt 0 0.21875
vt 0 0.125
vt 0.03125 0.125
vn 0 0.08715574274765818 -0.9961946980917455
vn 1 0 0
vn 0 -0.08715574274765818 0.9961946980917455
vn -1 0 0
vn 0 0.9961946980917455 0.08715574274765818
vn 0 -0.9961946980917455 -0.08715574274765818
usemtl m_7c9992de-18c0-3da6-b95f-f25ce494925f
f 2860/7024/1756 2863/7023/1756 2861/7022/1756 2858/7021/1756
f 2859/7028/1757 2860/7027/1757 2858/7026/1757 2857/7025/1757
f 2864/7032/1758 2859/7031/1758 2857/7030/1758 2862/7029/1758
f 2863/7036/1759 2864/7035/1759 2862/7034/1759 2861/7033/1759
f 2862/7040/1760 2857/7039/1760 2858/7038/1760 2861/7037/1760
f 2863/7044/1761 2860/7043/1761 2859/7042/1761 2864/7041/1761
o cube
v 13.601283660065556 1.2010561619501732 2.3458757025851367
v 13.564479801976054 1.2010561619501732 1.5029287656254442
v 13.601283660065556 0.7323061619501732 2.3458757025851367
v 13.564479801976054 0.7323061619501732 1.5029287656254442
v 13.345938003505022 1.2010561619501732 1.5124705066116118
v 13.382741861594525 1.2010561619501732 2.3554174435713042
v 13.345938003505022 0.7323061619501732 1.5124705066116118
v 13.382741861594525 0.7323061619501732 2.3554174435713042
vt 0.359375 0.34375
vt 0.40625 0.34375
vt 0.40625 0.234375
vt 0.359375 0.234375
vt 0.5 1
vt 0.703125 1
vt 0.703125 0.890625
vt 0.5 0.890625
vt 0.5 0.890625
vt 0.703125 0.890625
vt 0.703125 0.78125
vt 0.5 0.78125
vt 0.515625 0.203125
vt 0.46875 0.203125
vt 0.46875 0.40625
vt 0.515625 0.40625
vt 0.5625 0.40625
vt 0.515625 0.40625
vt 0.515625 0.203125
vt 0.5625 0.203125
vn -0.043619387365336 0 -0.9990482215818578
vn 0.9990482215818578 0 -0.043619387365336
vn -0.9990482215818578 0 0.043619387365336
vn 0 1 0
vn 0 -1 0
usemtl m_7c9992de-18c0-3da6-b95f-f25ce494925f
f 2868/7048/1762 2871/7047/1762 2869/7046/1762 2866/7045/1762
f 2867/7052/1763 2868/7051/1763 2866/7050/1763 2865/7049/1763
f 2871/7056/1764 2872/7055/1764 2870/7054/1764 2869/7053/1764
f 2870/7060/1765 2865/7059/1765 2866/7058/1765 2869/7057/1765
f 2871/7064/1766 2868/7063/1766 2867/7062/1766 2872/7061/1766
o cube
v 14.617258138405475 1.2010561619501732 2.3554174435713042
v 14.654061996494978 1.2010561619501732 1.5124705066116118
v 14.617258138405475 0.7323061619501732 2.3554174435713042
v 14.654061996494978 0.7323061619501732 1.5124705066116118
v 14.435520198023946 1.2010561619501732 1.5029287656254442
v 14.398716339934444 1.2010561619501732 2.3458757025851367
v 14.435520198023946 0.7323061619501732 1.5029287656254442
v 14.398716339934444 0.7323061619501732 2.3458757025851367
vt 0.40625 0.34375
vt 0.453125 0.34375
vt 0.453125 0.234375
vt 0.40625 0.234375
vt 0.5 0.78125
vt 0.703125 0.78125
vt 0.703125 0.671875
vt 0.5 0.671875
vt 0.5625 0.671875
vt 0.765625 0.671875
vt 0.765625 0.5625
vt 0.5625 0.5625
vt 0.671875 0.171875
vt 0.625 0.171875
vt 0.625 0.375
vt 0.671875 0.375
vt 0.359375 0.34375
vt 0.3125 0.34375
vt 0.3125 0.140625
vt 0.359375 0.140625
vn 0.043619387365336 0 -0.9990482215818578
vn 0.9990482215818578 0 0.043619387365336
vn -0.9990482215818578 0 -0.043619387365336
vn 0 1 0
vn 0 -1 0
usemtl m_7c9992de-18c0-3da6-b95f-f25ce494925f
f 2876/7068/1767 2879/7067/1767 2877/7066/1767 2874/7065/1767
f 2875/7072/1768 2876/7071/1768 2874/7070/1768 2873/7069/1768
f 2879/7076/1769 2880/7075/1769 2878/7074/1769 2877/7073/1769
f 2878/7080/1770 2873/7079/1770 2874/7078/1770 2877/7077/1770
f 2879/7084/1771 2876/7083/1771 2875/7082/1771 2880/7081/1771
o cube
v 14 1.6854311619501732 2.52415580559388
v 14.021788935686915 1.6854311619501732 2.2751071310709436
v 14 0.7479311619501732 2.52415580559388
v 14.021788935686915 0.7479311619501732 2.2751071310709436
v 13.399167249379573 1.6854311619501732 2.2206347918536573
v 13.37737831369266 1.6854311619501732 2.4696834663765936
v 13.399167249379573 0.7479311619501732 2.2206347918536573
v 13.37737831369266 0.7479311619501732 2.4696834663765936
vt 0 1
vt 0.15625 1
vt 0.15625 0.765625
vt 0 0.765625
vt 0.15625 1
vt 0.3125 1
vt 0.3125 0.765625
vt 0.15625 0.765625
vt 0.25 0.53125
vt 0.3125 0.53125
vt 0.3125 0.296875
vt 0.25 0.296875
vt 0.46875 0.34375
vt 0.3125 0.34375
vt 0.3125 0.40625
vt 0.46875 0.40625
vt 0.78125 0.5625
vt 0.625 0.5625
vt 0.625 0.5
vt 0.78125 0.5
vn 0.08715574274765818 0 -0.9961946980917455
vn -0.08715574274765818 0 0.9961946980917455
vn -0.9961946980917455 0 -0.08715574274765818
vn 0 1 0
vn 0 -1 0
usemtl m_7c9992de-18c0-3da6-b95f-f25ce494925f
f 2884/7088/1772 2887/7087/1772 2885/7086/1772 2882/7085/1772
f 2888/7092/1773 2883/7091/1773 2881/7090/1773 2886/7089/1773
f 2887/7096/1774 2888/7095/1774 2886/7094/1774 2885/7093/1774
f 2886/7100/1775 2881/7099/1775 2882/7098/1775 2885/7097/1775
f 2887/7104/1776 2884/7103/1776 2883/7102/1776 2888/7101/1776
o cube
v 14.62262168630734 1.6854311619501732 2.4696834663765936
v 14.600832750620427 1.6854311619501732 2.2206347918536573
v 14.62262168630734 0.7479311619501732 2.4696834663765936
v 14.600832750620427 0.7479311619501732 2.2206347918536573
v 13.978211064313085 1.6854311619501732 2.2751071310709436
v 14 1.6854311619501732 2.52415580559388
v 13.978211064313085 0.7479311619501732 2.2751071310709436
v 14 0.7479311619501732 2.52415580559388
vt 0 0.765625
vt 0.15625 0.765625
vt 0.15625 0.53125
vt 0 0.53125
vt 0.5625 0.5625
vt 0.625 0.5625
vt 0.625 0.328125
vt 0.5625 0.328125
vt 0.15625 0.765625
vt 0.3125 0.765625
vt 0.3125 0.53125
vt 0.15625 0.53125
vt 0.78125 0.4375
vt 0.625 0.4375
vt 0.625 0.5
vt 0.78125 0.5
vt 0.78125 0.4375
vt 0.625 0.4375
vt 0.625 0.375
vt 0.78125 0.375
vn -0.08715574274765818 0 -0.9961946980917455
vn 0.9961946980917455 0 -0.08715574274765818
vn 0.08715574274765818 0 0.9961946980917455
vn 0 1 0
vn 0 -1 0
usemtl m_7c9992de-18c0-3da6-b95f-f25ce494925f
f 2892/7108/1777 2895/7107/1777 2893/7106/1777 2890/7105/1777
f 2891/7112/1778 2892/7111/1778 2890/7110/1778 2889/7109/1778
f 2896/7116/1779 2891/7115/1779 2889/7114/1779 2894/7113/1779
f 2894/7120/1780 2889/7119/1780 2890/7118/1780 2893/7117/1780
f 2895/7124/1781 2892/7123/1781 2891/7122/1781 2896/7121/1781
o cube
v 14.0609375 0.7484375000000001 4.2484375
v 14.0609375 0.7484375000000001 4.0640625
v 14.0609375 0.6890624999999999 4.2484375
v 14.0609375 0.6890624999999999 4.0640625
v 12.0640625 0.7484375000000001 4.0640625
v 12.0640625 0.7484375000000001 4.2484375
v 12.0640625 0.6890624999999999 4.0640625
v 12.0640625 0.6890624999999999 4.2484375
vt 0.5 0.953125
vt 1 0.953125
vt 1 0.9375
vt 0.5 0.9375
vt 0.5 0.9375
vt 1 0.9375
vt 1 0.921875
vt 0.5 0.921875
vt 0.5 0.953125
vt 0 0.953125
vt 0 1
vt 0.5 1
vt 0.5 0.953125
vt 0 0.953125
vt 0 0.90625
vt 0.5 0.90625
vn 0 0 -1
vn 0 0 1
vn 0 1 0
vn 0 -1 0
usemtl m_163779e3-ff11-1fba-b8d4-97bf6d9ea88f
f 2900/7128/1782 2903/7127/1782 2901/7126/1782 2898/7125/1782
f 2904/7132/1783 2899/7131/1783 2897/7130/1783 2902/7129/1783
f 2902/7136/1784 2897/7135/1784 2898/7134/1784 2901/7133/1784
f 2903/7140/1785 2900/7139/1785 2899/7138/1785 2904/7137/1785
o cube
v 14.0609375 0.7484375000000001 3.9984374999999996
v 14.0609375 0.7484375000000001 3.8140625000000004
v 14.0609375 0.6890624999999999 3.9984374999999996
v 14.0609375 0.6890624999999999 3.8140625000000004
v 12.0640625 0.7484375000000001 3.8140625000000004
v 12.0640625 0.7484375000000001 3.9984374999999996
v 12.0640625 0.6890624999999999 3.8140625000000004
v 12.0640625 0.6890624999999999 3.9984374999999996
vt 0.5 0.921875
vt 1 0.921875
vt 1 0.90625
vt 0.5 0.90625
vt 0.5 0.90625
vt 1 0.90625
vt 1 0.890625
vt 0.5 0.890625
vt 0.5 0.859375
vt 0 0.859375
vt 0 0.90625
vt 0.5 0.90625
vt 0.5 0.859375
vt 0 0.859375
vt 0 0.8125
vt 0.5 0.8125
vn 0 0 -1
vn 0 0 1
vn 0 1 0
vn 0 -1 0
usemtl m_163779e3-ff11-1fba-b8d4-97bf6d9ea88f
f 2908/7144/1786 2911/7143/1786 2909/7142/1786 2906/7141/1786
f 2912/7148/1787 2907/7147/1787 2905/7146/1787 2910/7145/1787
f 2910/7152/1788 2905/7151/1788 2906/7150/1788 2909/7149/1788
f 2911/7156/1789 2908/7155/1789 2907/7154/1789 2912/7153/1789
o cube
v 14.0609375 0.7429085960303898 3.741938302248271
v 14.0609375 0.7188428293398179 3.5591406559324748
v 14.0609375 0.6840415573863199 3.749688294911337
v 14.0609375 0.659975790695748 3.5668906485955407
v 12.0640625 0.7188428293398179 3.5591406559324748
v 12.0640625 0.7429085960303898 3.741938302248271
v 12.0640625 0.659975790695748 3.5668906485955407
v 12.0640625 0.6840415573863199 3.749688294911337
vt 0.5 0.890625
vt 1 0.890625
vt 1 0.875
vt 0.5 0.875
vt 0.5 0.875
vt 1 0.875
vt 1 0.859375
vt 0.5 0.859375
vt 0.5 0.765625
vt 0 0.765625
vt 0 0.8125
vt 0.5 0.8125
vt 0.5 0.765625
vt 0 0.765625
vt 0 0.71875
vt 0.5 0.71875
vn 0 -0.13052619222005157 -0.9914448613738104
vn 0 0.13052619222005157 0.9914448613738104
vn 0 0.9914448613738104 -0.13052619222005157
vn 0 -0.9914448613738104 0.13052619222005157
usemtl m_163779e3-ff11-1fba-b8d4-97bf6d9ea88f
f 2916/7160/1790 2919/7159/1790 2917/7158/1790 2914/7157/1790
f 2920/7164/1791 2915/7163/1791 2913/7162/1791 2918/7161/1791
f 2918/7168/1792 2913/7167/1792 2914/7166/1792 2917/7165/1792
f 2919/7172/1793 2916/7171/1793 2915/7170/1793 2920/7169/1793
o cube
v 14.0609375 1.4174219239994819 4.516583415054694
v 14.0609375 1.432789304802444 4.459231569118781
v 14.0609375 1.239329349777435 4.4688636536139175
v 14.0609375 1.2546967305803969 4.411511807678004
v 12.0640625 1.432789304802444 4.459231569118781
v 12.0640625 1.4174219239994819 4.516583415054694
v 12.0640625 1.2546967305803969 4.411511807678004
v 12.0640625 1.239329349777435 4.4688636536139175
vt 0 0.71875
vt 0.5 0.71875
vt 0.5 0.671875
vt 0 0.671875
vt 0 0.671875
vt 0.5 0.671875
vt 0.5 0.625
vt 0 0.625
vt 1 0.84375
vt 0.5 0.84375
vt 0.5 0.859375
vt 1 0.859375
vt 1 0.84375
vt 0.5 0.84375
vt 0.5 0.828125
vt 1 0.828125
vn 0 0.25881904510252074 -0.9659258262890683
vn 0 -0.25881904510252074 0.9659258262890683
vn 0 0.9659258262890683 0.25881904510252074
vn 0 -0.9659258262890683 -0.25881904510252074
usemtl m_163779e3-ff11-1fba-b8d4-97bf6d9ea88f
f 2924/7176/1794 2927/7175/1794 2925/7174/1794 2922/7173/1794
f 2928/7180/1795 2923/7179/1795 2921/7178/1795 2926/7177/1795
f 2926/7184/1796 2921/7183/1796 2922/7182/1796 2925/7181/1796
f 2927/7188/1797 2924/7187/1797 2923/7186/1797 2928/7185/1797
o cube
v 14.0609375 1.1761612394579746 4.455483145992916
v 14.0609375 1.18391123212104 4.396616107348846
v 14.0609375 0.9933635931421783 4.431417379302343
v 14.0609375 1.0011135858052438 4.3725503406582735
v 12.0640625 1.18391123212104 4.396616107348846
v 12.0640625 1.1761612394579746 4.455483145992916
v 12.0640625 1.0011135858052438 4.3725503406582735
v 12.0640625 0.9933635931421783 4.431417379302343
vt 0 0.625
vt 0.5 0.625
vt 0.5 0.578125
vt 0 0.578125
vt 0 0.578125
vt 0.5 0.578125
vt 0.5 0.53125
vt 0 0.53125
vt 1 0.8125
vt 0.5 0.8125
vt 0.5 0.828125
vt 1 0.828125
vt 1 0.8125
vt 0.5 0.8125
vt 0.5 0.796875
vt 1 0.796875
vn 0 0.13052619222005157 -0.9914448613738104
vn 0 -0.13052619222005157 0.9914448613738104
vn 0 0.9914448613738104 0.13052619222005157
vn 0 -0.9914448613738104 -0.13052619222005157
usemtl m_163779e3-ff11-1fba-b8d4-97bf6d9ea88f
f 2932/7192/1798 2935/7191/1798 2933/7190/1798 2930/7189/1798
f 2936/7196/1799 2931/7195/1799 2929/7194/1799 2934/7193/1799
f 2934/7200/1800 2929/7199/1800 2930/7198/1800 2933/7197/1800
f 2935/7204/1801 2932/7203/1801 2931/7202/1801 2936/7201/1801
o cube
v 14.0609375 0.9283000241145221 4.422851597937902
v 14.0609375 0.9360500167775876 4.363984559293833
v 14.0609375 0.745502377798726 4.398785831247331
v 14.0609375 0.7532523704617913 4.339918792603261
v 12.0640625 0.9360500167775876 4.363984559293833
v 12.0640625 0.9283000241145221 4.422851597937902
v 12.0640625 0.7532523704617913 4.339918792603261
v 12.0640625 0.745502377798726 4.398785831247331
vt 0 0.53125
vt 0.5 0.53125
vt 0.5 0.484375
vt 0 0.484375
vt 0.5 1
vt 1 1
vt 1 0.953125
vt 0.5 0.953125
vt 1 0.78125
vt 0.5 0.78125
vt 0.5 0.796875
vt 1 0.796875
vt 1 0.78125
vt 0.5 0.78125
vt 0.5 0.765625
vt 1 0.765625
vn 0 0.13052619222005157 -0.9914448613738104
vn 0 -0.13052619222005157 0.9914448613738104
vn 0 0.9914448613738104 0.13052619222005157
vn 0 -0.9914448613738104 -0.13052619222005157
usemtl m_163779e3-ff11-1fba-b8d4-97bf6d9ea88f
f 2940/7208/1802 2943/7207/1802 2941/7206/1802 2938/7205/1802
f 2944/7212/1803 2939/7211/1803 2937/7210/1803 2942/7209/1803
f 2942/7216/1804 2937/7215/1804 2938/7214/1804 2941/7213/1804
f 2943/7220/1805 2940/7219/1805 2939/7218/1805 2944/7217/1805
o cube
v 12.0625 0.75 4.3125
v 12.0625 0.75 3.75
v 12.0625 0.625 4.3125
v 12.0625 0.625 3.75
v 11.9375 0.75 3.75
v 11.9375 0.75 4.3125
v 11.9375 0.625 3.75
v 11.9375 0.625 4.3125
vt 0.1875 0.484375
vt 0.328125 0.484375
vt 0.328125 0.453125
vt 0.1875 0.453125
vt 0.328125 0.484375
vt 0.46875 0.484375
vt 0.46875 0.453125
vt 0.328125 0.453125
vt 0.5 0.34375
vt 0.46875 0.34375
vt 0.46875 0.484375
vt 0.5 0.484375
vt 0.5625 0.71875
vt 0.53125 0.71875
vt 0.53125 0.578125
vt 0.5625 0.578125
vn 1 0 0
vn -1 0 0
vn 0 1 0
vn 0 -1 0
usemtl m_163779e3-ff11-1fba-b8d4-97bf6d9ea88f
f 2947/7224/1806 2948/7223/1806 2946/7222/1806 2945/7221/1806
f 2951/7228/1807 2952/7227/1807 2950/7226/1807 2949/7225/1807
f 2950/7232/1808 2945/7231/1808 2946/7230/1808 2949/7229/1808
f 2951/7236/1809 2948/7235/1809 2947/7234/1809 2952/7233/1809
o cube
v 12.0640625 1.2332235298009218 4.496068951187312
v 12.0640625 1.249947198179116 4.369040078323792
v 12.0640625 0.36261101090704473 4.381450638644079
v 12.0640625 0.3793346792852389 4.254421765780559
v 11.9359375 1.249947198179116 4.369040078323792
v 11.9359375 1.2332235298009218 4.496068951187312
v 11.9359375 0.3793346792852389 4.254421765780559
v 11.9359375 0.36261101090704473 4.381450638644079
vt 0.5 0.71875
vt 0.53125 0.71875
vt 0.53125 0.5
vt 0.5 0.5
vt 0.5 0.5
vt 0.53125 0.5
vt 0.53125 0.28125
vt 0.5 0.28125
vt 0 0.484375
vt 0.03125 0.484375
vt 0.03125 0.265625
vt 0 0.265625
vt 0.03125 0.484375
vt 0.0625 0.484375
vt 0.0625 0.265625
vt 0.03125 0.265625
vn 0 0.13052619222005157 -0.9914448613738104
vn 1 0 0
vn 0 -0.13052619222005157 0.9914448613738104
vn -1 0 0
usemtl m_163779e3-ff11-1fba-b8d4-97bf6d9ea88f
f 2956/7240/1810 2959/7239/1810 2957/7238/1810 2954/7237/1810
f 2955/7244/1811 2956/7243/1811 2954/7242/1811 2953/7241/1811
f 2960/7248/1812 2955/7247/1812 2953/7246/1812 2958/7245/1812
f 2959/7252/1813 2960/7251/1813 2958/7250/1813 2957/7249/1813
o cube
v 14.1890625 1.2332235298009218 4.496068951187312
v 14.1890625 1.249947198179116 4.369040078323792
v 14.1890625 0.36261101090704473 4.381450638644079
v 14.1890625 0.3793346792852389 4.254421765780559
v 14.0609375 1.249947198179116 4.369040078323792
v 14.0609375 1.2332235298009218 4.496068951187312
v 14.0609375 0.3793346792852389 4.254421765780559
v 14.0609375 0.36261101090704473 4.381450638644079
vt 0.0625 0.484375
vt 0.09375 0.484375
vt 0.09375 0.265625
vt 0.0625 0.265625
vt 0.09375 0.484375
vt 0.125 0.484375
vt 0.125 0.265625
vt 0.09375 0.265625
vt 0.125 0.484375
vt 0.15625 0.484375
vt 0.15625 0.265625
vt 0.125 0.265625
vt 0.15625 0.484375
vt 0.1875 0.484375
vt 0.1875 0.265625
vt 0.15625 0.265625
vn 0 0.13052619222005157 -0.9914448613738104
vn 1 0 0
vn 0 -0.13052619222005157 0.9914448613738104
vn -1 0 0
usemtl m_163779e3-ff11-1fba-b8d4-97bf6d9ea88f
f 2964/7256/1814 2967/7255/1814 2965/7254/1814 2962/7253/1814
f 2963/7260/1815 2964/7259/1815 2962/7258/1815 2961/7257/1815
f 2968/7264/1816 2963/7263/1816 2961/7262/1816 2966/7261/1816
f 2967/7268/1817 2968/7267/1817 2966/7266/1817 2965/7265/1817
o cube
v 14.1890625 1.4612859870847745 4.558312896956838
v 14.1890625 1.494447177238535 4.43455365046355
v 14.1890625 1.2167860123053542 4.492799326165263
v 14.1890625 1.249947202459115 4.369040079671975
v 14.0609375 1.494447177238535 4.43455365046355
v 14.0609375 1.4612859870847745 4.558312896956838
v 14.0609375 1.249947202459115 4.369040079671975
v 14.0609375 1.2167860123053542 4.492799326165263
vt 0.53125 0.375
vt 0.5625 0.375
vt 0.5625 0.3125
vt 0.53125 0.3125
vt 0.625 0.421875
vt 0.65625 0.421875
vt 0.65625 0.359375
vt 0.625 0.359375
vt 0.21875 0.359375
vt 0.25 0.359375
vt 0.25 0.296875
vt 0.21875 0.296875
vt 0.25 0.359375
vt 0.28125 0.359375
vt 0.28125 0.296875
vt 0.25 0.296875
vt 0.6875 0.640625
vt 0.65625 0.640625
vt 0.65625 0.671875
vt 0.6875 0.671875
vn 0 0.25881904510252074 -0.9659258262890683
vn 1 0 0
vn 0 -0.25881904510252074 0.9659258262890683
vn -1 0 0
vn 0 0.9659258262890683 0.25881904510252074
usemtl m_163779e3-ff11-1fba-b8d4-97bf6d9ea88f
f 2972/7272/1818 2975/7271/1818 2973/7270/1818 2970/7269/1818
f 2971/7276/1819 2972/7275/1819 2970/7274/1819 2969/7273/1819
f 2976/7280/1820 2971/7279/1820 2969/7278/1820 2974/7277/1820
f 2975/7284/1821 2976/7283/1821 2974/7282/1821 2973/7281/1821
f 2974/7288/1822 2969/7287/1822 2970/7286/1822 2973/7285/1822
o cube
v 12.0640625 1.4612859870847745 4.558312896956838
v 12.0640625 1.494447177238535 4.43455365046355
v 12.0640625 1.2167860123053542 4.492799326165263
v 12.0640625 1.249947202459115 4.369040079671975
v 11.9359375 1.494447177238535 4.43455365046355
v 11.9359375 1.4612859870847745 4.558312896956838
v 11.9359375 1.249947202459115 4.369040079671975
v 11.9359375 1.2167860123053542 4.492799326165263
vt 0.28125 0.359375
vt 0.3125 0.359375
vt 0.3125 0.296875
vt 0.28125 0.296875
vt 0.3125 0.359375
vt 0.34375 0.359375
vt 0.34375 0.296875
vt 0.3125 0.296875
vt 0.34375 0.359375
vt 0.375 0.359375
vt 0.375 0.296875
vt 0.34375 0.296875
vt 0.375 0.359375
vt 0.40625 0.359375
vt 0.40625 0.296875
vt 0.375 0.296875
vt 0.6875 0.359375
vt 0.65625 0.359375
vt 0.65625 0.390625
vt 0.6875 0.390625
vn 0 0.25881904510252074 -0.9659258262890683
vn 1 0 0
vn 0 -0.25881904510252074 0.9659258262890683
vn -1 0 0
vn 0 0.9659258262890683 0.25881904510252074
usemtl m_163779e3-ff11-1fba-b8d4-97bf6d9ea88f
f 2980/7292/1823 2983/7291/1823 2981/7290/1823 2978/7289/1823
f 2979/7296/1824 2980/7295/1824 2978/7294/1824 2977/7293/1824
f 2984/7300/1825 2979/7299/1825 2977/7298/1825 2982/7297/1825
f 2983/7304/1826 2984/7303/1826 2982/7302/1826 2981/7301/1826
f 2982/7308/1827 2977/7307/1827 2978/7306/1827 2981/7305/1827
o cube
v 12.0625 0.75 3.75
v 12.0625 0.7173684519449872 3.502138784656548
v 12.0625 0.6260693923282736 3.7663157740275066
v 12.0625 0.5934378442732609 3.518454558684054
v 11.9375 0.7173684519449872 3.502138784656548
v 11.9375 0.75 3.75
v 11.9375 0.5934378442732609 3.518454558684054
v 11.9375 0.6260693923282736 3.7663157740275066
vt 0.6875 0.734375
vt 0.71875 0.734375
vt 0.71875 0.703125
vt 0.6875 0.703125
vt 0.5625 0.625
vt 0.625 0.625
vt 0.625 0.59375
vt 0.5625 0.59375
vt 0.625 0.625
vt 0.6875 0.625
vt 0.6875 0.59375
vt 0.625 0.59375
vt 0.4375 0.296875
vt 0.40625 0.296875
vt 0.40625 0.359375
vt 0.4375 0.359375
vt 0.46875 0.359375
vt 0.4375 0.359375
vt 0.4375 0.296875
vt 0.46875 0.296875
vn 0 -0.13052619222005157 -0.9914448613738104
vn 1 0 0
vn -1 0 0
vn 0 0.9914448613738104 -0.13052619222005157
vn 0 -0.9914448613738104 0.13052619222005157
usemtl m_163779e3-ff11-1fba-b8d4-97bf6d9ea88f
f 2988/7312/1828 2991/7311/1828 2989/7310/1828 2986/7309/1828
f 2987/7316/1829 2988/7315/1829 2986/7314/1829 2985/7313/1829
f 2991/7320/1830 2992/7319/1830 2990/7318/1830 2989/7317/1830
f 2990/7324/1831 2985/7323/1831 2986/7322/1831 2989/7321/1831
f 2991/7328/1832 2988/7327/1832 2987/7326/1832 2992/7325/1832
o cube
v 14.1875 0.75 3.75
v 14.1875 0.7173684519449872 3.502138784656548
v 14.1875 0.6260693923282736 3.7663157740275066
v 14.1875 0.5934378442732609 3.518454558684054
v 14.0625 0.7173684519449872 3.502138784656548
v 14.0625 0.75 3.75
v 14.0625 0.5934378442732609 3.518454558684054
v 14.0625 0.6260693923282736 3.7663157740275066
vt 0.6875 0.703125
vt 0.71875 0.703125
vt 0.71875 0.671875
vt 0.6875 0.671875
vt 0.625 0.359375
vt 0.6875 0.359375
vt 0.6875 0.328125
vt 0.625 0.328125
vt 0.65625 0.765625
vt 0.71875 0.765625
vt 0.71875 0.734375
vt 0.65625 0.734375
vt 0.6875 0.671875
vt 0.65625 0.671875
vt 0.65625 0.734375
vt 0.6875 0.734375
vt 0.5 0.34375
vt 0.46875 0.34375
vt 0.46875 0.28125
vt 0.5 0.28125
vn 0 -0.13052619222005157 -0.9914448613738104
vn 1 0 0
vn -1 0 0
vn 0 0.9914448613738104 -0.13052619222005157
vn 0 -0.9914448613738104 0.13052619222005157
usemtl m_163779e3-ff11-1fba-b8d4-97bf6d9ea88f
f 2996/7332/1833 2999/7331/1833 2997/7330/1833 2994/7329/1833
f 2995/7336/1834 2996/7335/1834 2994/7334/1834 2993/7333/1834
f 2999/7340/1835 3000/7339/1835 2998/7338/1835 2997/7337/1835
f 2998/7344/1836 2993/7343/1836 2994/7342/1836 2997/7341/1836
f 2999/7348/1837 2996/7347/1837 2995/7346/1837 3000/7345/1837
o cube
v 14.1875 0.75 4.3125
v 14.1875 0.75 3.75
v 14.1875 0.625 4.3125
v 14.1875 0.625 3.75
v 14.0625 0.75 3.75
v 14.0625 0.75 4.3125
v 14.0625 0.625 3.75
v 14.0625 0.625 4.3125
vt 0.53125 0.578125
vt 0.671875 0.578125
vt 0.671875 0.546875
vt 0.53125 0.546875
vt 0.53125 0.546875
vt 0.671875 0.546875
vt 0.671875 0.515625
vt 0.53125 0.515625
vt 0.5625 0.375
vt 0.53125 0.375
vt 0.53125 0.515625
vt 0.5625 0.515625
vt 0.21875 0.453125
vt 0.1875 0.453125
vt 0.1875 0.3125
vt 0.21875 0.3125
vn 1 0 0
vn -1 0 0
vn 0 1 0
vn 0 -1 0
usemtl m_163779e3-ff11-1fba-b8d4-97bf6d9ea88f
f 3003/7352/1838 3004/7351/1838 3002/7350/1838 3001/7349/1838
f 3007/7356/1839 3008/7355/1839 3006/7354/1839 3005/7353/1839
f 3006/7360/1840 3001/7359/1840 3002/7358/1840 3005/7357/1840
f 3007/7364/1841 3004/7363/1841 3003/7362/1841 3008/7361/1841
o cube
v 14.2046875 0.4196842510710411 4.39327463035325
v 14.2046875 0.392009072755374 4.236320894716929
v 14.2046875 0.016528577181668558 4.4643618530856495
v 14.2046875 -0.01114660113399868 4.307408117449328
v 14.0453125 0.392009072755374 4.236320894716929
v 14.0453125 0.4196842510710411 4.39327463035325
v 14.0453125 -0.01114660113399868 4.307408117449328
v 14.0453125 0.016528577181668558 4.4643618530856495
vt 0.703125 0.671875
vt 0.734375 0.671875
vt 0.734375 0.578125
vt 0.703125 0.578125
vt 0.34375 0.296875
vt 0.375 0.296875
vt 0.375 0.203125
vt 0.34375 0.203125
vt 0.375 0.296875
vt 0.40625 0.296875
vt 0.40625 0.203125
vt 0.375 0.203125
vt 0.40625 0.296875
vt 0.4375 0.296875
vt 0.4375 0.203125
vt 0.40625 0.203125
vt 0.75 0.453125
vt 0.71875 0.453125
vt 0.71875 0.421875
vt 0.75 0.421875
vn 0 -0.17364817766693033 -0.984807753012208
vn 1 0 0
vn 0 0.17364817766693033 0.984807753012208
vn -1 0 0
vn 0 -0.984807753012208 0.17364817766693033
usemtl m_163779e3-ff11-1fba-b8d4-97bf6d9ea88f
f 3012/7368/1842 3015/7367/1842 3013/7366/1842 3010/7365/1842
f 3011/7372/1843 3012/7371/1843 3010/7370/1843 3009/7369/1843
f 3016/7376/1844 3011/7375/1844 3009/7374/1844 3014/7373/1844
f 3015/7380/1845 3016/7379/1845 3014/7378/1845 3013/7377/1845
f 3015/7384/1846 3012/7383/1846 3011/7382/1846 3016/7381/1846
o cube
v 12.0796875 0.4196842510710411 4.39327463035325
v 12.0796875 0.392009072755374 4.236320894716929
v 12.0796875 0.016528577181668558 4.4643618530856495
v 12.0796875 -0.01114660113399868 4.307408117449328
v 11.9203125 0.392009072755374 4.236320894716929
v 11.9203125 0.4196842510710411 4.39327463035325
v 11.9203125 -0.01114660113399868 4.307408117449328
v 11.9203125 0.016528577181668558 4.4643618530856495
vt 0.4375 0.296875
vt 0.46875 0.296875
vt 0.46875 0.203125
vt 0.4375 0.203125
vt 0.71875 0.765625
vt 0.75 0.765625
vt 0.75 0.671875
vt 0.71875 0.671875
vt 0.71875 0.578125
vt 0.75 0.578125
vt 0.75 0.484375
vt 0.71875 0.484375
vt 0.46875 0.28125
vt 0.5 0.28125
vt 0.5 0.1875
vt 0.46875 0.1875
vt 0.75 0.421875
vt 0.71875 0.421875
vt 0.71875 0.390625
vt 0.75 0.390625
vn 0 -0.17364817766693033 -0.984807753012208
vn 1 0 0
vn 0 0.17364817766693033 0.984807753012208
vn -1 0 0
vn 0 -0.984807753012208 0.17364817766693033
usemtl m_163779e3-ff11-1fba-b8d4-97bf6d9ea88f
f 3020/7388/1847 3023/7387/1847 3021/7386/1847 3018/7385/1847
f 3019/7392/1848 3020/7391/1848 3018/7390/1848 3017/7389/1848
f 3024/7396/1849 3019/7395/1849 3017/7394/1849 3022/7393/1849
f 3023/7400/1850 3024/7399/1850 3022/7398/1850 3021/7397/1850
f 3023/7404/1851 3020/7403/1851 3019/7402/1851 3024/7401/1851
o cube
v 12.0796875 0.3920090727553741 3.763679105283071
v 12.0796875 0.4196842510710411 3.6067253696467496
v 12.0796875 -0.011146601133998513 3.692591882550671
v 12.0796875 0.016528577181668558 3.5356381469143505
v 11.9203125 0.4196842510710411 3.6067253696467496
v 11.9203125 0.3920090727553741 3.763679105283071
v 11.9203125 0.016528577181668558 3.5356381469143505
v 11.9203125 -0.011146601133998513 3.692591882550671
vt 0.6875 0.53125
vt 0.71875 0.53125
vt 0.71875 0.4375
vt 0.6875 0.4375
vt 0.53125 0.3125
vt 0.5625 0.3125
vt 0.5625 0.21875
vt 0.53125 0.21875
vt 0.6875 0.4375
vt 0.71875 0.4375
vt 0.71875 0.34375
vt 0.6875 0.34375
vt 0.6875 0.34375
vt 0.71875 0.34375
vt 0.71875 0.25
vt 0.6875 0.25
vt 0.53125 0.28125
vt 0.5 0.28125
vt 0.5 0.25
vt 0.53125 0.25
vn 0 0.17364817766693033 -0.984807753012208
vn 1 0 0
vn 0 -0.17364817766693033 0.984807753012208
vn -1 0 0
vn 0 -0.984807753012208 -0.17364817766693033
usemtl m_163779e3-ff11-1fba-b8d4-97bf6d9ea88f
f 3028/7408/1852 3031/7407/1852 3029/7406/1852 3026/7405/1852
f 3027/7412/1853 3028/7411/1853 3026/7410/1853 3025/7409/1853
f 3032/7416/1854 3027/7415/1854 3025/7414/1854 3030/7413/1854
f 3031/7420/1855 3032/7419/1855 3030/7418/1855 3029/7417/1855
f 3031/7424/1856 3028/7423/1856 3027/7422/1856 3032/7421/1856
o cube
v 14.2046875 0.3920090727553741 3.763679105283071
v 14.2046875 0.4196842510710411 3.6067253696467496
v 14.2046875 -0.011146601133998513 3.692591882550671
v 14.2046875 0.016528577181668558 3.5356381469143505
v 14.0453125 0.4196842510710411 3.6067253696467496
v 14.0453125 0.3920090727553741 3.763679105283071
v 14.0453125 0.016528577181668558 3.5356381469143505
v 14.0453125 -0.011146601133998513 3.692591882550671
vt 0.21875 0.296875
vt 0.25 0.296875
vt 0.25 0.203125
vt 0.21875 0.203125
vt 0.25 0.296875
vt 0.28125 0.296875
vt 0.28125 0.203125
vt 0.25 0.203125
vt 0.28125 0.296875
vt 0.3125 0.296875
vt 0.3125 0.203125
vt 0.28125 0.203125
vt 0.3125 0.296875
vt 0.34375 0.296875
vt 0.34375 0.203125
vt 0.3125 0.203125
vt 0.75 0.484375
vt 0.71875 0.484375
vt 0.71875 0.453125
vt 0.75 0.453125
vn 0 0.17364817766693033 -0.984807753012208
vn 1 0 0
vn 0 -0.17364817766693033 0.984807753012208
vn -1 0 0
vn 0 -0.984807753012208 -0.17364817766693033
usemtl m_163779e3-ff11-1fba-b8d4-97bf6d9ea88f
f 3036/7428/1857 3039/7427/1857 3037/7426/1857 3034/7425/1857
f 3035/7432/1858 3036/7431/1858 3034/7430/1858 3033/7429/1858
f 3040/7436/1859 3035/7435/1859 3033/7434/1859 3038/7433/1859
f 3039/7440/1860 3040/7439/1860 3038/7438/1860 3037/7437/1860
f 3039/7444/1861 3036/7443/1861 3035/7442/1861 3040/7441/1861
o cube
v 12.0640625 0.6302941598204845 3.7125387918137402
v 12.0640625 0.6135704914422904 3.585509918950221
v 12.0640625 0.3793346792852388 3.7455782342194404
v 12.0640625 0.36261101090704473 3.618549361355921
v 11.9359375 0.6135704914422904 3.585509918950221
v 11.9359375 0.6302941598204845 3.7125387918137402
v 11.9359375 0.36261101090704473 3.618549361355921
v 11.9359375 0.3793346792852388 3.7455782342194404
vt 0.65625 0.515625
vt 0.6875 0.515625
vt 0.6875 0.453125
vt 0.65625 0.453125
vt 0.65625 0.453125
vt 0.6875 0.453125
vt 0.6875 0.390625
vt 0.65625 0.390625
vt 0.671875 0.59375
vt 0.703125 0.59375
vt 0.703125 0.53125
vt 0.671875 0.53125
vt 0.5625 0.328125
vt 0.59375 0.328125
vt 0.59375 0.265625
vt 0.5625 0.265625
vn 0 -0.13052619222005157 -0.9914448613738104
vn 1 0 0
vn 0 0.13052619222005157 0.9914448613738104
vn -1 0 0
usemtl m_163779e3-ff11-1fba-b8d4-97bf6d9ea88f
f 3044/7448/1862 3047/7447/1862 3045/7446/1862 3042/7445/1862
f 3043/7452/1863 3044/7451/1863 3042/7450/1863 3041/7449/1863
f 3048/7456/1864 3043/7455/1864 3041/7454/1864 3046/7453/1864
f 3047/7460/1865 3048/7459/1865 3046/7458/1865 3045/7457/1865
o cube
v 14.1890625 0.6302941598204845 3.7125387918137402
v 14.1890625 0.6135704914422904 3.585509918950221
v 14.1890625 0.3793346792852388 3.7455782342194404
v 14.1890625 0.36261101090704473 3.618549361355921
v 14.0609375 0.6135704914422904 3.585509918950221
v 14.0609375 0.6302941598204845 3.7125387918137402
v 14.0609375 0.36261101090704473 3.618549361355921
v 14.0609375 0.3793346792852388 3.7455782342194404
vt 0.59375 0.328125
vt 0.625 0.328125
vt 0.625 0.265625
vt 0.59375 0.265625
vt 0.625 0.328125
vt 0.65625 0.328125
vt 0.65625 0.265625
vt 0.625 0.265625
vt 0.65625 0.328125
vt 0.6875 0.328125
vt 0.6875 0.265625
vt 0.65625 0.265625
vt 0.1875 0.3125
vt 0.21875 0.3125
vt 0.21875 0.25
vt 0.1875 0.25
vn 0 -0.13052619222005157 -0.9914448613738104
vn 1 0 0
vn 0 0.13052619222005157 0.9914448613738104
vn -1 0 0
usemtl m_163779e3-ff11-1fba-b8d4-97bf6d9ea88f
f 3052/7464/1866 3055/7463/1866 3053/7462/1866 3050/7461/1866
f 3051/7468/1867 3052/7467/1867 3050/7466/1867 3049/7465/1867
f 3056/7472/1868 3051/7471/1868 3049/7470/1868 3054/7469/1868
f 3055/7476/1869 3056/7475/1869 3054/7474/1869 3053/7473/1869
o cube
v 12 0.5 4.3125
v 12 0.5 3.6875
v 12 0.3125 4.3125
v 12 0.3125 3.6875
v 12 0.5 3.6875
v 12 0.5 4.3125
v 12 0.3125 3.6875
v 12 0.3125 4.3125
vt 0.5 0.765625
vt 0.65625 0.765625
vt 0.65625 0.71875
vt 0.5 0.71875
vn -1 0 0
usemtl m_163779e3-ff11-1fba-b8d4-97bf6d9ea88f
f 3063/7480/1870 3064/7479/1870 3062/7478/1870 3061/7477/1870
o cube
v 14.125 0.5 4.3125
v 14.125 0.5 3.6875
v 14.125 0.3125 4.3125
v 14.125 0.3125 3.6875
v 14.125 0.5 3.6875
v 14.125 0.5 4.3125
v 14.125 0.3125 3.6875
v 14.125 0.3125 4.3125
vt 0.65625 0.765625
vt 0.5 0.765625
vt 0.5 0.71875
vt 0.65625 0.71875
vn 1 0 0
usemtl m_163779e3-ff11-1fba-b8d4-97bf6d9ea88f
f 3067/7484/1871 3068/7483/1871 3066/7482/1871 3065/7481/1871
o cube
v 10.8109375 0.7484375000000001 4.3734375
v 10.8109375 0.7484375000000001 3.5640625000000004
v 10.8109375 0.6265624999999999 4.3734375
v 10.8109375 0.6265624999999999 3.5640625000000004
v 8.5640625 0.7484375000000001 3.5640625000000004
v 8.5640625 0.7484375000000001 4.3734375
v 8.5640625 0.6265624999999999 3.5640625000000004
v 8.5640625 0.6265624999999999 4.3734375
vt 0.25 0.7734375
vt 0.53125 0.7734375
vt 0.53125 0.7578125
vt 0.25 0.7578125
vt 0.1796875 0.6953125
vt 0.28125 0.6953125
vt 0.28125 0.6796875
vt 0.1796875 0.6796875
vt 0.25 0.7578125
vt 0.53125 0.7578125
vt 0.53125 0.7421875
vt 0.25 0.7421875
vt 0.28125 0.6953125
vt 0.3828125 0.6953125
vt 0.3828125 0.6796875
vt 0.28125 0.6796875
vt 0.28125 0.8984375
vt 0 0.8984375
vt 0 1
vt 0.28125 1
vt 0.28125 0.8984375
vt 0 0.8984375
vt 0 0.796875
vt 0.28125 0.796875
vn 0 0 -1
vn 1 0 0
vn 0 0 1
vn -1 0 0
vn 0 1 0
vn 0 -1 0
usemtl m_70eba35e-ee17-b48a-5b29-8881a3541c48
f 3076/7488/1872 3079/7487/1872 3077/7486/1872 3074/7485/1872
f 3075/7492/1873 3076/7491/1873 3074/7490/1873 3073/7489/1873
f 3080/7496/1874 3075/7495/1874 3073/7494/1874 3078/7493/1874
f 3079/7500/1875 3080/7499/1875 3078/7498/1875 3077/7497/1875
f 3078/7504/1876 3073/7503/1876 3074/7502/1876 3077/7501/1876
f 3079/7508/1877 3076/7507/1877 3075/7506/1877 3080/7505/1877
o cube
v 8.6875 0.6875 3.6875
v 8.6875 0.6875 3.5625
v 8.6875 0 3.6875
v 8.6875 0 3.5625
v 8.5625 0.6875 3.5625
v 8.5625 0.6875 3.6875
v 8.5625 0 3.5625
v 8.5625 0 3.6875
vt 0.3203125 0.953125
vt 0.3359375 0.953125
vt 0.3359375 0.8671875
vt 0.3203125 0.8671875
vt 0.1796875 0.6796875
vt 0.1953125 0.6796875
vt 0.1953125 0.59375
vt 0.1796875 0.59375
vt 0.1953125 0.6796875
vt 0.2109375 0.6796875
vt 0.2109375 0.59375
vt 0.1953125 0.59375
vt 0.2109375 0.6796875
vt 0.2265625 0.6796875
vt 0.2265625 0.59375
vt 0.2109375 0.59375
vt 0.2265625 0.578125
vt 0.2109375 0.578125
vt 0.2109375 0.59375
vt 0.2265625 0.59375
vt 0.2421875 0.59375
vt 0.2265625 0.59375
vt 0.2265625 0.578125
vt 0.2421875 0.578125
vn 0 0 -1
vn 1 0 0
vn 0 0 1
vn -1 0 0
vn 0 1 0
vn 0 -1 0
usemtl m_70eba35e-ee17-b48a-5b29-8881a3541c48
f 3084/7512/1878 3087/7511/1878 3085/7510/1878 3082/7509/1878
f 3083/7516/1879 3084/7515/1879 3082/7514/1879 3081/7513/1879
f 3088/7520/1880 3083/7519/1880 3081/7518/1880 3086/7517/1880
f 3087/7524/1881 3088/7523/1881 3086/7522/1881 3085/7521/1881
f 3086/7528/1882 3081/7527/1882 3082/7526/1882 3085/7525/1882
f 3087/7532/1883 3084/7531/1883 3083/7530/1883 3088/7529/1883
o cube
v 8.6875 0.6875 4.3125
v 8.6875 0.6875 3.6875
v 8.6875 0.5625 4.3125
v 8.6875 0.5625 3.6875
v 8.5625 0.6875 3.6875
v 8.5625 0.6875 4.3125
v 8.5625 0.5625 3.6875
v 8.5625 0.5625 4.3125
vt 0.3203125 0.8671875
vt 0.3984375 0.8671875
vt 0.3984375 0.8515625
vt 0.3203125 0.8515625
vt 0.3203125 0.8515625
vt 0.3984375 0.8515625
vt 0.3984375 0.8359375
vt 0.3203125 0.8359375
vt 0.3828125 0.6015625
vt 0.3671875 0.6015625
vt 0.3671875 0.6796875
vt 0.3828125 0.6796875
vt 0.3984375 0.953125
vt 0.3828125 0.953125
vt 0.3828125 0.875
vt 0.3984375 0.875
vn 1 0 0
vn -1 0 0
vn 0 1 0
vn 0 -1 0
usemtl m_70eba35e-ee17-b48a-5b29-8881a3541c48
f 3091/7536/1884 3092/7535/1884 3090/7534/1884 3089/7533/1884
f 3095/7540/1885 3096/7539/1885 3094/7538/1885 3093/7537/1885
f 3094/7544/1886 3089/7543/1886 3090/7542/1886 3093/7541/1886
f 3095/7548/1887 3092/7547/1887 3091/7546/1887 3096/7545/1887
o cube
v 8.6875 0.6875 4.4375
v 8.6875 0.6875 4.3125
v 8.6875 0 4.4375
v 8.6875 0 4.3125
v 8.5625 0.6875 4.3125
v 8.5625 0.6875 4.4375
v 8.5625 0 4.3125
v 8.5625 0 4.4375
vt 0.2265625 0.6796875
vt 0.2421875 0.6796875
vt 0.2421875 0.59375
vt 0.2265625 0.59375
vt 0.2421875 0.6796875
vt 0.2578125 0.6796875
vt 0.2578125 0.59375
vt 0.2421875 0.59375
vt 0.2578125 0.6796875
vt 0.2734375 0.6796875
vt 0.2734375 0.59375
vt 0.2578125 0.59375
vt 0.2734375 0.6796875
vt 0.2890625 0.6796875
vt 0.2890625 0.59375
vt 0.2734375 0.59375
vt 0.2578125 0.59375
vt 0.2421875 0.59375
vt 0.2421875 0.578125
vt 0.2578125 0.578125
vn 0 0 -1
vn 1 0 0
vn 0 0 1
vn -1 0 0
vn 0 -1 0
usemtl m_70eba35e-ee17-b48a-5b29-8881a3541c48
f 3100/7552/1888 3103/7551/1888 3101/7550/1888 3098/7549/1888
f 3099/7556/1889 3100/7555/1889 3098/7554/1889 3097/7553/1889
f 3104/7560/1890 3099/7559/1890 3097/7558/1890 3102/7557/1890
f 3103/7564/1891 3104/7563/1891 3102/7562/1891 3101/7561/1891
f 3103/7568/1892 3100/7567/1892 3099/7566/1892 3104/7565/1892
o cube
v 8.6875 1 3.6875
v 8.6875 1 3.5625
v 8.6875 0.6875 3.6875
v 8.6875 0.6875 3.5625
v 8.5625 1 3.5625
v 8.5625 1 3.6875
v 8.5625 0.6875 3.5625
v 8.5625 0.6875 3.6875
vt 0.3984375 0.84375
vt 0.4140625 0.84375
vt 0.4140625 0.8046875
vt 0.3984375 0.8046875
vt 0.3984375 0.6796875
vt 0.4140625 0.6796875
vt 0.4140625 0.640625
vt 0.3984375 0.640625
vt 0.3984375 0.640625
vt 0.4140625 0.640625
vt 0.4140625 0.6015625
vt 0.3984375 0.6015625
vt 0.3671875 0.6015625
vt 0.3828125 0.6015625
vt 0.3828125 0.5625
vt 0.3671875 0.5625
vn 0 0 -1
vn 1 0 0
vn 0 0 1
vn -1 0 0
usemtl m_70eba35e-ee17-b48a-5b29-8881a3541c48
f 3108/7572/1893 3111/7571/1893 3109/7570/1893 3106/7569/1893
f 3107/7576/1894 3108/7575/1894 3106/7574/1894 3105/7573/1894
f 3112/7580/1895 3107/7579/1895 3105/7578/1895 3110/7577/1895
f 3111/7584/1896 3112/7583/1896 3110/7582/1896 3109/7581/1896
o cube
v 8.6890625 1.6174219301554542 4.479843885340581
v 8.6890625 1.623010664161638 4.351840831950405
v 8.6890625 0.6776921967300196 4.438814399100062
v 8.6890625 0.6832809307362033 4.310811345709886
v 8.5609375 1.623010664161638 4.351840831950405
v 8.5609375 1.6174219301554542 4.479843885340581
v 8.5609375 0.6832809307362033 4.310811345709886
v 8.5609375 0.6776921967300196 4.438814399100062
vt 0.0703125 0.7109375
vt 0.0859375 0.7109375
vt 0.0859375 0.59375
vt 0.0703125 0.59375
vt 0.0859375 0.7109375
vt 0.1015625 0.7109375
vt 0.1015625 0.59375
vt 0.0859375 0.59375
vt 0.1015625 0.7109375
vt 0.1171875 0.7109375
vt 0.1171875 0.59375
vt 0.1015625 0.59375
vt 0.1171875 0.7109375
vt 0.1328125 0.7109375
vt 0.1328125 0.59375
vt 0.1171875 0.59375
vt 0.2734375 0.578125
vt 0.2578125 0.578125
vt 0.2578125 0.59375
vt 0.2734375 0.59375
vn 0 0.043619387365336 -0.9990482215818578
vn 1 0 0
vn 0 -0.043619387365336 0.9990482215818578
vn -1 0 0
vn 0 0.9990482215818578 0.043619387365336
usemtl m_70eba35e-ee17-b48a-5b29-8881a3541c48
f 3116/7588/1897 3119/7587/1897 3117/7586/1897 3114/7585/1897
f 3115/7592/1898 3116/7591/1898 3114/7590/1898 3113/7589/1898
f 3120/7596/1899 3115/7595/1899 3113/7594/1899 3118/7593/1899
f 3119/7600/1900 3120/7599/1900 3118/7598/1900 3117/7597/1900
f 3118/7604/1901 3113/7603/1901 3114/7602/1901 3117/7601/1901
o cube
v 8.6859375 1.145240011694822 4.438257464947799
v 8.6859375 1.1044831466253362 3.50477178290725
v 8.6859375 1.0234810096895328 4.443573577782949
v 8.6859375 0.9827241446200472 3.5100878957424015
v 8.5015625 1.1044831466253362 3.50477178290725
v 8.5015625 1.145240011694822 4.438257464947799
v 8.5015625 0.9827241446200472 3.5100878957424015
v 8.5015625 1.0234810096895328 4.443573577782949
vt 0.03125 0.59375
vt 0.0546875 0.59375
vt 0.0546875 0.578125
vt 0.03125 0.578125
vt 0.28125 0.8359375
vt 0.3984375 0.8359375
vt 0.3984375 0.8203125
vt 0.28125 0.8203125
vt 0.0546875 0.59375
vt 0.078125 0.59375
vt 0.078125 0.578125
vt 0.0546875 0.578125
vt 0.28125 0.8203125
vt 0.3984375 0.8203125
vt 0.3984375 0.8046875
vt 0.28125 0.8046875
vt 0.3046875 0.8359375
vt 0.28125 0.8359375
vt 0.28125 0.953125
vt 0.3046875 0.953125
vt 0.0234375 0.7109375
vt 0 0.7109375
vt 0 0.59375
vt 0.0234375 0.59375
vn 0 -0.043619387365336 -0.9990482215818578
vn 1 0 0
vn 0 0.043619387365336 0.9990482215818578
vn -1 0 0
vn 0 0.9990482215818578 -0.043619387365336
vn 0 -0.9990482215818578 0.043619387365336
usemtl m_70eba35e-ee17-b48a-5b29-8881a3541c48
f 3124/7608/1902 3127/7607/1902 3125/7606/1902 3122/7605/1902
f 3123/7612/1903 3124/7611/1903 3122/7610/1903 3121/7609/1903
f 3128/7616/1904 3123/7615/1904 3121/7614/1904 3126/7613/1904
f 3127/7620/1905 3128/7619/1905 3126/7618/1905 3125/7617/1905
f 3126/7624/1906 3121/7623/1906 3122/7622/1906 3125/7621/1906
f 3127/7628/1907 3124/7627/1907 3123/7626/1907 3128/7625/1907
o cube
v 10.8734375 1.145240011694822 4.438257464947799
v 10.8734375 1.1044831466253362 3.50477178290725
v 10.8734375 1.0234810096895328 4.443573577782949
v 10.8734375 0.9827241446200472 3.5100878957424015
v 10.6890625 1.1044831466253362 3.50477178290725
v 10.6890625 1.145240011694822 4.438257464947799
v 10.6890625 0.9827241446200472 3.5100878957424015
v 10.6890625 1.0234810096895328 4.443573577782949
vt 0.078125 0.59375
vt 0.1015625 0.59375
vt 0.1015625 0.578125
vt 0.078125 0.578125
vt 0.1328125 0.7109375
vt 0.25 0.7109375
vt 0.25 0.6953125
vt 0.1328125 0.6953125
vt 0.1015625 0.59375
vt 0.125 0.59375
vt 0.125 0.578125
vt 0.1015625 0.578125
vt 0.25 0.7109375
vt 0.3671875 0.7109375
vt 0.3671875 0.6953125
vt 0.25 0.6953125
vt 0.046875 0.59375
vt 0.0234375 0.59375
vt 0.0234375 0.7109375
vt 0.046875 0.7109375
vt 0.0703125 0.7109375
vt 0.046875 0.7109375
vt 0.046875 0.59375
vt 0.0703125 0.59375
vn 0 -0.043619387365336 -0.9990482215818578
vn 1 0 0
vn 0 0.043619387365336 0.9990482215818578
vn -1 0 0
vn 0 0.9990482215818578 -0.043619387365336
vn 0 -0.9990482215818578 0.043619387365336
usemtl m_70eba35e-ee17-b48a-5b29-8881a3541c48
f 3132/7632/1908 3135/7631/1908 3133/7630/1908 3130/7629/1908
f 3131/7636/1909 3132/7635/1909 3130/7634/1909 3129/7633/1909
f 3136/7640/1910 3131/7639/1910 3129/7638/1910 3134/7637/1910
f 3135/7644/1911 3136/7643/1911 3134/7642/1911 3133/7641/1911
f 3134/7648/1912 3129/7647/1912 3130/7646/1912 3133/7645/1912
f 3135/7652/1913 3132/7651/1913 3131/7650/1913 3136/7649/1913
o cube
v 10.8140625 1.6174219301554542 4.479843885340581
v 10.8140625 1.623010664161638 4.351840831950405
v 10.8140625 0.6776921967300196 4.438814399100062
v 10.8140625 0.6832809307362033 4.310811345709886
v 10.6859375 1.623010664161638 4.351840831950405
v 10.6859375 1.6174219301554542 4.479843885340581
v 10.6859375 0.6832809307362033 4.310811345709886
v 10.6859375 0.6776921967300196 4.438814399100062
vt 0.3046875 0.953125
vt 0.3203125 0.953125
vt 0.3203125 0.8359375
vt 0.3046875 0.8359375
vt 0.1328125 0.6953125
vt 0.1484375 0.6953125
vt 0.1484375 0.578125
vt 0.1328125 0.578125
vt 0.1484375 0.6953125
vt 0.1640625 0.6953125
vt 0.1640625 0.578125
vt 0.1484375 0.578125
vt 0.1640625 0.6953125
vt 0.1796875 0.6953125
vt 0.1796875 0.578125
vt 0.1640625 0.578125
vt 0.2890625 0.578125
vt 0.2734375 0.578125
vt 0.2734375 0.59375
vt 0.2890625 0.59375
vn 0 0.043619387365336 -0.9990482215818578
vn 1 0 0
vn 0 -0.043619387365336 0.9990482215818578
vn -1 0 0
vn 0 0.9990482215818578 0.043619387365336
usemtl m_70eba35e-ee17-b48a-5b29-8881a3541c48
f 3140/7656/1914 3143/7655/1914 3141/7654/1914 3138/7653/1914
f 3139/7660/1915 3140/7659/1915 3138/7658/1915 3137/7657/1915
f 3144/7664/1916 3139/7663/1916 3137/7662/1916 3142/7661/1916
f 3143/7668/1917 3144/7667/1917 3142/7666/1917 3141/7665/1917
f 3142/7672/1918 3137/7671/1918 3138/7670/1918 3141/7669/1918
o cube
v 10.8125 1 3.6875
v 10.8125 1 3.5625
v 10.8125 0.6875 3.6875
v 10.8125 0.6875 3.5625
v 10.6875 1 3.5625
v 10.6875 1 3.6875
v 10.6875 0.6875 3.5625
v 10.6875 0.6875 3.6875
vt 0.3828125 0.6015625
vt 0.3984375 0.6015625
vt 0.3984375 0.5625
vt 0.3828125 0.5625
vt 0.3984375 0.6015625
vt 0.4140625 0.6015625
vt 0.4140625 0.5625
vt 0.3984375 0.5625
vt 0 0.59375
vt 0.015625 0.59375
vt 0.015625 0.5546875
vt 0 0.5546875
vt 0.015625 0.59375
vt 0.03125 0.59375
vt 0.03125 0.5546875
vt 0.015625 0.5546875
vn 0 0 -1
vn 1 0 0
vn 0 0 1
vn -1 0 0
usemtl m_70eba35e-ee17-b48a-5b29-8881a3541c48
f 3148/7676/1919 3151/7675/1919 3149/7674/1919 3146/7673/1919
f 3147/7680/1920 3148/7679/1920 3146/7678/1920 3145/7677/1920
f 3152/7684/1921 3147/7683/1921 3145/7682/1921 3150/7681/1921
f 3151/7688/1922 3152/7687/1922 3150/7686/1922 3149/7685/1922
o cube
v 10.8125 0.6875 4.4375
v 10.8125 0.6875 4.3125
v 10.8125 0 4.4375
v 10.8125 0 4.3125
v 10.6875 0.6875 4.3125
v 10.6875 0.6875 4.4375
v 10.6875 0 4.3125
v 10.6875 0 4.4375
vt 0.2890625 0.6796875
vt 0.3046875 0.6796875
vt 0.3046875 0.59375
vt 0.2890625 0.59375
vt 0.3046875 0.6796875
vt 0.3203125 0.6796875
vt 0.3203125 0.59375
vt 0.3046875 0.59375
vt 0.3203125 0.6796875
vt 0.3359375 0.6796875
vt 0.3359375 0.59375
vt 0.3203125 0.59375
vt 0.3359375 0.953125
vt 0.3515625 0.953125
vt 0.3515625 0.8671875
vt 0.3359375 0.8671875
vt 0.3046875 0.59375
vt 0.2890625 0.59375
vt 0.2890625 0.578125
vt 0.3046875 0.578125
vn 0 0 -1
vn 1 0 0
vn 0 0 1
vn -1 0 0
vn 0 -1 0
usemtl m_70eba35e-ee17-b48a-5b29-8881a3541c48
f 3156/7692/1923 3159/7691/1923 3157/7690/1923 3154/7689/1923
f 3155/7696/1924 3156/7695/1924 3154/7694/1924 3153/7693/1924
f 3160/7700/1925 3155/7699/1925 3153/7698/1925 3158/7697/1925
f 3159/7704/1926 3160/7703/1926 3158/7702/1926 3157/7701/1926
f 3159/7708/1927 3156/7707/1927 3155/7706/1927 3160/7705/1927
o cube
v 10.8125 0.6875 4.3125
v 10.8125 0.6875 3.6875
v 10.8125 0.5625 4.3125
v 10.8125 0.5625 3.6875
v 10.6875 0.6875 3.6875
v 10.6875 0.6875 4.3125
v 10.6875 0.5625 3.6875
v 10.6875 0.5625 4.3125
vt 0.3671875 0.7109375
vt 0.4453125 0.7109375
vt 0.4453125 0.6953125
vt 0.3671875 0.6953125
vt 0.3828125 0.6953125
vt 0.4609375 0.6953125
vt 0.4609375 0.6796875
vt 0.3828125 0.6796875
vt 0.3984375 0.6015625
vt 0.3828125 0.6015625
vt 0.3828125 0.6796875
vt 0.3984375 0.6796875
vt 0.4140625 0.953125
vt 0.3984375 0.953125
vt 0.3984375 0.875
vt 0.4140625 0.875
vn 1 0 0
vn -1 0 0
vn 0 1 0
vn 0 -1 0
usemtl m_70eba35e-ee17-b48a-5b29-8881a3541c48
f 3163/7712/1928 3164/7711/1928 3162/7710/1928 3161/7709/1928
f 3167/7716/1929 3168/7715/1929 3166/7714/1929 3165/7713/1929
f 3166/7720/1930 3161/7719/1930 3162/7718/1930 3165/7717/1930
f 3167/7724/1931 3164/7723/1931 3163/7722/1931 3168/7721/1931
o cube
v 10.8125 0.6875 3.6875
v 10.8125 0.6875 3.5625
v 10.8125 0 3.6875
v 10.8125 0 3.5625
v 10.6875 0.6875 3.5625
v 10.6875 0.6875 3.6875
v 10.6875 0 3.5625
v 10.6875 0 3.6875
vt 0.3359375 0.6796875
vt 0.3515625 0.6796875
vt 0.3515625 0.59375
vt 0.3359375 0.59375
vt 0.3515625 0.953125
vt 0.3671875 0.953125
vt 0.3671875 0.8671875
vt 0.3515625 0.8671875
vt 0.3515625 0.6796875
vt 0.3671875 0.6796875
vt 0.3671875 0.59375
vt 0.3515625 0.59375
vt 0.3671875 0.953125
vt 0.3828125 0.953125
vt 0.3828125 0.8671875
vt 0.3671875 0.8671875
vt 0.3203125 0.578125
vt 0.3046875 0.578125
vt 0.3046875 0.59375
vt 0.3203125 0.59375
vt 0.3359375 0.59375
vt 0.3203125 0.59375
vt 0.3203125 0.578125
vt 0.3359375 0.578125
vn 0 0 -1
vn 1 0 0
vn 0 0 1
vn -1 0 0
vn 0 1 0
vn 0 -1 0
usemtl m_70eba35e-ee17-b48a-5b29-8881a3541c48
f 3172/7728/1932 3175/7727/1932 3173/7726/1932 3170/7725/1932
f 3171/7732/1933 3172/7731/1933 3170/7730/1933 3169/7729/1933
f 3176/7736/1934 3171/7735/1934 3169/7734/1934 3174/7733/1934
f 3175/7740/1935 3176/7739/1935 3174/7738/1935 3173/7737/1935
f 3174/7744/1936 3169/7743/1936 3170/7742/1936 3173/7741/1936
f 3175/7748/1937 3172/7747/1937 3171/7746/1937 3176/7745/1937
o cube
v 10.6875 0.99152393411333 4.450952600098265
v 10.6875 0.9969763575339969 4.326071572400534
v 10.6875 0.866642906415598 4.445500176677599
v 10.6875 0.872095329836265 4.320619148979866
v 8.6875 0.9969763575339969 4.326071572400534
v 8.6875 0.99152393411333 4.450952600098265
v 8.6875 0.872095329836265 4.320619148979866
v 8.6875 0.866642906415598 4.445500176677599
vt 0.25 0.7421875
vt 0.5 0.7421875
vt 0.5 0.7265625
vt 0.25 0.7265625
vt 0.3359375 0.59375
vt 0.3515625 0.59375
vt 0.3515625 0.578125
vt 0.3359375 0.578125
vt 0 0.7265625
vt 0.25 0.7265625
vt 0.25 0.7109375
vt 0 0.7109375
vt 0.3515625 0.59375
vt 0.3671875 0.59375
vt 0.3671875 0.578125
vt 0.3515625 0.578125
vt 0.5 0.7109375
vt 0.25 0.7109375
vt 0.25 0.7265625
vt 0.5 0.7265625
vt 0.53125 1
vt 0.28125 1
vt 0.28125 0.984375
vt 0.53125 0.984375
vn 0 0.043619387365336 -0.9990482215818578
vn 1 0 0
vn 0 -0.043619387365336 0.9990482215818578
vn -1 0 0
vn 0 0.9990482215818578 0.043619387365336
vn 0 -0.9990482215818578 -0.043619387365336
usemtl m_70eba35e-ee17-b48a-5b29-8881a3541c48
f 3180/7752/1938 3183/7751/1938 3181/7750/1938 3178/7749/1938
f 3179/7756/1939 3180/7755/1939 3178/7754/1939 3177/7753/1939
f 3184/7760/1940 3179/7759/1940 3177/7758/1940 3182/7757/1940
f 3183/7764/1941 3184/7763/1941 3182/7762/1941 3181/7761/1941
f 3182/7768/1942 3177/7767/1942 3178/7766/1942 3181/7765/1942
f 3183/7772/1943 3180/7771/1943 3179/7770/1943 3184/7769/1943
o cube
v 10.6875 1.5534885587531253 4.475488505491267
v 10.6875 1.5589409821737918 4.350607477793535
v 10.6875 1.3661670172065268 4.467309870360267
v 10.6875 1.3716194406271938 4.342428842662534
v 8.6875 1.5589409821737918 4.350607477793535
v 8.6875 1.5534885587531253 4.475488505491267
v 8.6875 1.3716194406271938 4.342428842662534
v 8.6875 1.3661670172065268 4.467309870360267
vt 0 0.75
vt 0.25 0.75
vt 0.25 0.7265625
vt 0 0.7265625
vt 0.1796875 0.59375
vt 0.1953125 0.59375
vt 0.1953125 0.5703125
vt 0.1796875 0.5703125
vt 0.25 0.796875
vt 0.5 0.796875
vt 0.5 0.7734375
vt 0.25 0.7734375
vt 0.1953125 0.59375
vt 0.2109375 0.59375
vt 0.2109375 0.5703125
vt 0.1953125 0.5703125
vt 0.53125 0.96875
vt 0.28125 0.96875
vt 0.28125 0.984375
vt 0.53125 0.984375
vt 0.53125 0.96875
vt 0.28125 0.96875
vt 0.28125 0.953125
vt 0.53125 0.953125
vn 0 0.043619387365336 -0.9990482215818578
vn 1 0 0
vn 0 -0.043619387365336 0.9990482215818578
vn -1 0 0
vn 0 0.9990482215818578 0.043619387365336
vn 0 -0.9990482215818578 -0.043619387365336
usemtl m_70eba35e-ee17-b48a-5b29-8881a3541c48
f 3188/7776/1944 3191/7775/1944 3189/7774/1944 3186/7773/1944
f 3187/7780/1945 3188/7779/1945 3186/7778/1945 3185/7777/1945
f 3192/7784/1946 3187/7783/1946 3185/7782/1946 3190/7781/1946
f 3191/7788/1947 3192/7787/1947 3190/7786/1947 3189/7785/1947
f 3190/7792/1948 3185/7791/1948 3186/7790/1948 3189/7789/1948
f 3191/7796/1949 3188/7795/1949 3187/7794/1949 3192/7793/1949
o cube
v 10.6875 1.363440805496193 4.529750384209133
v 10.6875 1.3688932289168603 4.4048693565114005
v 10.6875 0.9887977224029967 4.5133931139471315
v 10.6875 0.9942501458236637 4.3885120862494
v 8.6875 1.3688932289168603 4.4048693565114005
v 8.6875 1.363440805496193 4.529750384209133
v 8.6875 0.9942501458236637 4.3885120862494
v 8.6875 0.9887977224029967 4.5133931139471315
vt 0 0.796875
vt 0.25 0.796875
vt 0.25 0.75
vt 0 0.75
vn 0 0.043619387365336 -0.9990482215818578
usemtl m_70eba35e-ee17-b48a-5b29-8881a3541c48
f 3196/7800/1950 3199/7799/1950 3197/7798/1950 3194/7797/1950
o cube
v 8.625 0.375 4.3125
v 8.625 0.375 3.6875
v 8.625 0.25 4.3125
v 8.625 0.25 3.6875
v 8.625 0.375 3.6875
v 8.625 0.375 4.3125
v 8.625 0.25 3.6875
v 8.625 0.25 4.3125
vt 0.3984375 0.875
vt 0.4765625 0.875
vt 0.4765625 0.859375
vt 0.3984375 0.859375
vn 1 0 0
usemtl m_70eba35e-ee17-b48a-5b29-8881a3541c48
f 3203/7804/1951 3204/7803/1951 3202/7802/1951 3201/7801/1951
o cube
v 10.75 0.375 4.3125
v 10.75 0.375 3.6875
v 10.75 0.25 4.3125
v 10.75 0.25 3.6875
v 10.75 0.375 3.6875
v 10.75 0.375 4.3125
v 10.75 0.25 3.6875
v 10.75 0.25 4.3125
vt 0.3984375 0.859375
vt 0.4765625 0.859375
vt 0.4765625 0.84375
vt 0.3984375 0.84375
vn -1 0 0
usemtl m_70eba35e-ee17-b48a-5b29-8881a3541c48
f 3215/7808/1952 3216/7807/1952 3214/7806/1952 3213/7805/1952
o cube
v 7.125 0.8125 4.375
v 7.125 0.8125 3.625
v 7.125 0.6875 4.375
v 7.125 0.6875 3.625
v 5.125 0.8125 3.625
v 5.125 0.8125 4.375
v 5.125 0.6875 3.625
v 5.125 0.6875 4.375
vt 0 0.78125
vt 0.25 0.78125
vt 0.25 0.765625
vt 0 0.765625
vt 0 0.71875
vt 0.09375 0.71875
vt 0.09375 0.703125
vt 0 0.703125
vt 0 0.765625
vt 0.25 0.765625
vt 0.25 0.75
vt 0 0.75
vt 0.2734375 0.7109375
vt 0.3671875 0.7109375
vt 0.3671875 0.6953125
vt 0.2734375 0.6953125
vt 0.25 0.90625
vt 0 0.90625
vt 0 1
vt 0.25 1
vt 0.25 0.90625
vt 0 0.90625
vt 0 0.8125
vt 0.25 0.8125
vn 0 0 -1
vn 1 0 0
vn 0 0 1
vn -1 0 0
vn 0 1 0
vn 0 -1 0
usemtl m_52d523a5-fec9-b5d6-79bb-cc59ab29dde6
f 3220/7812/1953 3223/7811/1953 3221/7810/1953 3218/7809/1953
f 3219/7816/1954 3220/7815/1954 3218/7814/1954 3217/7813/1954
f 3224/7820/1955 3219/7819/1955 3217/7818/1955 3222/7817/1955
f 3223/7824/1956 3224/7823/1956 3222/7822/1956 3221/7821/1956
f 3222/7828/1957 3217/7827/1957 3218/7826/1957 3221/7825/1957
f 3223/7832/1958 3220/7831/1958 3219/7830/1958 3224/7829/1958
o cube
v 7.3125 0.625 3.75
v 7.3125 0.625 3.5625
v 7.3125 0.1875 3.75
v 7.3125 0.1875 3.5625
v 7.125 0.625 3.5625
v 7.125 0.625 3.75
v 7.125 0.1875 3.5625
v 7.125 0.1875 3.75
vt 0.296875 0.6953125
vt 0.3203125 0.6953125
vt 0.3203125 0.640625
vt 0.296875 0.640625
vt 0.3203125 0.90625
vt 0.34375 0.90625
vt 0.34375 0.8515625
vt 0.3203125 0.8515625
vt 0.3203125 0.8515625
vt 0.34375 0.8515625
vt 0.34375 0.796875
vt 0.3203125 0.796875
vt 0.3203125 0.6953125
vt 0.34375 0.6953125
vt 0.34375 0.640625
vt 0.3203125 0.640625
vn 0 0 -1
vn 1 0 0
vn 0 0 1
vn -1 0 0
usemtl m_52d523a5-fec9-b5d6-79bb-cc59ab29dde6
f 3228/7836/1959 3231/7835/1959 3229/7834/1959 3226/7833/1959
f 3227/7840/1960 3228/7839/1960 3226/7838/1960 3225/7837/1960
f 3232/7844/1961 3227/7843/1961 3225/7842/1961 3230/7841/1961
f 3231/7848/1962 3232/7847/1962 3230/7846/1962 3229/7845/1962
o cube
v 7.3125 0.625 4.4375
v 7.3125 0.625 4.25
v 7.3125 0.1875 4.4375
v 7.3125 0.1875 4.25
v 7.125 0.625 4.25
v 7.125 0.625 4.4375
v 7.125 0.1875 4.25
v 7.125 0.1875 4.4375
vt 0.2265625 0.671875
vt 0.25 0.671875
vt 0.25 0.6171875
vt 0.2265625 0.6171875
vt 0.25 0.6640625
vt 0.2734375 0.6640625
vt 0.2734375 0.609375
vt 0.25 0.609375
vt 0.34375 0.90625
vt 0.3671875 0.90625
vt 0.3671875 0.8515625
vt 0.34375 0.8515625
vt 0.34375 0.8515625
vt 0.3671875 0.8515625
vt 0.3671875 0.796875
vt 0.34375 0.796875
vn 0 0 -1
vn 1 0 0
vn 0 0 1
vn -1 0 0
usemtl m_52d523a5-fec9-b5d6-79bb-cc59ab29dde6
f 3236/7852/1963 3239/7851/1963 3237/7850/1963 3234/7849/1963
f 3235/7856/1964 3236/7855/1964 3234/7854/1964 3233/7853/1964
f 3240/7860/1965 3235/7859/1965 3233/7858/1965 3238/7857/1965
f 3239/7864/1966 3240/7863/1966 3238/7862/1966 3237/7861/1966
o cube
v 7.3125 0.875 4.4375
v 7.3125 0.875 3.5625
v 7.3125 0.625 4.4375
v 7.3125 0.625 3.5625
v 7.125 0.875 3.5625
v 7.125 0.875 4.4375
v 7.125 0.625 3.5625
v 7.125 0.625 4.4375
vt 0 0.6484375
vt 0.0234375 0.6484375
vt 0.0234375 0.6171875
vt 0 0.6171875
vt 0.25 0.96875
vt 0.359375 0.96875
vt 0.359375 0.9375
vt 0.25 0.9375
vt 0.0234375 0.6484375
vt 0.046875 0.6484375
vt 0.046875 0.6171875
vt 0.0234375 0.6171875
vt 0.25 0.9375
vt 0.359375 0.9375
vt 0.359375 0.90625
vt 0.25 0.90625
vt 0.15625 0.6171875
vt 0.1328125 0.6171875
vt 0.1328125 0.7265625
vt 0.15625 0.7265625
vt 0.1796875 0.7265625
vt 0.15625 0.7265625
vt 0.15625 0.6171875
vt 0.1796875 0.6171875
vn 0 0 -1
vn 1 0 0
vn 0 0 1
vn -1 0 0
vn 0 1 0
vn 0 -1 0
usemtl m_52d523a5-fec9-b5d6-79bb-cc59ab29dde6
f 3244/7868/1967 3247/7867/1967 3245/7866/1967 3242/7865/1967
f 3243/7872/1968 3244/7871/1968 3242/7870/1968 3241/7869/1968
f 3248/7876/1969 3243/7875/1969 3241/7874/1969 3246/7873/1969
f 3247/7880/1970 3248/7879/1970 3246/7878/1970 3245/7877/1970
f 3246/7884/1971 3241/7883/1971 3242/7882/1971 3245/7881/1971
f 3247/7888/1972 3244/7887/1972 3243/7886/1972 3248/7885/1972
o cube
v 7.3125 0.1875 4.4375
v 7.3125 0.1875 3.5625
v 7.3125 0 4.4375
v 7.3125 0 3.5625
v 7.125 0.1875 3.5625
v 7.125 0.1875 4.4375
v 7.125 0 3.5625
v 7.125 0 4.4375
vt 0.359375 1
vt 0.3828125 1
vt 0.3828125 0.9765625
vt 0.359375 0.9765625
vt 0.2734375 0.7734375
vt 0.3828125 0.7734375
vt 0.3828125 0.75
vt 0.2734375 0.75
vt 0.359375 0.9765625
vt 0.3828125 0.9765625
vt 0.3828125 0.953125
vt 0.359375 0.953125
vt 0.2734375 0.75
vt 0.3828125 0.75
vt 0.3828125 0.7265625
vt 0.2734375 0.7265625
vt 0.203125 0.6171875
vt 0.1796875 0.6171875
vt 0.1796875 0.7265625
vt 0.203125 0.7265625
vt 0.2265625 0.7265625
vt 0.203125 0.7265625
vt 0.203125 0.6171875
vt 0.2265625 0.6171875
vn 0 0 -1
vn 1 0 0
vn 0 0 1
vn -1 0 0
vn 0 1 0
vn 0 -1 0
usemtl m_52d523a5-fec9-b5d6-79bb-cc59ab29dde6
f 3252/7892/1973 3255/7891/1973 3253/7890/1973 3250/7889/1973
f 3251/7896/1974 3252/7895/1974 3250/7894/1974 3249/7893/1974
f 3256/7900/1975 3251/7899/1975 3249/7898/1975 3254/7897/1975
f 3255/7904/1976 3256/7903/1976 3254/7902/1976 3253/7901/1976
f 3254/7908/1977 3249/7907/1977 3250/7906/1977 3253/7905/1977
f 3255/7912/1978 3252/7911/1978 3251/7910/1978 3256/7909/1978
o cube
v 7.125 0.6875 4.125
v 7.125 0.6875 3.875
v 7.125 0.625 4.125
v 7.125 0.625 3.875
v 5.125 0.6875 3.875
v 5.125 0.6875 4.125
v 5.125 0.625 3.875
v 5.125 0.625 4.125
vt 0.2734375 0.7265625
vt 0.5234375 0.7265625
vt 0.5234375 0.71875
vt 0.2734375 0.71875
vt 0.359375 0.953125
vt 0.390625 0.953125
vt 0.390625 0.9453125
vt 0.359375 0.9453125
vt 0.2734375 0.71875
vt 0.5234375 0.71875
vt 0.5234375 0.7109375
vt 0.2734375 0.7109375
vt 0.359375 0.9453125
vt 0.390625 0.9453125
vt 0.390625 0.9375
vt 0.359375 0.9375
vt 0.25 0.8125
vt 0 0.8125
vt 0 0.78125
vt 0.25 0.78125
vn 0 0 -1
vn 1 0 0
vn 0 0 1
vn -1 0 0
vn 0 -1 0
usemtl m_52d523a5-fec9-b5d6-79bb-cc59ab29dde6
f 3260/7916/1979 3263/7915/1979 3261/7914/1979 3258/7913/1979
f 3259/7920/1980 3260/7919/1980 3258/7918/1980 3257/7917/1980
f 3264/7924/1981 3259/7923/1981 3257/7922/1981 3262/7921/1981
f 3263/7928/1982 3264/7927/1982 3262/7926/1982 3261/7925/1982
f 3263/7932/1983 3260/7931/1983 3259/7930/1983 3264/7929/1983
o cube
v 5.125 0.625 3.75
v 5.125 0.625 3.5625
v 5.125 0.1875 3.75
v 5.125 0.1875 3.5625
v 4.9375 0.625 3.5625
v 4.9375 0.625 3.75
v 4.9375 0.1875 3.5625
v 4.9375 0.1875 3.75
vt 0.2265625 0.7265625
vt 0.25 0.7265625
vt 0.25 0.671875
vt 0.2265625 0.671875
vt 0 0.703125
vt 0.0234375 0.703125
vt 0.0234375 0.6484375
vt 0 0.6484375
vt 0.0234375 0.703125
vt 0.046875 0.703125
vt 0.046875 0.6484375
vt 0.0234375 0.6484375
vt 0.046875 0.703125
vt 0.0703125 0.703125
vt 0.0703125 0.6484375
vt 0.046875 0.6484375
vn 0 0 -1
vn 1 0 0
vn 0 0 1
vn -1 0 0
usemtl m_52d523a5-fec9-b5d6-79bb-cc59ab29dde6
f 3268/7936/1984 3271/7935/1984 3269/7934/1984 3266/7933/1984
f 3267/7940/1985 3268/7939/1985 3266/7938/1985 3265/7937/1985
f 3272/7944/1986 3267/7943/1986 3265/7942/1986 3270/7941/1986
f 3271/7948/1987 3272/7947/1987 3270/7946/1987 3269/7945/1987
o cube
v 5.125 0.625 4.4375
v 5.125 0.625 4.25
v 5.125 0.1875 4.4375
v 5.125 0.1875 4.25
v 4.9375 0.625 4.25
v 4.9375 0.625 4.4375
v 4.9375 0.1875 4.25
v 4.9375 0.1875 4.4375
vt 0.0703125 0.703125
vt 0.09375 0.703125
vt 0.09375 0.6484375
vt 0.0703125 0.6484375
vt 0.296875 0.90625
vt 0.3203125 0.90625
vt 0.3203125 0.8515625
vt 0.296875 0.8515625
vt 0.296875 0.8515625
vt 0.3203125 0.8515625
vt 0.3203125 0.796875
vt 0.296875 0.796875
vt 0.2734375 0.6953125
vt 0.296875 0.6953125
vt 0.296875 0.640625
vt 0.2734375 0.640625
vn 0 0 -1
vn 1 0 0
vn 0 0 1
vn -1 0 0
usemtl m_52d523a5-fec9-b5d6-79bb-cc59ab29dde6
f 3276/7952/1988 3279/7951/1988 3277/7950/1988 3274/7949/1988
f 3275/7956/1989 3276/7955/1989 3274/7954/1989 3273/7953/1989
f 3280/7960/1990 3275/7959/1990 3273/7958/1990 3278/7957/1990
f 3279/7964/1991 3280/7963/1991 3278/7962/1991 3277/7961/1991
o cube
v 5.125 0.875 4.4375
v 5.125 0.875 3.5625
v 5.125 0.625 4.4375
v 5.125 0.625 3.5625
v 4.9375 0.875 3.5625
v 4.9375 0.875 4.4375
v 4.9375 0.625 3.5625
v 4.9375 0.625 4.4375
vt 0.34375 0.6953125
vt 0.3671875 0.6953125
vt 0.3671875 0.6640625
vt 0.34375 0.6640625
vt 0 0.75
vt 0.109375 0.75
vt 0.109375 0.71875
vt 0 0.71875
vt 0.34375 0.6640625
vt 0.3671875 0.6640625
vt 0.3671875 0.6328125
vt 0.34375 0.6328125
vt 0.25 1
vt 0.359375 1
vt 0.359375 0.96875
vt 0.25 0.96875
vt 0.2734375 0.796875
vt 0.25 0.796875
vt 0.25 0.90625
vt 0.2734375 0.90625
vt 0.1328125 0.75
vt 0.109375 0.75
vt 0.109375 0.640625
vt 0.1328125 0.640625
vn 0 0 -1
vn 1 0 0
vn 0 0 1
vn -1 0 0
vn 0 1 0
vn 0 -1 0
usemtl m_52d523a5-fec9-b5d6-79bb-cc59ab29dde6
f 3284/7968/1992 3287/7967/1992 3285/7966/1992 3282/7965/1992
f 3283/7972/1993 3284/7971/1993 3282/7970/1993 3281/7969/1993
f 3288/7976/1994 3283/7975/1994 3281/7974/1994 3286/7973/1994
f 3287/7980/1995 3288/7979/1995 3286/7978/1995 3285/7977/1995
f 3286/7984/1996 3281/7983/1996 3282/7982/1996 3285/7981/1996
f 3287/7988/1997 3284/7987/1997 3283/7986/1997 3288/7985/1997
o cube
v 5.125 0.1875 4.4375
v 5.125 0.1875 3.5625
v 5.125 0 4.4375
v 5.125 0 3.5625
v 4.9375 0.1875 3.5625
v 4.9375 0.1875 4.4375
v 4.9375 0 3.5625
v 4.9375 0 4.4375
vt 0.046875 0.6484375
vt 0.0703125 0.6484375
vt 0.0703125 0.625
vt 0.046875 0.625
vt 0.1328125 0.75
vt 0.2421875 0.75
vt 0.2421875 0.7265625
vt 0.1328125 0.7265625
vt 0.0703125 0.6484375
vt 0.09375 0.6484375
vt 0.09375 0.625
vt 0.0703125 0.625
vt 0.25 0.796875
vt 0.359375 0.796875
vt 0.359375 0.7734375
vt 0.25 0.7734375
vt 0.2734375 0.6640625
vt 0.25 0.6640625
vt 0.25 0.7734375
vt 0.2734375 0.7734375
vt 0.296875 0.90625
vt 0.2734375 0.90625
vt 0.2734375 0.796875
vt 0.296875 0.796875
vn 0 0 -1
vn 1 0 0
vn 0 0 1
vn -1 0 0
vn 0 1 0
vn 0 -1 0
usemtl m_52d523a5-fec9-b5d6-79bb-cc59ab29dde6
f 3292/7992/1998 3295/7991/1998 3293/7990/1998 3290/7989/1998
f 3291/7996/1999 3292/7995/1999 3290/7994/1999 3289/7993/1999
f 3296/8000/2000 3291/7999/2000 3289/7998/2000 3294/7997/2000
f 3295/8004/2001 3296/8003/2001 3294/8002/2001 3293/8001/2001
f 3294/8008/2002 3289/8007/2002 3290/8006/2002 3293/8005/2002
f 3295/8012/2003 3292/8011/2003 3291/8010/2003 3296/8009/2003
o cube
v 3.9375 0.8125 4.4375
v 3.9375 0.8125 3.5625
v 3.9375 0.6875 4.4375
v 3.9375 0.6875 3.5625
v 1.6875 0.8125 3.5625
v 1.6875 0.8125 4.4375
v 1.6875 0.6875 3.5625
v 1.6875 0.6875 4.4375
vt 0 0.5625
vt 0.5625 0.5625
vt 0.5625 0.53125
vt 0 0.53125
vt 0.375 0.5
vt 0.59375 0.5
vt 0.59375 0.46875
vt 0.375 0.46875
vt 0 0.53125
vt 0.5625 0.53125
vt 0.5625 0.5
vt 0 0.5
vt 0.375 0.46875
vt 0.59375 0.46875
vt 0.59375 0.4375
vt 0.375 0.4375
vt 0.5625 0.78125
vt 0 0.78125
vt 0 1
vt 0.5625 1
vt 0.5625 0.78125
vt 0 0.78125
vt 0 0.5625
vt 0.5625 0.5625
vn 0 0 -1
vn 1 0 0
vn 0 0 1
vn -1 0 0
vn 0 1 0
vn 0 -1 0
usemtl m_e46f1de5-131f-f24a-6f0f-3acc3aae2cf7
f 3300/8016/2004 3303/8015/2004 3301/8014/2004 3298/8013/2004
f 3299/8020/2005 3300/8019/2005 3298/8018/2005 3297/8017/2005
f 3304/8024/2006 3299/8023/2006 3297/8022/2006 3302/8021/2006
f 3303/8028/2007 3304/8027/2007 3302/8026/2007 3301/8025/2007
f 3302/8032/2008 3297/8031/2008 3298/8030/2008 3301/8029/2008
f 3303/8036/2009 3300/8035/2009 3299/8034/2009 3304/8033/2009
o cube
v 1.875 0.6875 3.75
v 1.875 0.6875 3.625
v 1.875 0 3.75
v 1.875 0 3.625
v 1.6875 0.6875 3.625
v 1.6875 0.6875 3.75
v 1.6875 0 3.625
v 1.6875 0 3.75
vt 0 0.5
vt 0.046875 0.5
vt 0.046875 0.328125
vt 0 0.328125
vt 0.5625 0.75
vt 0.59375 0.75
vt 0.59375 0.578125
vt 0.5625 0.578125
vt 0.046875 0.5
vt 0.09375 0.5
vt 0.09375 0.328125
vt 0.046875 0.328125
vt 0.375 0.4375
vt 0.40625 0.4375
vt 0.40625 0.265625
vt 0.375 0.265625
vt 0.640625 0.6875
vt 0.59375 0.6875
vt 0.59375 0.65625
vt 0.640625 0.65625
vn 0 0 -1
vn 1 0 0
vn 0 0 1
vn -1 0 0
vn 0 -1 0
usemtl m_e46f1de5-131f-f24a-6f0f-3acc3aae2cf7
f 3308/8040/2010 3311/8039/2010 3309/8038/2010 3306/8037/2010
f 3307/8044/2011 3308/8043/2011 3306/8042/2011 3305/8041/2011
f 3312/8048/2012 3307/8047/2012 3305/8046/2012 3310/8045/2012
f 3311/8052/2013 3312/8051/2013 3310/8050/2013 3309/8049/2013
f 3311/8056/2014 3308/8055/2014 3307/8054/2014 3312/8053/2014
o cube
v 1.875 0.6875 4.25
v 1.875 0.6875 3.75
v 1.875 0.5625 4.25
v 1.875 0.5625 3.75
v 1.6875 0.6875 3.75
v 1.6875 0.6875 4.25
v 1.6875 0.5625 3.75
v 1.6875 0.5625 4.25
vt 0.5625 0.578125
vt 0.6875 0.578125
vt 0.6875 0.546875
vt 0.5625 0.546875
vt 0.5625 0.546875
vt 0.6875 0.546875
vt 0.6875 0.515625
vt 0.5625 0.515625
vt 0.609375 1
vt 0.5625 1
vt 0.5625 0.875
vt 0.609375 0.875
vn 1 0 0
vn -1 0 0
vn 0 -1 0
usemtl m_e46f1de5-131f-f24a-6f0f-3acc3aae2cf7
f 3315/8060/2015 3316/8059/2015 3314/8058/2015 3313/8057/2015
f 3319/8064/2016 3320/8063/2016 3318/8062/2016 3317/8061/2016
f 3319/8068/2017 3316/8067/2017 3315/8066/2017 3320/8065/2017
o cube
v 1.875 0.6875 4.375
v 1.875 0.6875 4.25
v 1.875 0 4.375
v 1.875 0 4.25
v 1.6875 0.6875 4.25
v 1.6875 0.6875 4.375
v 1.6875 0 4.25
v 1.6875 0 4.375
vt 0.09375 0.5
vt 0.140625 0.5
vt 0.140625 0.328125
vt 0.09375 0.328125
vt 0.40625 0.4375
vt 0.4375 0.4375
vt 0.4375 0.265625
vt 0.40625 0.265625
vt 0.140625 0.5
vt 0.1875 0.5
vt 0.1875 0.328125
vt 0.140625 0.328125
vt 0.4375 0.4375
vt 0.46875 0.4375
vt 0.46875 0.265625
vt 0.4375 0.265625
vt 0.640625 0.65625
vt 0.59375 0.65625
vt 0.59375 0.625
vt 0.640625 0.625
vn 0 0 -1
vn 1 0 0
vn 0 0 1
vn -1 0 0
vn 0 -1 0
usemtl m_e46f1de5-131f-f24a-6f0f-3acc3aae2cf7
f 3324/8072/2018 3327/8071/2018 3325/8070/2018 3322/8069/2018
f 3323/8076/2019 3324/8075/2019 3322/8074/2019 3321/8073/2019
f 3328/8080/2020 3323/8079/2020 3321/8078/2020 3326/8077/2020
f 3327/8084/2021 3328/8083/2021 3326/8082/2021 3325/8081/2021
f 3327/8088/2022 3324/8087/2022 3323/8086/2022 3328/8085/2022
o cube
v 3.9375 0.6875 4.375
v 3.9375 0.6875 4.25
v 3.9375 0 4.375
v 3.9375 0 4.25
v 3.75 0.6875 4.25
v 3.75 0.6875 4.375
v 3.75 0 4.25
v 3.75 0 4.375
vt 0.1875 0.5
vt 0.234375 0.5
vt 0.234375 0.328125
vt 0.1875 0.328125
vt 0.46875 0.4375
vt 0.5 0.4375
vt 0.5 0.265625
vt 0.46875 0.265625
vt 0.234375 0.5
vt 0.28125 0.5
vt 0.28125 0.328125
vt 0.234375 0.328125
vt 0.5 0.4375
vt 0.53125 0.4375
vt 0.53125 0.265625
vt 0.5 0.265625
vt 0.640625 0.625
vt 0.59375 0.625
vt 0.59375 0.59375
vt 0.640625 0.59375
vn 0 0 -1
vn 1 0 0
vn 0 0 1
vn -1 0 0
vn 0 -1 0
usemtl m_e46f1de5-131f-f24a-6f0f-3acc3aae2cf7
f 3332/8092/2023 3335/8091/2023 3333/8090/2023 3330/8089/2023
f 3331/8096/2024 3332/8095/2024 3330/8094/2024 3329/8093/2024
f 3336/8100/2025 3331/8099/2025 3329/8098/2025 3334/8097/2025
f 3335/8104/2026 3336/8103/2026 3334/8102/2026 3333/8101/2026
f 3335/8108/2027 3332/8107/2027 3331/8106/2027 3336/8105/2027
o cube
v 3.9375 0.6875 4.25
v 3.9375 0.6875 3.75
v 3.9375 0.5625 4.25
v 3.9375 0.5625 3.75
v 3.75 0.6875 3.75
v 3.75 0.6875 4.25
v 3.75 0.5625 3.75
v 3.75 0.5625 4.25
vt 0.59375 0.75
vt 0.71875 0.75
vt 0.71875 0.71875
vt 0.59375 0.71875
vt 0.59375 0.71875
vt 0.71875 0.71875
vt 0.71875 0.6875
vt 0.59375 0.6875
vt 0.609375 0.875
vt 0.5625 0.875
vt 0.5625 0.75
vt 0.609375 0.75
vn 1 0 0
vn -1 0 0
vn 0 -1 0
usemtl m_e46f1de5-131f-f24a-6f0f-3acc3aae2cf7
f 3339/8112/2028 3340/8111/2028 3338/8110/2028 3337/8109/2028
f 3343/8116/2029 3344/8115/2029 3342/8114/2029 3341/8113/2029
f 3343/8120/2030 3340/8119/2030 3339/8118/2030 3344/8117/2030
o cube
v 3.9375 0.6875 3.75
v 3.9375 0.6875 3.625
v 3.9375 0 3.75
v 3.9375 0 3.625
v 3.75 0.6875 3.625
v 3.75 0.6875 3.75
v 3.75 0 3.625
v 3.75 0 3.75
vt 0.28125 0.5
vt 0.328125 0.5
vt 0.328125 0.328125
vt 0.28125 0.328125
vt 0.53125 0.4375
vt 0.5625 0.4375
vt 0.5625 0.265625
vt 0.53125 0.265625
vt 0.328125 0.5
vt 0.375 0.5
vt 0.375 0.328125
vt 0.328125 0.328125
vt 0.5625 0.4375
vt 0.59375 0.4375
vt 0.59375 0.265625
vt 0.5625 0.265625
vt 0.640625 0.515625
vt 0.59375 0.515625
vt 0.59375 0.484375
vt 0.640625 0.484375
vn 0 0 -1
vn 1 0 0
vn 0 0 1
vn -1 0 0
vn 0 -1 0
usemtl m_e46f1de5-131f-f24a-6f0f-3acc3aae2cf7
f 3348/8124/2031 3351/8123/2031 3349/8122/2031 3346/8121/2031
f 3347/8128/2032 3348/8127/2032 3346/8126/2032 3345/8125/2032
f 3352/8132/2033 3347/8131/2033 3345/8130/2033 3350/8129/2033
f 3351/8136/2034 3352/8135/2034 3350/8134/2034 3349/8133/2034
f 3351/8140/2035 3348/8139/2035 3347/8138/2035 3352/8137/2035
o cube
v 7.2515625 0.8140624999999999 6.3765625
v 7.2515625 0.8140624999999999 5.4984375
v 7.2515625 0.5609375000000001 6.3765625
v 7.2515625 0.5609375000000001 5.4984375
v 4.9984375 0.8140624999999999 5.4984375
v 4.9984375 0.8140624999999999 6.3765625
v 4.9984375 0.5609375000000001 5.4984375
v 4.9984375 0.5609375000000001 6.3765625
vt 0.3125 0.5
vt 0.59375 0.5
vt 0.59375 0.46875
vt 0.3125 0.46875
vt 0.5 0.625
vt 0.609375 0.625
vt 0.609375 0.59375
vt 0.5 0.59375
vt 0.5 0.65625
vt 0.78125 0.65625
vt 0.78125 0.625
vt 0.5 0.625
vt 0.5 0.59375
vt 0.609375 0.59375
vt 0.609375 0.5625
vt 0.5 0.5625
vt 0.28125 0.65625
vt 0 0.65625
vt 0 0.765625
vt 0.28125 0.765625
vt 0.5625 0.765625
vt 0.28125 0.765625
vt 0.28125 0.65625
vt 0.5625 0.65625
vn 0 0 -1
vn 1 0 0
vn 0 0 1
vn -1 0 0
vn 0 1 0
vn 0 -1 0
usemtl m_f303947d-3226-6c45-314b-a42a0422616e
f 3356/8144/2036 3359/8143/2036 3357/8142/2036 3354/8141/2036
f 3355/8148/2037 3356/8147/2037 3354/8146/2037 3353/8145/2037
f 3360/8152/2038 3355/8151/2038 3353/8150/2038 3358/8149/2038
f 3359/8156/2039 3360/8155/2039 3358/8154/2039 3357/8153/2039
f 3358/8160/2040 3353/8159/2040 3354/8158/2040 3357/8157/2040
f 3359/8164/2041 3356/8163/2041 3355/8162/2041 3360/8161/2041
o cube
v 7.375 0.5625 6.5
v 7.375 0.5625 5.5
v 7.375 0.3125 6.5
v 7.375 0.3125 5.5
v 4.875 0.5625 5.5
v 4.875 0.5625 6.5
v 4.875 0.3125 5.5
v 4.875 0.3125 6.5
vt 0.328125 0.53125
vt 0.640625 0.53125
vt 0.640625 0.5
vt 0.328125 0.5
vt 0 0.5
vt 0.3125 0.5
vt 0.3125 0.46875
vt 0 0.46875
vt 0.3125 1
vt 0 1
vt 0 0.875
vt 0.3125 0.875
vn 0 0 -1
vn 0 0 1
vn 0 -1 0
usemtl m_f303947d-3226-6c45-314b-a42a0422616e
f 3364/8168/2042 3367/8167/2042 3365/8166/2042 3362/8165/2042
f 3368/8172/2043 3363/8171/2043 3361/8170/2043 3366/8169/2043
f 3367/8176/2044 3364/8175/2044 3363/8174/2044 3368/8173/2044
o cube
v 4.905142959700888 1.3455453672801916 6.503125
v 4.905142959700888 1.3455453672801916 5.496875
v 5.0798764384782364 0.35458256581165726 6.503125
v 5.0798764384782364 0.35458256581165726 5.496875
v 4.65278597299151 1.301048021753041 5.496875
v 4.65278597299151 1.301048021753041 6.503125
v 4.827519451768858 0.31008522028450647 5.496875
v 4.827519451768858 0.31008522028450647 6.503125
vt 0.1875 0.375
vt 0.21875 0.375
vt 0.21875 0.25
vt 0.1875 0.25
vt 0.5 0.4375
vt 0.625 0.4375
vt 0.625 0.3125
vt 0.5 0.3125
vt 0.21875 0.375
vt 0.25 0.375
vt 0.25 0.25
vt 0.21875 0.25
vt 0.59375 0.78125
vt 0.71875 0.78125
vt 0.71875 0.65625
vt 0.59375 0.65625
vt 0.65625 0.375
vt 0.625 0.375
vt 0.625 0.5
vt 0.65625 0.5
vt 0.65625 0.375
vt 0.625 0.375
vt 0.625 0.25
vt 0.65625 0.25
vn 0 0 -1
vn 0.984807753012208 0.17364817766693033 0
vn 0 0 1
vn -0.984807753012208 -0.17364817766693033 0
vn -0.17364817766693033 0.984807753012208 0
vn 0.17364817766693033 -0.984807753012208 0
usemtl m_f303947d-3226-6c45-314b-a42a0422616e
f 3372/8180/2045 3375/8179/2045 3373/8178/2045 3370/8177/2045
f 3371/8184/2046 3372/8183/2046 3370/8182/2046 3369/8181/2046
f 3376/8188/2047 3371/8187/2047 3369/8186/2047 3374/8185/2047
f 3375/8192/2048 3376/8191/2048 3374/8190/2048 3373/8189/2048
f 3374/8196/2049 3369/8195/2049 3370/8194/2049 3373/8193/2049
f 3375/8200/2050 3372/8199/2050 3371/8198/2050 3376/8197/2050
o cube
v 7.597214027008491 1.301048021753041 6.503125
v 7.597214027008491 1.301048021753041 5.496875
v 7.422480548231142 0.31008522028450647 6.503125
v 7.422480548231142 0.31008522028450647 5.496875
v 7.344857040299112 1.3455453672801916 5.496875
v 7.344857040299112 1.3455453672801916 6.503125
v 7.1701235615217636 0.35458256581165726 5.496875
v 7.1701235615217636 0.35458256581165726 6.503125
vt 0.640625 1
vt 0.671875 1
vt 0.671875 0.875
vt 0.640625 0.875
vt 0.25 0.3828125
vt 0.375 0.3828125
vt 0.375 0.2578125
vt 0.25 0.2578125
vt 0.640625 0.625
vt 0.671875 0.625
vt 0.671875 0.5
vt 0.640625 0.5
vt 0.375 0.3828125
vt 0.5 0.3828125
vt 0.5 0.2578125
vt 0.375 0.2578125
vt 0.03125 0.21875
vt 0 0.21875
vt 0 0.34375
vt 0.03125 0.34375
vt 0.0625 0.34375
vt 0.03125 0.34375
vt 0.03125 0.21875
vt 0.0625 0.21875
vn 0 0 -1
vn 0.984807753012208 -0.17364817766693033 0
vn 0 0 1
vn -0.984807753012208 0.17364817766693033 0
vn 0.17364817766693033 0.984807753012208 0
vn -0.17364817766693033 -0.984807753012208 0
usemtl m_f303947d-3226-6c45-314b-a42a0422616e
f 3380/8204/2051 3383/8203/2051 3381/8202/2051 3378/8201/2051
f 3379/8208/2052 3380/8207/2052 3378/8206/2052 3377/8205/2052
f 3384/8212/2053 3379/8211/2053 3377/8210/2053 3382/8209/2053
f 3383/8216/2054 3384/8215/2054 3382/8214/2054 3381/8213/2054
f 3382/8220/2055 3377/8219/2055 3378/8218/2055 3381/8217/2055
f 3383/8224/2056 3380/8223/2056 3379/8222/2056 3384/8221/2056
o cube
v 7.3125 0.3125 6.4375
v 7.3125 0.3125 5.5625
v 7.3125 0.25 6.4375
v 7.3125 0.25 5.5625
v 4.9375 0.3125 5.5625
v 4.9375 0.3125 6.4375
v 4.9375 0.25 5.5625
v 4.9375 0.25 6.4375
vt 0.296875 0.78125
vt 0.59375 0.78125
vt 0.59375 0.7734375
vt 0.296875 0.7734375
vt 0.5 0.5625
vt 0.609375 0.5625
vt 0.609375 0.5546875
vt 0.5 0.5546875
vt 0.296875 0.7734375
vt 0.59375 0.7734375
vt 0.59375 0.765625
vt 0.296875 0.765625
vt 0.5 0.5546875
vt 0.609375 0.5546875
vt 0.609375 0.546875
vt 0.5 0.546875
vt 0.296875 0.875
vt 0 0.875
vt 0 0.765625
vt 0.296875 0.765625
vn 0 0 -1
vn 1 0 0
vn 0 0 1
vn -1 0 0
vn 0 -1 0
usemtl m_f303947d-3226-6c45-314b-a42a0422616e
f 3388/8228/2057 3391/8227/2057 3389/8226/2057 3386/8225/2057
f 3387/8232/2058 3388/8231/2058 3386/8230/2058 3385/8229/2058
f 3392/8236/2059 3387/8235/2059 3385/8234/2059 3390/8233/2059
f 3391/8240/2060 3392/8239/2060 3390/8238/2060 3389/8237/2060
f 3391/8244/2061 3388/8243/2061 3387/8242/2061 3392/8241/2061
o cube
v 5.1215611996033 0.6490817451927202 5.7481494564390125
v 5.123690835460233 0.6652579355116277 5.624218848767287
v 5.0325921528493085 -0.02670525759414699 5.658412699287727
v 5.034721788706241 -0.010529067275239501 5.534482091616001
v 4.9997602277885065 0.6815737095391341 5.624218848767287
v 4.997630591931573 0.6653975192202266 5.7481494564390125
v 4.910791181034515 0.00578670675226689 5.534482091616001
v 4.908661545177582 -0.0103894835666406 5.658412699287727
vt 0.25 0.46875
vt 0.265625 0.46875
vt 0.265625 0.3828125
vt 0.25 0.3828125
vt 0.265625 0.46875
vt 0.28125 0.46875
vt 0.28125 0.3828125
vt 0.265625 0.3828125
vt 0.28125 0.46875
vt 0.296875 0.46875
vt 0.296875 0.3828125
vt 0.28125 0.3828125
vt 0.296875 0.46875
vt 0.3125 0.46875
vt 0.3125 0.3828125
vt 0.296875 0.3828125
vt 0.515625 0.546875
vt 0.5 0.546875
vt 0.5 0.53125
vt 0.515625 0.53125
vn 0.017037086855465854 0.1294095225512604 -0.9914448613738105
vn 0.9914448613738105 -0.1305261922200516 -3.469446951953615e-18
vn -0.017037086855465854 -0.1294095225512604 0.9914448613738105
vn -0.9914448613738105 0.1305261922200516 3.469446951953615e-18
vn -0.12940952255126037 -0.9829629131445341 -0.13052619222005157
usemtl m_f303947d-3226-6c45-314b-a42a0422616e
f 3396/8248/2062 3399/8247/2062 3397/8246/2062 3394/8245/2062
f 3395/8252/2063 3396/8251/2063 3394/8250/2063 3393/8249/2063
f 3400/8256/2064 3395/8255/2064 3393/8254/2064 3398/8253/2064
f 3399/8260/2065 3400/8259/2065 3398/8258/2065 3397/8257/2065
f 3399/8264/2066 3396/8263/2066 3395/8262/2066 3400/8261/2066
o cube
v 5.09027977391329 0.2917679527381014 5.716732932068897
v 5.092941818734456 0.3119881906367359 5.561819672479239
v 5.070059536014655 0.13817999755926802 5.6963382145345145
v 5.072721580835822 0.15840023545790238 5.541424954944857
v 4.938028559144798 0.33238290817111893 5.561819672479239
v 4.935366514323632 0.31216267027248445 5.716732932068897
v 4.917808321246164 0.17879495299228543 5.541424954944857
v 4.915146276424998 0.15857471509365106 5.6963382145345145
vt 0.515625 0.546875
vt 0.53125 0.546875
vt 0.53125 0.53125
vt 0.515625 0.53125
vt 0.53125 0.546875
vt 0.546875 0.546875
vt 0.546875 0.53125
vt 0.53125 0.53125
vt 0.5 0.46875
vt 0.515625 0.46875
vt 0.515625 0.453125
vt 0.5 0.453125
vt 0.515625 0.46875
vt 0.53125 0.46875
vt 0.53125 0.453125
vt 0.515625 0.453125
vn 0.017037086855465854 0.1294095225512604 -0.9914448613738105
vn 0.9914448613738105 -0.1305261922200516 -3.469446951953615e-18
vn -0.017037086855465854 -0.1294095225512604 0.9914448613738105
vn -0.9914448613738105 0.1305261922200516 3.469446951953615e-18
usemtl m_f303947d-3226-6c45-314b-a42a0422616e
f 3404/8268/2067 3407/8267/2067 3405/8266/2067 3402/8265/2067
f 3403/8272/2068 3404/8271/2068 3402/8270/2068 3401/8269/2068
f 3408/8276/2069 3403/8275/2069 3401/8274/2069 3406/8273/2069
f 3407/8280/2070 3408/8279/2070 3406/8278/2070 3405/8277/2070
o cube
v 5.123690835460233 0.6652579355116277 6.375781151232713
v 5.1215611996033 0.6490817451927202 6.2518505435609875
v 5.034721788706241 -0.010529067275239501 6.465517908383999
v 5.0325921528493085 -0.02670525759414699 6.341587300712273
v 4.997630591931573 0.6653975192202266 6.2518505435609875
v 4.9997602277885065 0.6815737095391341 6.375781151232713
v 4.908661545177582 -0.0103894835666406 6.341587300712273
v 4.910791181034515 0.00578670675226689 6.465517908383999
vt 0.3125 0.46875
vt 0.328125 0.46875
vt 0.328125 0.3828125
vt 0.3125 0.3828125
vt 0.328125 0.46875
vt 0.34375 0.46875
vt 0.34375 0.3828125
vt 0.328125 0.3828125
vt 0.34375 0.46875
vt 0.359375 0.46875
vt 0.359375 0.3828125
vt 0.34375 0.3828125
vt 0.359375 0.46875
vt 0.375 0.46875
vt 0.375 0.3828125
vt 0.359375 0.3828125
vt 0.546875 0.46875
vt 0.53125 0.46875
vt 0.53125 0.453125
vt 0.546875 0.453125
vn -0.017037086855465854 -0.1294095225512604 -0.9914448613738105
vn 0.9914448613738105 -0.1305261922200516 3.469446951953615e-18
vn 0.017037086855465854 0.1294095225512604 0.9914448613738105
vn -0.9914448613738105 0.1305261922200516 -3.469446951953615e-18
vn -0.12940952255126037 -0.9829629131445341 0.13052619222005157
usemtl m_f303947d-3226-6c45-314b-a42a0422616e
f 3412/8284/2071 3415/8283/2071 3413/8282/2071 3410/8281/2071
f 3411/8288/2072 3412/8287/2072 3410/8286/2072 3409/8285/2072
f 3416/8292/2073 3411/8291/2073 3409/8290/2073 3414/8289/2073
f 3415/8296/2074 3416/8295/2074 3414/8294/2074 3413/8293/2074
f 3415/8300/2075 3412/8299/2075 3411/8298/2075 3416/8297/2075
o cube
v 5.092941818734456 0.3119881906367359 6.438180327520761
v 5.09027977391329 0.2917679527381014 6.283267067931103
v 5.072721580835822 0.15840023545790238 6.458575045055143
v 5.070059536014655 0.13817999755926802 6.3036617854654855
v 4.935366514323632 0.31216267027248445 6.283267067931103
v 4.938028559144798 0.33238290817111893 6.438180327520761
v 4.915146276424998 0.15857471509365106 6.3036617854654855
v 4.917808321246164 0.17879495299228543 6.458575045055143
vt 0.546875 0.546875
vt 0.5625 0.546875
vt 0.5625 0.53125
vt 0.546875 0.53125
vt 0.5 0.453125
vt 0.515625 0.453125
vt 0.515625 0.4375
vt 0.5 0.4375
vt 0.515625 0.453125
vt 0.53125 0.453125
vt 0.53125 0.4375
vt 0.515625 0.4375
vt 0.53125 0.453125
vt 0.546875 0.453125
vt 0.546875 0.4375
vt 0.53125 0.4375
vn -0.017037086855465854 -0.1294095225512604 -0.9914448613738105
vn 0.9914448613738105 -0.1305261922200516 3.469446951953615e-18
vn 0.017037086855465854 0.1294095225512604 0.9914448613738105
vn -0.9914448613738105 0.1305261922200516 -3.469446951953615e-18
usemtl m_f303947d-3226-6c45-314b-a42a0422616e
f 3420/8304/2076 3423/8303/2076 3421/8302/2076 3418/8301/2076
f 3419/8308/2077 3420/8307/2077 3418/8306/2077 3417/8305/2077
f 3424/8312/2078 3419/8311/2078 3417/8310/2078 3422/8309/2078
f 3423/8316/2079 3424/8315/2079 3422/8314/2079 3421/8313/2079
o cube
v 7.311971440855202 0.33238290817111893 6.438180327520761
v 7.314633485676368 0.31216267027248445 6.283267067931103
v 7.332191678753836 0.17879495299228543 6.458575045055143
v 7.334853723575002 0.15857471509365106 6.3036617854654855
v 7.15972022608671 0.2917679527381014 6.283267067931103
v 7.157058181265544 0.3119881906367359 6.438180327520761
v 7.179940463985345 0.13817999755926802 6.3036617854654855
v 7.177278419164178 0.15840023545790238 6.458575045055143
vt 0.546875 0.46875
vt 0.5625 0.46875
vt 0.5625 0.453125
vt 0.546875 0.453125
vt 0.546875 0.453125
vt 0.5625 0.453125
vt 0.5625 0.4375
vt 0.546875 0.4375
vt 0.5625 0.765625
vt 0.578125 0.765625
vt 0.578125 0.75
vt 0.5625 0.75
vt 0.5625 0.75
vt 0.578125 0.75
vt 0.578125 0.734375
vt 0.5625 0.734375
vn 0.017037086855465854 -0.1294095225512604 -0.9914448613738105
vn 0.9914448613738105 0.1305261922200516 -3.469446951953615e-18
vn -0.017037086855465854 0.1294095225512604 0.9914448613738105
vn -0.9914448613738105 -0.1305261922200516 3.469446951953615e-18
usemtl m_f303947d-3226-6c45-314b-a42a0422616e
f 3428/8320/2080 3431/8319/2080 3429/8318/2080 3426/8317/2080
f 3427/8324/2081 3428/8323/2081 3426/8322/2081 3425/8321/2081
f 3432/8328/2082 3427/8327/2082 3425/8326/2082 3430/8325/2082
f 3431/8332/2083 3432/8331/2083 3430/8330/2083 3429/8329/2083
o cube
v 7.2502397722114935 0.6815737095391341 6.375781151232713
v 7.252369408068427 0.6653975192202266 6.2518505435609875
v 7.339208818965485 0.00578670675226689 6.465517908383999
v 7.341338454822418 -0.0103894835666406 6.341587300712273
v 7.1284388003967 0.6490817451927202 6.2518505435609875
v 7.126309164539767 0.6652579355116277 6.375781151232713
v 7.2174078471506915 -0.02670525759414699 6.341587300712273
v 7.215278211293759 -0.010529067275239501 6.465517908383999
vt 0.375 0.46875
vt 0.390625 0.46875
vt 0.390625 0.3828125
vt 0.375 0.3828125
vt 0.390625 0.46875
vt 0.40625 0.46875
vt 0.40625 0.3828125
vt 0.390625 0.3828125
vt 0.40625 0.46875
vt 0.421875 0.46875
vt 0.421875 0.3828125
vt 0.40625 0.3828125
vt 0.421875 0.46875
vt 0.4375 0.46875
vt 0.4375 0.3828125
vt 0.421875 0.3828125
vt 0.578125 0.734375
vt 0.5625 0.734375
vt 0.5625 0.71875
vt 0.578125 0.71875
vn 0.017037086855465854 -0.1294095225512604 -0.9914448613738105
vn 0.9914448613738105 0.1305261922200516 -3.469446951953615e-18
vn -0.017037086855465854 0.1294095225512604 0.9914448613738105
vn -0.9914448613738105 -0.1305261922200516 3.469446951953615e-18
vn 0.12940952255126037 -0.9829629131445341 0.13052619222005157
usemtl m_f303947d-3226-6c45-314b-a42a0422616e
f 3436/8336/2084 3439/8335/2084 3437/8334/2084 3434/8333/2084
f 3435/8340/2085 3436/8339/2085 3434/8338/2085 3433/8337/2085
f 3440/8344/2086 3435/8343/2086 3433/8342/2086 3438/8341/2086
f 3439/8348/2087 3440/8347/2087 3438/8346/2087 3437/8345/2087
f 3439/8352/2088 3436/8351/2088 3435/8350/2088 3440/8349/2088
o cube
v 7.314633485676368 0.31216267027248445 5.716732932068897
v 7.311971440855202 0.33238290817111893 5.561819672479239
v 7.334853723575002 0.15857471509365106 5.6963382145345145
v 7.332191678753836 0.17879495299228543 5.541424954944857
v 7.157058181265544 0.3119881906367359 5.561819672479239
v 7.15972022608671 0.2917679527381014 5.716732932068897
v 7.177278419164178 0.15840023545790238 5.541424954944857
v 7.179940463985345 0.13817999755926802 5.6963382145345145
vt 0.5625 0.71875
vt 0.578125 0.71875
vt 0.578125 0.703125
vt 0.5625 0.703125
vt 0.5625 0.703125
vt 0.578125 0.703125
vt 0.578125 0.6875
vt 0.5625 0.6875
vt 0.5625 0.6875
vt 0.578125 0.6875
vt 0.578125 0.671875
vt 0.5625 0.671875
vt 0.5625 0.671875
vt 0.578125 0.671875
vt 0.578125 0.65625
vt 0.5625 0.65625
vn -0.017037086855465854 0.1294095225512604 -0.9914448613738105
vn 0.9914448613738105 0.1305261922200516 3.469446951953615e-18
vn 0.017037086855465854 -0.1294095225512604 0.9914448613738105
vn -0.9914448613738105 -0.1305261922200516 -3.469446951953615e-18
usemtl m_f303947d-3226-6c45-314b-a42a0422616e
f 3444/8356/2089 3447/8355/2089 3445/8354/2089 3442/8353/2089
f 3443/8360/2090 3444/8359/2090 3442/8358/2090 3441/8357/2090
f 3448/8364/2091 3443/8363/2091 3441/8362/2091 3446/8361/2091
f 3447/8368/2092 3448/8367/2092 3446/8366/2092 3445/8365/2092
o cube
v 7.252369408068427 0.6653975192202266 5.7481494564390125
v 7.2502397722114935 0.6815737095391341 5.624218848767287
v 7.341338454822418 -0.0103894835666406 5.658412699287727
v 7.339208818965485 0.00578670675226689 5.534482091616001
v 7.126309164539767 0.6652579355116277 5.624218848767287
v 7.1284388003967 0.6490817451927202 5.7481494564390125
v 7.215278211293759 -0.010529067275239501 5.534482091616001
v 7.2174078471506915 -0.02670525759414699 5.658412699287727
vt 0.4375 0.46875
vt 0.453125 0.46875
vt 0.453125 0.3828125
vt 0.4375 0.3828125
vt 0.453125 0.46875
vt 0.46875 0.46875
vt 0.46875 0.3828125
vt 0.453125 0.3828125
vt 0.46875 0.46875
vt 0.484375 0.46875
vt 0.484375 0.3828125
vt 0.46875 0.3828125
vt 0.484375 0.46875
vt 0.5 0.46875
vt 0.5 0.3828125
vt 0.484375 0.3828125
vt 0.578125 0.546875
vt 0.5625 0.546875
vt 0.5625 0.53125
vt 0.578125 0.53125
vn -0.017037086855465854 0.1294095225512604 -0.9914448613738105
vn 0.9914448613738105 0.1305261922200516 3.469446951953615e-18
vn 0.017037086855465854 -0.1294095225512604 0.9914448613738105
vn -0.9914448613738105 -0.1305261922200516 -3.469446951953615e-18
vn 0.12940952255126037 -0.9829629131445341 -0.13052619222005157
usemtl m_f303947d-3226-6c45-314b-a42a0422616e
f 3452/8372/2093 3455/8371/2093 3453/8370/2093 3450/8369/2093
f 3451/8376/2094 3452/8375/2094 3450/8374/2094 3449/8373/2094
f 3456/8380/2095 3451/8379/2095 3449/8378/2095 3454/8377/2095
f 3455/8384/2096 3456/8383/2096 3454/8382/2096 3453/8381/2096
f 3455/8388/2097 3452/8387/2097 3451/8386/2097 3456/8385/2097
o cube
v 7.4390625 1.3191768220076887 6.657216623143311
v 7.4390625 1.3631315169796305 6.407937160662095
v 7.4390625 0.5774934830203695 6.526437839337904
v 7.4390625 0.6214481779923116 6.277158376856688
v 4.8109375 1.3631315169796305 6.407937160662095
v 4.8109375 1.3191768220076887 6.657216623143311
v 4.8109375 0.6214481779923116 6.277158376856688
v 4.8109375 0.5774934830203695 6.526437839337904
vt 0.296875 0.875
vt 0.625 0.875
vt 0.625 0.78125
vt 0.296875 0.78125
vt 0.1875 0.46875
vt 0.21875 0.46875
vt 0.21875 0.375
vt 0.1875 0.375
vt 0.3125 1
vt 0.640625 1
vt 0.640625 0.90625
vt 0.3125 0.90625
vt 0.21875 0.46875
vt 0.25 0.46875
vt 0.25 0.375
vt 0.21875 0.375
vt 0.640625 0.875
vt 0.3125 0.875
vt 0.3125 0.90625
vt 0.640625 0.90625
vt 0.328125 0.53125
vt 0 0.53125
vt 0 0.5
vt 0.328125 0.5
vn 0 0.17364817766693033 -0.984807753012208
vn 1 0 0
vn 0 -0.17364817766693033 0.984807753012208
vn -1 0 0
vn 0 0.984807753012208 0.17364817766693033
vn 0 -0.984807753012208 -0.17364817766693033
usemtl m_f303947d-3226-6c45-314b-a42a0422616e
f 3460/8392/2098 3463/8391/2098 3461/8390/2098 3458/8389/2098
f 3459/8396/2099 3460/8395/2099 3458/8394/2099 3457/8393/2099
f 3464/8400/2100 3459/8399/2100 3457/8398/2100 3462/8397/2100
f 3463/8404/2101 3464/8403/2101 3462/8402/2101 3461/8401/2101
f 3462/8408/2102 3457/8407/2102 3458/8406/2102 3461/8405/2102
f 3463/8412/2103 3460/8411/2103 3459/8410/2103 3464/8409/2103
o cube
v 14.3765625 0.8140624999999999 6.5015625
v 14.3765625 0.8140624999999999 5.4984375
v 14.3765625 0.4359375 6.5015625
v 14.3765625 0.4359375 5.4984375
v 11.7484375 0.8140624999999999 5.4984375
v 11.7484375 0.8140624999999999 6.5015625
v 11.7484375 0.4359375 5.4984375
v 11.7484375 0.4359375 6.5015625
vt 0.34375 0.7578125
vt 0.671875 0.7578125
vt 0.671875 0.7109375
vt 0.34375 0.7109375
vt 0 0.5234375
vt 0.125 0.5234375
vt 0.125 0.4765625
vt 0 0.4765625
vt 0.125 0.5234375
vt 0.25 0.5234375
vt 0.25 0.4765625
vt 0.125 0.4765625
vt 0.328125 0.578125
vt 0 0.578125
vt 0 0.703125
vt 0.328125 0.703125
vn 0 0 -1
vn 1 0 0
vn -1 0 0
vn 0 1 0
usemtl m_600a8a1a-c1d7-7a8d-bd70-a76e2b9bde42
f 3468/8416/2104 3471/8415/2104 3469/8414/2104 3466/8413/2104
f 3467/8420/2105 3468/8419/2105 3466/8418/2105 3465/8417/2105
f 3471/8424/2106 3472/8423/2106 3470/8422/2106 3469/8421/2106
f 3470/8428/2107 3465/8427/2107 3466/8426/2107 3469/8425/2107
o cube
v 14.4359375 0.4359375 6.6234375
v 14.4359375 0.4359375 5.4390625
v 14.4359375 0.12656250000000002 6.6234375
v 14.4359375 0.12656250000000002 5.4390625
v 11.6890625 0.4359375 5.4390625
v 11.6890625 0.4359375 6.6234375
v 11.6890625 0.12656250000000002 5.4390625
v 11.6890625 0.12656250000000002 6.6234375
vt 0.328125 0.6015625
vt 0.671875 0.6015625
vt 0.671875 0.5625
vt 0.328125 0.5625
vt 0.25 0.5078125
vt 0.3984375 0.5078125
vt 0.3984375 0.46875
vt 0.25 0.46875
vt 0 0.5625
vt 0.34375 0.5625
vt 0.34375 0.5234375
vt 0 0.5234375
vt 0.3984375 0.5078125
vt 0.546875 0.5078125
vt 0.546875 0.46875
vt 0.3984375 0.46875
vt 0.34375 0.8515625
vt 0 0.8515625
vt 0 1
vt 0.34375 1
vt 0.34375 0.8515625
vt 0 0.8515625
vt 0 0.703125
vt 0.34375 0.703125
vn 0 0 -1
vn 1 0 0
vn 0 0 1
vn -1 0 0
vn 0 1 0
vn 0 -1 0
usemtl m_600a8a1a-c1d7-7a8d-bd70-a76e2b9bde42
f 3476/8432/2108 3479/8431/2108 3477/8430/2108 3474/8429/2108
f 3475/8436/2109 3476/8435/2109 3474/8434/2109 3473/8433/2109
f 3480/8440/2110 3475/8439/2110 3473/8438/2110 3478/8437/2110
f 3479/8444/2111 3480/8443/2111 3478/8442/2111 3477/8441/2111
f 3478/8448/2112 3473/8447/2112 3474/8446/2112 3477/8445/2112
f 3479/8452/2113 3476/8451/2113 3475/8450/2113 3480/8449/2113
o cube
v 14.378125 1.381994743407429 6.669879721639179
v 14.378125 1.4264920889345798 6.417522734929802
v 14.378125 0.5756833956286835 6.52770527617438
v 14.378125 0.6201807411558344 6.275348289465002
v 11.746875 1.4264920889345798 6.417522734929802
v 11.746875 1.381994743407429 6.669879721639179
v 11.746875 0.6201807411558344 6.275348289465002
v 11.746875 0.5756833956286835 6.52770527617438
vt 0.328125 0.703125
vt 0.65625 0.703125
vt 0.65625 0.6015625
vt 0.328125 0.6015625
vt 0.1875 0.4765625
vt 0.21875 0.4765625
vt 0.21875 0.375
vt 0.1875 0.375
vt 0.34375 1
vt 0.671875 1
vt 0.671875 0.8984375
vt 0.34375 0.8984375
vt 0.21875 0.4765625
vt 0.25 0.4765625
vt 0.25 0.375
vt 0.21875 0.375
vt 0.671875 0.53125
vt 0.34375 0.53125
vt 0.34375 0.5625
vt 0.671875 0.5625
vn 0 0.17364817766693033 -0.984807753012208
vn 1 0 0
vn 0 -0.17364817766693033 0.984807753012208
vn -1 0 0
vn 0 0.984807753012208 0.17364817766693033
usemtl m_600a8a1a-c1d7-7a8d-bd70-a76e2b9bde42
f 3484/8456/2114 3487/8455/2114 3485/8454/2114 3482/8453/2114
f 3483/8460/2115 3484/8459/2115 3482/8458/2115 3481/8457/2115
f 3488/8464/2116 3483/8463/2116 3481/8462/2116 3486/8461/2116
f 3487/8468/2117 3488/8467/2117 3486/8466/2117 3485/8465/2117
f 3486/8472/2118 3481/8471/2118 3482/8470/2118 3485/8469/2118
o cube
v 14.4375 0.125 5.625
v 14.4375 0.125 5.4375
v 14.4375 0 5.625
v 14.4375 0 5.4375
v 14.1875 0.125 5.4375
v 14.1875 0.125 5.625
v 14.1875 0 5.4375
v 14.1875 0 5.625
vt 0.546875 0.5078125
vt 0.578125 0.5078125
vt 0.578125 0.4921875
vt 0.546875 0.4921875
vt 0.546875 0.4296875
vt 0.5703125 0.4296875
vt 0.5703125 0.4140625
vt 0.546875 0.4140625
vt 0.546875 0.4921875
vt 0.578125 0.4921875
vt 0.578125 0.4765625
vt 0.546875 0.4765625
vt 0.5703125 0.4296875
vt 0.59375 0.4296875
vt 0.59375 0.4140625
vt 0.5703125 0.4140625
vt 0.484375 0.46875
vt 0.453125 0.46875
vt 0.453125 0.4453125
vt 0.484375 0.4453125
vn 0 0 -1
vn 1 0 0
vn 0 0 1
vn -1 0 0
vn 0 -1 0
usemtl m_600a8a1a-c1d7-7a8d-bd70-a76e2b9bde42
f 3492/8476/2119 3495/8475/2119 3493/8474/2119 3490/8473/2119
f 3491/8480/2120 3492/8479/2120 3490/8478/2120 3489/8477/2120
f 3496/8484/2121 3491/8483/2121 3489/8482/2121 3494/8481/2121
f 3495/8488/2122 3496/8487/2122 3494/8486/2122 3493/8485/2122
f 3495/8492/2123 3492/8491/2123 3491/8490/2123 3496/8489/2123
o cube
v 11.9375 0.125 5.625
v 11.9375 0.125 5.4375
v 11.9375 0 5.625
v 11.9375 0 5.4375
v 11.6875 0.125 5.4375
v 11.6875 0.125 5.625
v 11.6875 0 5.4375
v 11.6875 0 5.625
vt 0.546875 0.4765625
vt 0.578125 0.4765625
vt 0.578125 0.4609375
vt 0.546875 0.4609375
vt 0.578125 0.5078125
vt 0.6015625 0.5078125
vt 0.6015625 0.4921875
vt 0.578125 0.4921875
vt 0.546875 0.4609375
vt 0.578125 0.4609375
vt 0.578125 0.4453125
vt 0.546875 0.4453125
vt 0.578125 0.4921875
vt 0.6015625 0.4921875
vt 0.6015625 0.4765625
vt 0.578125 0.4765625
vt 0.515625 0.46875
vt 0.484375 0.46875
vt 0.484375 0.4453125
vt 0.515625 0.4453125
vn 0 0 -1
vn 1 0 0
vn 0 0 1
vn -1 0 0
vn 0 -1 0
usemtl m_600a8a1a-c1d7-7a8d-bd70-a76e2b9bde42
f 3500/8496/2124 3503/8495/2124 3501/8494/2124 3498/8493/2124
f 3499/8500/2125 3500/8499/2125 3498/8498/2125 3497/8497/2125
f 3504/8504/2126 3499/8503/2126 3497/8502/2126 3502/8501/2126
f 3503/8508/2127 3504/8507/2127 3502/8506/2127 3501/8505/2127
f 3503/8512/2128 3500/8511/2128 3499/8510/2128 3504/8509/2128
o cube
v 11.9359375 0.12343749999999998 6.6234375
v 11.9359375 0.12343749999999998 6.4390625
v 11.9359375 0.0015625000000000222 6.6234375
v 11.9359375 0.0015625000000000222 6.4390625
v 11.6890625 0.12343749999999998 6.4390625
v 11.6890625 0.12343749999999998 6.6234375
v 11.6890625 0.0015625000000000222 6.4390625
v 11.6890625 0.0015625000000000222 6.6234375
vt 0.453125 0.4453125
vt 0.484375 0.4453125
vt 0.484375 0.4296875
vt 0.453125 0.4296875
vt 0.578125 0.4765625
vt 0.6015625 0.4765625
vt 0.6015625 0.4609375
vt 0.578125 0.4609375
vt 0.484375 0.4453125
vt 0.515625 0.4453125
vt 0.515625 0.4296875
vt 0.484375 0.4296875
vt 0.578125 0.4609375
vt 0.6015625 0.4609375
vt 0.6015625 0.4453125
vt 0.578125 0.4453125
vt 0.546875 0.46875
vt 0.515625 0.46875
vt 0.515625 0.4453125
vt 0.546875 0.4453125
vn 0 0 -1
vn 1 0 0
vn 0 0 1
vn -1 0 0
vn 0 -1 0
usemtl m_600a8a1a-c1d7-7a8d-bd70-a76e2b9bde42
f 3508/8516/2129 3511/8515/2129 3509/8514/2129 3506/8513/2129
f 3507/8520/2130 3508/8519/2130 3506/8518/2130 3505/8517/2130
f 3512/8524/2131 3507/8523/2131 3505/8522/2131 3510/8521/2131
f 3511/8528/2132 3512/8527/2132 3510/8526/2132 3509/8525/2132
f 3511/8532/2133 3508/8531/2133 3507/8530/2133 3512/8529/2133
o cube
v 14.4359375 0.9984375000000001 6.6234375
v 14.4359375 0.9984375000000001 6.4390625
v 14.4359375 0.4390625 6.6234375
v 14.4359375 0.4390625 6.4390625
v 11.6890625 0.9984375000000001 6.4390625
v 11.6890625 0.9984375000000001 6.6234375
v 11.6890625 0.4390625 6.4390625
v 11.6890625 0.4390625 6.6234375
vt 0.34375 0.8984375
vt 0.6875 0.8984375
vt 0.6875 0.828125
vt 0.34375 0.828125
vt 0.375 0.46875
vt 0.3984375 0.46875
vt 0.3984375 0.3984375
vt 0.375 0.3984375
vt 0.34375 0.828125
vt 0.6875 0.828125
vt 0.6875 0.7578125
vt 0.34375 0.7578125
vt 0.3984375 0.46875
vt 0.421875 0.46875
vt 0.421875 0.3984375
vt 0.3984375 0.3984375
vt 0.6875 0.5078125
vt 0.34375 0.5078125
vt 0.34375 0.53125
vt 0.6875 0.53125
vn 0 0 -1
vn 1 0 0
vn 0 0 1
vn -1 0 0
vn 0 1 0
usemtl m_600a8a1a-c1d7-7a8d-bd70-a76e2b9bde42
f 3516/8536/2134 3519/8535/2134 3517/8534/2134 3514/8533/2134
f 3515/8540/2135 3516/8539/2135 3514/8538/2135 3513/8537/2135
f 3520/8544/2136 3515/8543/2136 3513/8542/2136 3518/8541/2136
f 3519/8548/2137 3520/8547/2137 3518/8546/2137 3517/8545/2137
f 3518/8552/2138 3513/8551/2138 3514/8550/2138 3517/8549/2138
o cube
v 11.7671875 1.0171875 6.6421875
v 11.7671875 1.0171875 5.6703125
v 11.7671875 0.8578125000000001 6.6421875
v 11.7671875 0.8578125000000001 5.6703125
v 11.4828125 1.0171875 5.6703125
v 11.4828125 1.0171875 6.6421875
v 11.4828125 0.8578125000000001 5.6703125
v 11.4828125 0.8578125000000001 6.6421875
vt 0.484375 0.4296875
vt 0.515625 0.4296875
vt 0.515625 0.4140625
vt 0.484375 0.4140625
vt 0 0.578125
vt 0.1171875 0.578125
vt 0.1171875 0.5625
vt 0 0.5625
vt 0.515625 0.4296875
vt 0.546875 0.4296875
vt 0.546875 0.4140625
vt 0.515625 0.4140625
vt 0.1171875 0.578125
vt 0.234375 0.578125
vt 0.234375 0.5625
vt 0.1171875 0.5625
vt 0.03125 0.359375
vt 0 0.359375
vt 0 0.4765625
vt 0.03125 0.4765625
vt 0.0625 0.4765625
vt 0.03125 0.4765625
vt 0.03125 0.359375
vt 0.0625 0.359375
vn 0 0 -1
vn 1 0 0
vn 0 0 1
vn -1 0 0
vn 0 1 0
vn 0 -1 0
usemtl m_600a8a1a-c1d7-7a8d-bd70-a76e2b9bde42
f 3524/8556/2139 3527/8555/2139 3525/8554/2139 3522/8553/2139
f 3523/8560/2140 3524/8559/2140 3522/8558/2140 3521/8557/2140
f 3528/8564/2141 3523/8563/2141 3521/8562/2141 3526/8561/2141
f 3527/8568/2142 3528/8567/2142 3526/8566/2142 3525/8565/2142
f 3526/8572/2143 3521/8571/2143 3522/8570/2143 3525/8569/2143
f 3527/8576/2144 3524/8575/2144 3523/8574/2144 3528/8573/2144
o cube
v 11.75 0.875 5.8125
v 11.75 0.875 5.75
v 11.75 0 5.8125
v 11.75 0 5.75
v 11.5 0.875 5.75
v 11.5 0.875 5.8125
v 11.5 0 5.75
v 11.5 0 5.8125
vt 0.0625 0.4765625
vt 0.09375 0.4765625
vt 0.09375 0.3671875
vt 0.0625 0.3671875
vt 0.421875 0.46875
vt 0.4296875 0.46875
vt 0.4296875 0.359375
vt 0.421875 0.359375
vt 0.09375 0.4765625
vt 0.125 0.4765625
vt 0.125 0.3671875
vt 0.09375 0.3671875
vt 0.4296875 0.46875
vt 0.4375 0.46875
vt 0.4375 0.359375
vt 0.4296875 0.359375
vt 0.5625 0.7109375
vt 0.53125 0.7109375
vt 0.53125 0.703125
vt 0.5625 0.703125
vn 0 0 -1
vn 1 0 0
vn 0 0 1
vn -1 0 0
vn 0 -1 0
usemtl m_600a8a1a-c1d7-7a8d-bd70-a76e2b9bde42
f 3532/8580/2145 3535/8579/2145 3533/8578/2145 3530/8577/2145
f 3531/8584/2146 3532/8583/2146 3530/8582/2146 3529/8581/2146
f 3536/8588/2147 3531/8587/2147 3529/8586/2147 3534/8585/2147
f 3535/8592/2148 3536/8591/2148 3534/8590/2148 3533/8589/2148
f 3535/8596/2149 3532/8595/2149 3531/8594/2149 3536/8593/2149
o cube
v 11.75 0.875 6.625
v 11.75 0.875 6.5625
v 11.75 0 6.625
v 11.75 0 6.5625
v 11.5 0.875 6.5625
v 11.5 0.875 6.625
v 11.5 0 6.5625
v 11.5 0 6.625
vt 0.125 0.4765625
vt 0.15625 0.4765625
vt 0.15625 0.3671875
vt 0.125 0.3671875
vt 0.4375 0.46875
vt 0.4453125 0.46875
vt 0.4453125 0.359375
vt 0.4375 0.359375
vt 0.15625 0.4765625
vt 0.1875 0.4765625
vt 0.1875 0.3671875
vt 0.15625 0.3671875
vt 0.4453125 0.46875
vt 0.453125 0.46875
vt 0.453125 0.359375
vt 0.4453125 0.359375
vt 0.59375 0.7109375
vt 0.5625 0.7109375
vt 0.5625 0.703125
vt 0.59375 0.703125
vn 0 0 -1
vn 1 0 0
vn 0 0 1
vn -1 0 0
vn 0 -1 0
usemtl m_600a8a1a-c1d7-7a8d-bd70-a76e2b9bde42
f 3540/8600/2150 3543/8599/2150 3541/8598/2150 3538/8597/2150
f 3539/8604/2151 3540/8603/2151 3538/8602/2151 3537/8601/2151
f 3544/8608/2152 3539/8607/2152 3537/8606/2152 3542/8605/2152
f 3543/8612/2153 3544/8611/2153 3542/8610/2153 3541/8609/2153
f 3543/8616/2154 3540/8615/2154 3539/8614/2154 3544/8613/2154
o cube
v 11.75 0.25 6.5625
v 11.75 0.25 5.8125
v 11.75 0.125 6.5625
v 11.75 0.125 5.8125
v 11.5 0.25 5.8125
v 11.5 0.25 6.5625
v 11.5 0.125 5.8125
v 11.5 0.125 6.5625
vt 0.234375 0.578125
vt 0.328125 0.578125
vt 0.328125 0.5625
vt 0.234375 0.5625
vt 0.25 0.5234375
vt 0.34375 0.5234375
vt 0.34375 0.5078125
vt 0.25 0.5078125
vt 0.28125 0.375
vt 0.25 0.375
vt 0.25 0.46875
vt 0.28125 0.46875
vt 0.3125 0.46875
vt 0.28125 0.46875
vt 0.28125 0.375
vt 0.3125 0.375
vn 1 0 0
vn -1 0 0
vn 0 1 0
vn 0 -1 0
usemtl m_600a8a1a-c1d7-7a8d-bd70-a76e2b9bde42
f 3547/8620/2155 3548/8619/2155 3546/8618/2155 3545/8617/2155
f 3551/8624/2156 3552/8623/2156 3550/8622/2156 3549/8621/2156
f 3550/8628/2157 3545/8627/2157 3546/8626/2157 3549/8625/2157
f 3551/8632/2158 3548/8631/2158 3547/8630/2158 3552/8629/2158
o cube
v 11.75 0.5 6.5625
v 11.75 0.5 5.8125
v 11.75 0.4375 6.5625
v 11.75 0.4375 5.8125
v 11.5 0.5 5.8125
v 11.5 0.5 6.5625
v 11.5 0.4375 5.8125
v 11.5 0.4375 6.5625
vt 0.34375 0.7109375
vt 0.4375 0.7109375
vt 0.4375 0.703125
vt 0.34375 0.703125
vt 0.4375 0.7109375
vt 0.53125 0.7109375
vt 0.53125 0.703125
vt 0.4375 0.703125
vt 0.34375 0.375
vt 0.3125 0.375
vt 0.3125 0.46875
vt 0.34375 0.46875
vt 0.375 0.46875
vt 0.34375 0.46875
vt 0.34375 0.375
vt 0.375 0.375
vn 1 0 0
vn -1 0 0
vn 0 1 0
vn 0 -1 0
usemtl m_600a8a1a-c1d7-7a8d-bd70-a76e2b9bde42
f 3555/8636/2159 3556/8635/2159 3554/8634/2159 3553/8633/2159
f 3559/8640/2160 3560/8639/2160 3558/8638/2160 3557/8637/2160
f 3558/8644/2161 3553/8643/2161 3554/8642/2161 3557/8641/2161
f 3559/8648/2162 3556/8647/2162 3555/8646/2162 3560/8645/2162
o cube
v 14.625 0.5 6.5625
v 14.625 0.5 5.8125
v 14.625 0.4375 6.5625
v 14.625 0.4375 5.8125
v 14.375 0.5 5.8125
v 14.375 0.5 6.5625
v 14.375 0.4375 5.8125
v 14.375 0.4375 6.5625
vt 0.53125 0.7109375
vt 0.4375 0.7109375
vt 0.4375 0.703125
vt 0.53125 0.703125
vt 0.4375 0.7109375
vt 0.34375 0.7109375
vt 0.34375 0.703125
vt 0.4375 0.703125
vt 0.3125 0.375
vt 0.34375 0.375
vt 0.34375 0.46875
vt 0.3125 0.46875
vt 0.34375 0.46875
vt 0.375 0.46875
vt 0.375 0.375
vt 0.34375 0.375
vn 1 0 0
vn -1 0 0
vn 0 1 0
vn 0 -1 0
usemtl m_600a8a1a-c1d7-7a8d-bd70-a76e2b9bde42
f 3563/8652/2163 3564/8651/2163 3562/8650/2163 3561/8649/2163
f 3567/8656/2164 3568/8655/2164 3566/8654/2164 3565/8653/2164
f 3566/8660/2165 3561/8659/2165 3562/8658/2165 3565/8657/2165
f 3567/8664/2166 3564/8663/2166 3563/8662/2166 3568/8661/2166
o cube
v 14.625 0.25 6.5625
v 14.625 0.25 5.8125
v 14.625 0.125 6.5625
v 14.625 0.125 5.8125
v 14.375 0.25 5.8125
v 14.375 0.25 6.5625
v 14.375 0.125 5.8125
v 14.375 0.125 6.5625
vt 0.34375 0.5234375
vt 0.25 0.5234375
vt 0.25 0.5078125
vt 0.34375 0.5078125
vt 0.328125 0.578125
vt 0.234375 0.578125
vt 0.234375 0.5625
vt 0.328125 0.5625
vt 0.25 0.375
vt 0.28125 0.375
vt 0.28125 0.46875
vt 0.25 0.46875
vt 0.28125 0.46875
vt 0.3125 0.46875
vt 0.3125 0.375
vt 0.28125 0.375
vn 1 0 0
vn -1 0 0
vn 0 1 0
vn 0 -1 0
usemtl m_600a8a1a-c1d7-7a8d-bd70-a76e2b9bde42
f 3571/8668/2167 3572/8667/2167 3570/8666/2167 3569/8665/2167
f 3575/8672/2168 3576/8671/2168 3574/8670/2168 3573/8669/2168
f 3574/8676/2169 3569/8675/2169 3570/8674/2169 3573/8673/2169
f 3575/8680/2170 3572/8679/2170 3571/8678/2170 3576/8677/2170
o cube
v 14.625 0.875 6.625
v 14.625 0.875 6.5625
v 14.625 0 6.625
v 14.625 0 6.5625
v 14.375 0.875 6.5625
v 14.375 0.875 6.625
v 14.375 0 6.5625
v 14.375 0 6.625
vt 0.15625 0.4765625
vt 0.125 0.4765625
vt 0.125 0.3671875
vt 0.15625 0.3671875
vt 0.453125 0.46875
vt 0.4453125 0.46875
vt 0.4453125 0.359375
vt 0.453125 0.359375
vt 0.1875 0.4765625
vt 0.15625 0.4765625
vt 0.15625 0.3671875
vt 0.1875 0.3671875
vt 0.4453125 0.46875
vt 0.4375 0.46875
vt 0.4375 0.359375
vt 0.4453125 0.359375
vt 0.5625 0.7109375
vt 0.59375 0.7109375
vt 0.59375 0.703125
vt 0.5625 0.703125
vn 0 0 -1
vn 1 0 0
vn 0 0 1
vn -1 0 0
vn 0 -1 0
usemtl m_600a8a1a-c1d7-7a8d-bd70-a76e2b9bde42
f 3580/8684/2171 3583/8683/2171 3581/8682/2171 3578/8681/2171
f 3579/8688/2172 3580/8687/2172 3578/8686/2172 3577/8685/2172
f 3584/8692/2173 3579/8691/2173 3577/8690/2173 3582/8689/2173
f 3583/8696/2174 3584/8695/2174 3582/8694/2174 3581/8693/2174
f 3583/8700/2175 3580/8699/2175 3579/8698/2175 3584/8697/2175
o cube
v 14.625 0.875 5.8125
v 14.625 0.875 5.75
v 14.625 0 5.8125
v 14.625 0 5.75
v 14.375 0.875 5.75
v 14.375 0.875 5.8125
v 14.375 0 5.75
v 14.375 0 5.8125
vt 0.09375 0.4765625
vt 0.0625 0.4765625
vt 0.0625 0.3671875
vt 0.09375 0.3671875
vt 0.4375 0.46875
vt 0.4296875 0.46875
vt 0.4296875 0.359375
vt 0.4375 0.359375
vt 0.125 0.4765625
vt 0.09375 0.4765625
vt 0.09375 0.3671875
vt 0.125 0.3671875
vt 0.4296875 0.46875
vt 0.421875 0.46875
vt 0.421875 0.359375
vt 0.4296875 0.359375
vt 0.53125 0.7109375
vt 0.5625 0.7109375
vt 0.5625 0.703125
vt 0.53125 0.703125
vn 0 0 -1
vn 1 0 0
vn 0 0 1
vn -1 0 0
vn 0 -1 0
usemtl m_600a8a1a-c1d7-7a8d-bd70-a76e2b9bde42
f 3588/8704/2176 3591/8703/2176 3589/8702/2176 3586/8701/2176
f 3587/8708/2177 3588/8707/2177 3586/8706/2177 3585/8705/2177
f 3592/8712/2178 3587/8711/2178 3585/8710/2178 3590/8709/2178
f 3591/8716/2179 3592/8715/2179 3590/8714/2179 3589/8713/2179
f 3591/8720/2180 3588/8719/2180 3587/8718/2180 3592/8717/2180
o cube
v 14.6421875 1.0171875 6.6421875
v 14.6421875 1.0171875 5.6703125
v 14.6421875 0.8578125000000001 6.6421875
v 14.6421875 0.8578125000000001 5.6703125
v 14.3578125 1.0171875 5.6703125
v 14.3578125 1.0171875 6.6421875
v 14.3578125 0.8578125000000001 5.6703125
v 14.3578125 0.8578125000000001 6.6421875
vt 0.515625 0.4296875
vt 0.484375 0.4296875
vt 0.484375 0.4140625
vt 0.515625 0.4140625
vt 0.234375 0.578125
vt 0.1171875 0.578125
vt 0.1171875 0.5625
vt 0.234375 0.5625
vt 0.546875 0.4296875
vt 0.515625 0.4296875
vt 0.515625 0.4140625
vt 0.546875 0.4140625
vt 0.1171875 0.578125
vt 0 0.578125
vt 0 0.5625
vt 0.1171875 0.5625
vt 0 0.359375
vt 0.03125 0.359375
vt 0.03125 0.4765625
vt 0 0.4765625
vt 0.03125 0.4765625
vt 0.0625 0.4765625
vt 0.0625 0.359375
vt 0.03125 0.359375
vn 0 0 -1
vn 1 0 0
vn 0 0 1
vn -1 0 0
vn 0 1 0
vn 0 -1 0
usemtl m_600a8a1a-c1d7-7a8d-bd70-a76e2b9bde42
f 3596/8724/2181 3599/8723/2181 3597/8722/2181 3594/8721/2181
f 3595/8728/2182 3596/8727/2182 3594/8726/2182 3593/8725/2182
f 3600/8732/2183 3595/8731/2183 3593/8730/2183 3598/8729/2183
f 3599/8736/2184 3600/8735/2184 3598/8734/2184 3597/8733/2184
f 3598/8740/2185 3593/8739/2185 3594/8738/2185 3597/8737/2185
f 3599/8744/2186 3596/8743/2186 3595/8742/2186 3600/8741/2186
o cube
v 14.4359375 0.12343749999999998 6.6234375
v 14.4359375 0.12343749999999998 6.4390625
v 14.4359375 0.0015625000000000222 6.6234375
v 14.4359375 0.0015625000000000222 6.4390625
v 14.1890625 0.12343749999999998 6.4390625
v 14.1890625 0.12343749999999998 6.6234375
v 14.1890625 0.0015625000000000222 6.4390625
v 14.1890625 0.0015625000000000222 6.6234375
vt 0.484375 0.4453125
vt 0.453125 0.4453125
vt 0.453125 0.4296875
vt 0.484375 0.4296875
vt 0.6015625 0.4609375
vt 0.578125 0.4609375
vt 0.578125 0.4453125
vt 0.6015625 0.4453125
vt 0.515625 0.4453125
vt 0.484375 0.4453125
vt 0.484375 0.4296875
vt 0.515625 0.4296875
vt 0.6015625 0.4765625
vt 0.578125 0.4765625
vt 0.578125 0.4609375
vt 0.6015625 0.4609375
vt 0.515625 0.46875
vt 0.546875 0.46875
vt 0.546875 0.4453125
vt 0.515625 0.4453125
vn 0 0 -1
vn 1 0 0
vn 0 0 1
vn -1 0 0
vn 0 -1 0
usemtl m_600a8a1a-c1d7-7a8d-bd70-a76e2b9bde42
f 3604/8748/2187 3607/8747/2187 3605/8746/2187 3602/8745/2187
f 3603/8752/2188 3604/8751/2188 3602/8750/2188 3601/8749/2188
f 3608/8756/2189 3603/8755/2189 3601/8754/2189 3606/8753/2189
f 3607/8760/2190 3608/8759/2190 3606/8758/2190 3605/8757/2190
f 3607/8764/2191 3604/8763/2191 3603/8762/2191 3608/8761/2191
o cube
v 11.0015625 0.8140624999999999 6.5015625
v 11.0015625 0.8140624999999999 5.4984375
v 11.0015625 0.5609375000000001 6.5015625
v 11.0015625 0.5609375000000001 5.4984375
v 8.3734375 0.8140624999999999 5.4984375
v 8.3734375 0.8140624999999999 6.5015625
v 8.3734375 0.5609375000000001 5.4984375
v 8.3734375 0.5609375000000001 6.5015625
vt 0.328125 0.7890625
vt 0.65625 0.7890625
vt 0.65625 0.7578125
vt 0.328125 0.7578125
vt 0 0.5703125
vt 0.125 0.5703125
vt 0.125 0.5390625
vt 0 0.5390625
vt 0.3125 0.6484375
vt 0.640625 0.6484375
vt 0.640625 0.6171875
vt 0.3125 0.6171875
vt 0.125 0.5703125
vt 0.25 0.5703125
vt 0.25 0.5390625
vt 0.125 0.5390625
vt 0.328125 0.875
vt 0 0.875
vt 0 1
vt 0.328125 1
vt 0.328125 0.875
vt 0 0.875
vt 0 0.75
vt 0.328125 0.75
vn 0 0 -1
vn 1 0 0
vn 0 0 1
vn -1 0 0
vn 0 1 0
vn 0 -1 0
usemtl m_f3925f22-d924-345e-9280-531895b55540
f 3612/8768/2192 3615/8767/2192 3613/8766/2192 3610/8765/2192
f 3611/8772/2193 3612/8771/2193 3610/8770/2193 3609/8769/2193
f 3616/8776/2194 3611/8775/2194 3609/8774/2194 3614/8773/2194
f 3615/8780/2195 3616/8779/2195 3614/8778/2195 3613/8777/2195
f 3614/8784/2196 3609/8783/2196 3610/8782/2196 3613/8781/2196
f 3615/8788/2197 3612/8787/2197 3611/8786/2197 3616/8785/2197
o cube
v 10.9375 0.5625 6.5
v 10.9375 0.5625 5.5
v 10.9375 0.4375 6.5
v 10.9375 0.4375 5.5
v 8.4375 0.5625 5.5
v 8.4375 0.5625 6.5
v 8.4375 0.4375 5.5
v 8.4375 0.4375 6.5
vt 0 0.5859375
vt 0.3125 0.5859375
vt 0.3125 0.5703125
vt 0 0.5703125
vt 0.3125 0.5703125
vt 0.4375 0.5703125
vt 0.4375 0.5546875
vt 0.3125 0.5546875
vt 0.3125 0.5859375
vt 0.625 0.5859375
vt 0.625 0.5703125
vt 0.3125 0.5703125
vt 0.4375 0.5703125
vt 0.5625 0.5703125
vt 0.5625 0.5546875
vt 0.4375 0.5546875
vt 0.3125 0.75
vt 0 0.75
vt 0 0.625
vt 0.3125 0.625
vn 0 0 -1
vn 1 0 0
vn 0 0 1
vn -1 0 0
vn 0 -1 0
usemtl m_f3925f22-d924-345e-9280-531895b55540
f 3620/8792/2198 3623/8791/2198 3621/8790/2198 3618/8789/2198
f 3619/8796/2199 3620/8795/2199 3618/8794/2199 3617/8793/2199
f 3624/8800/2200 3619/8799/2200 3617/8798/2200 3622/8797/2200
f 3623/8804/2201 3624/8803/2201 3622/8802/2201 3621/8801/2201
f 3623/8808/2202 3620/8807/2202 3619/8806/2202 3624/8805/2202
o cube
v 10.875 0.4375 6.4375
v 10.875 0.4375 5.5625
v 10.875 0.375 6.4375
v 10.875 0.375 5.5625
v 8.5 0.4375 5.5625
v 8.5 0.4375 6.4375
v 8.5 0.375 5.5625
v 8.5 0.375 6.4375
vt 0.328125 0.7578125
vt 0.625 0.7578125
vt 0.625 0.75
vt 0.328125 0.75
vt 0.3125 0.5546875
vt 0.421875 0.5546875
vt 0.421875 0.546875
vt 0.3125 0.546875
vt 0 0.625
vt 0.296875 0.625
vt 0.296875 0.6171875
vt 0 0.6171875
vt 0.421875 0.5546875
vt 0.53125 0.5546875
vt 0.53125 0.546875
vt 0.421875 0.546875
vt 0.625 0.8984375
vt 0.328125 0.8984375
vt 0.328125 0.7890625
vt 0.625 0.7890625
vn 0 0 -1
vn 1 0 0
vn 0 0 1
vn -1 0 0
vn 0 -1 0
usemtl m_f3925f22-d924-345e-9280-531895b55540
f 3628/8812/2203 3631/8811/2203 3629/8810/2203 3626/8809/2203
f 3627/8816/2204 3628/8815/2204 3626/8814/2204 3625/8813/2204
f 3632/8820/2205 3627/8819/2205 3625/8818/2205 3630/8817/2205
f 3631/8824/2206 3632/8823/2206 3630/8822/2206 3629/8821/2206
f 3631/8828/2207 3628/8827/2207 3627/8826/2207 3632/8825/2207
o cube
v 8.64362072380603 0.3419058348350532 5.7073600213702465
v 8.645750359662964 0.3580820251539608 5.58342941369852
v 8.595092152849308 -0.02670525759414699 5.658412699287727
v 8.597221788706241 -0.010529067275239501 5.534482091616001
v 8.521819751991238 0.3743977991814673 5.58342941369852
v 8.519690116134305 0.3582216088625597 5.7073600213702465
v 8.473291181034515 0.00578670675226689 5.534482091616001
v 8.471161545177582 -0.0103894835666406 5.658412699287727
vt 0.3125 0.546875
vt 0.328125 0.546875
vt 0.328125 0.5
vt 0.3125 0.5
vt 0.328125 0.546875
vt 0.34375 0.546875
vt 0.34375 0.5
vt 0.328125 0.5
vt 0.34375 0.546875
vt 0.359375 0.546875
vt 0.359375 0.5
vt 0.34375 0.5
vt 0.359375 0.546875
vt 0.375 0.546875
vt 0.375 0.5
vt 0.359375 0.5
vt 0.109375 0.5390625
vt 0.09375 0.5390625
vt 0.09375 0.5234375
vt 0.109375 0.5234375
vn 0.017037086855465854 0.1294095225512604 -0.9914448613738105
vn 0.9914448613738105 -0.1305261922200516 -3.469446951953615e-18
vn -0.017037086855465854 -0.1294095225512604 0.9914448613738105
vn -0.9914448613738105 0.1305261922200516 3.469446951953615e-18
vn -0.12940952255126037 -0.9829629131445341 -0.13052619222005157
usemtl m_f3925f22-d924-345e-9280-531895b55540
f 3636/8832/2208 3639/8831/2208 3637/8830/2208 3634/8829/2208
f 3635/8836/2209 3636/8835/2209 3634/8834/2209 3633/8833/2209
f 3640/8840/2210 3635/8839/2210 3633/8838/2210 3638/8837/2210
f 3639/8844/2211 3640/8843/2211 3638/8842/2211 3637/8841/2211
f 3639/8848/2212 3636/8847/2212 3635/8846/2212 3640/8845/2212
o cube
v 8.668955964232197 0.41463831688116826 5.733048706096404
v 8.671618009053363 0.4348585547798026 5.578135446506746
v 8.648735726333562 0.26105036170233475 5.71265398856202
v 8.651397771154729 0.28127059960096923 5.557740728972362
v 8.516704749463706 0.4552532723141858 5.578135446506746
v 8.51404270464254 0.4350330344155513 5.733048706096404
v 8.496484511565072 0.3016653171353523 5.557740728972362
v 8.493822466743906 0.2814450792367178 5.71265398856202
vt 0.109375 0.5390625
vt 0.125 0.5390625
vt 0.125 0.5234375
vt 0.109375 0.5234375
vt 0.125 0.5390625
vt 0.140625 0.5390625
vt 0.140625 0.5234375
vt 0.125 0.5234375
vt 0.140625 0.5390625
vt 0.15625 0.5390625
vt 0.15625 0.5234375
vt 0.140625 0.5234375
vt 0.15625 0.5390625
vt 0.171875 0.5390625
vt 0.171875 0.5234375
vt 0.15625 0.5234375
vn 0.017037086855465854 0.1294095225512604 -0.9914448613738105
vn 0.9914448613738105 -0.1305261922200516 -3.469446951953615e-18
vn -0.017037086855465854 -0.1294095225512604 0.9914448613738105
vn -0.9914448613738105 0.1305261922200516 3.469446951953615e-18
usemtl m_f3925f22-d924-345e-9280-531895b55540
f 3644/8852/2213 3647/8851/2213 3645/8850/2213 3642/8849/2213
f 3643/8856/2214 3644/8855/2214 3642/8854/2214 3641/8853/2214
f 3648/8860/2215 3643/8859/2215 3641/8858/2215 3646/8857/2215
f 3647/8864/2216 3648/8863/2216 3646/8862/2216 3645/8861/2216
o cube
v 8.645750359662964 0.3580820251539608 6.41657058630148
v 8.64362072380603 0.3419058348350532 6.2926399786297535
v 8.597221788706241 -0.010529067275239501 6.465517908383999
v 8.595092152849308 -0.02670525759414699 6.341587300712273
v 8.519690116134305 0.3582216088625597 6.2926399786297535
v 8.521819751991238 0.3743977991814673 6.41657058630148
v 8.471161545177582 -0.0103894835666406 6.341587300712273
v 8.473291181034515 0.00578670675226689 6.465517908383999
vt 0.375 0.546875
vt 0.390625 0.546875
vt 0.390625 0.5
vt 0.375 0.5
vt 0.390625 0.546875
vt 0.40625 0.546875
vt 0.40625 0.5
vt 0.390625 0.5
vt 0.40625 0.546875
vt 0.421875 0.546875
vt 0.421875 0.5
vt 0.40625 0.5
vt 0.421875 0.546875
vt 0.4375 0.546875
vt 0.4375 0.5
vt 0.421875 0.5
vt 0.1875 0.5390625
vt 0.171875 0.5390625
vt 0.171875 0.5234375
vt 0.1875 0.5234375
vn -0.017037086855465854 -0.1294095225512604 -0.9914448613738105
vn 0.9914448613738105 -0.1305261922200516 3.469446951953615e-18
vn 0.017037086855465854 0.1294095225512604 0.9914448613738105
vn -0.9914448613738105 0.1305261922200516 -3.469446951953615e-18
vn -0.12940952255126037 -0.9829629131445341 0.13052619222005157
usemtl m_f3925f22-d924-345e-9280-531895b55540
f 3652/8868/2217 3655/8867/2217 3653/8866/2217 3650/8865/2217
f 3651/8872/2218 3652/8871/2218 3650/8870/2218 3649/8869/2218
f 3656/8876/2219 3651/8875/2219 3649/8874/2219 3654/8873/2219
f 3655/8880/2220 3656/8879/2220 3654/8878/2220 3653/8877/2220
f 3655/8884/2221 3652/8883/2221 3651/8882/2221 3656/8881/2221
o cube
v 8.671618009053363 0.4348585547798026 6.421864553493254
v 8.668955964232197 0.41463831688116826 6.266951293903596
v 8.651397771154729 0.28127059960096923 6.442259271027638
v 8.648735726333562 0.26105036170233475 6.28734601143798
v 8.51404270464254 0.4350330344155513 6.266951293903596
v 8.516704749463706 0.4552532723141858 6.421864553493254
v 8.493822466743906 0.2814450792367178 6.28734601143798
v 8.496484511565072 0.3016653171353523 6.442259271027638
vt 0.1875 0.5390625
vt 0.203125 0.5390625
vt 0.203125 0.5234375
vt 0.1875 0.5234375
vt 0.203125 0.5390625
vt 0.21875 0.5390625
vt 0.21875 0.5234375
vt 0.203125 0.5234375
vt 0.21875 0.5390625
vt 0.234375 0.5390625
vt 0.234375 0.5234375
vt 0.21875 0.5234375
vt 0.234375 0.5390625
vt 0.25 0.5390625
vt 0.25 0.5234375
vt 0.234375 0.5234375
vn -0.017037086855465854 -0.1294095225512604 -0.9914448613738105
vn 0.9914448613738105 -0.1305261922200516 3.469446951953615e-18
vn 0.017037086855465854 0.1294095225512604 0.9914448613738105
vn -0.9914448613738105 0.1305261922200516 -3.469446951953615e-18
usemtl m_f3925f22-d924-345e-9280-531895b55540
f 3660/8888/2222 3663/8887/2222 3661/8886/2222 3658/8885/2222
f 3659/8892/2223 3660/8891/2223 3658/8890/2223 3657/8889/2223
f 3664/8896/2224 3659/8895/2224 3657/8894/2224 3662/8893/2224
f 3663/8900/2225 3664/8899/2225 3662/8898/2225 3661/8897/2225
o cube
v 10.858295250536294 0.4552532723141858 6.421864553493254
v 10.86095729535746 0.4350330344155513 6.266951293903596
v 10.878515488434928 0.3016653171353523 6.442259271027638
v 10.881177533256094 0.2814450792367178 6.28734601143798
v 10.706044035767803 0.41463831688116826 6.266951293903596
v 10.703381990946637 0.4348585547798026 6.421864553493254
v 10.726264273666438 0.26105036170233475 6.28734601143798
v 10.723602228845271 0.28127059960096923 6.442259271027638
vt 0.46875 0.546875
vt 0.484375 0.546875
vt 0.484375 0.53125
vt 0.46875 0.53125
vt 0.46875 0.53125
vt 0.484375 0.53125
vt 0.484375 0.515625
vt 0.46875 0.515625
vt 0.09375 0.5234375
vt 0.109375 0.5234375
vt 0.109375 0.5078125
vt 0.09375 0.5078125
vt 0.109375 0.5234375
vt 0.125 0.5234375
vt 0.125 0.5078125
vt 0.109375 0.5078125
vn 0.017037086855465854 -0.1294095225512604 -0.9914448613738105
vn 0.9914448613738105 0.1305261922200516 -3.469446951953615e-18
vn -0.017037086855465854 0.1294095225512604 0.9914448613738105
vn -0.9914448613738105 -0.1305261922200516 3.469446951953615e-18
usemtl m_f3925f22-d924-345e-9280-531895b55540
f 3668/8904/2226 3671/8903/2226 3669/8902/2226 3666/8901/2226
f 3667/8908/2227 3668/8907/2227 3666/8906/2227 3665/8905/2227
f 3672/8912/2228 3667/8911/2228 3665/8910/2228 3670/8909/2228
f 3671/8916/2229 3672/8915/2229 3670/8914/2229 3669/8913/2229
o cube
v 10.853180248008762 0.3743977991814673 6.41657058630148
v 10.855309883865695 0.3582216088625597 6.2926399786297535
v 10.901708818965485 0.00578670675226689 6.465517908383999
v 10.903838454822418 -0.0103894835666406 6.341587300712273
v 10.73137927619397 0.3419058348350532 6.2926399786297535
v 10.729249640337036 0.3580820251539608 6.41657058630148
v 10.779907847150692 -0.02670525759414699 6.341587300712273
v 10.777778211293759 -0.010529067275239501 6.465517908383999
vt 0.4375 0.546875
vt 0.453125 0.546875
vt 0.453125 0.5
vt 0.4375 0.5
vt 0.453125 0.546875
vt 0.46875 0.546875
vt 0.46875 0.5
vt 0.453125 0.5
vt 0 0.5390625
vt 0.015625 0.5390625
vt 0.015625 0.4921875
vt 0 0.4921875
vt 0.015625 0.5390625
vt 0.03125 0.5390625
vt 0.03125 0.4921875
vt 0.015625 0.4921875
vt 0.140625 0.5234375
vt 0.125 0.5234375
vt 0.125 0.5078125
vt 0.140625 0.5078125
vn 0.017037086855465854 -0.1294095225512604 -0.9914448613738105
vn 0.9914448613738105 0.1305261922200516 -3.469446951953615e-18
vn -0.017037086855465854 0.1294095225512604 0.9914448613738105
vn -0.9914448613738105 -0.1305261922200516 3.469446951953615e-18
vn 0.12940952255126037 -0.9829629131445341 0.13052619222005157
usemtl m_f3925f22-d924-345e-9280-531895b55540
f 3676/8920/2230 3679/8919/2230 3677/8918/2230 3674/8917/2230
f 3675/8924/2231 3676/8923/2231 3674/8922/2231 3673/8921/2231
f 3680/8928/2232 3675/8927/2232 3673/8926/2232 3678/8925/2232
f 3679/8932/2233 3680/8931/2233 3678/8930/2233 3677/8929/2233
f 3679/8936/2234 3676/8935/2234 3675/8934/2234 3680/8933/2234
o cube
v 10.86095729535746 0.4350330344155513 5.733048706096404
v 10.858295250536294 0.4552532723141858 5.578135446506746
v 10.881177533256094 0.2814450792367178 5.71265398856202
v 10.878515488434928 0.3016653171353523 5.557740728972362
v 10.703381990946637 0.4348585547798026 5.578135446506746
v 10.706044035767803 0.41463831688116826 5.733048706096404
v 10.723602228845271 0.28127059960096923 5.557740728972362
v 10.726264273666438 0.26105036170233475 5.71265398856202
vt 0.140625 0.5234375
vt 0.15625 0.5234375
vt 0.15625 0.5078125
vt 0.140625 0.5078125
vt 0.15625 0.5234375
vt 0.171875 0.5234375
vt 0.171875 0.5078125
vt 0.15625 0.5078125
vt 0.171875 0.5234375
vt 0.1875 0.5234375
vt 0.1875 0.5078125
vt 0.171875 0.5078125
vt 0.1875 0.5234375
vt 0.203125 0.5234375
vt 0.203125 0.5078125
vt 0.1875 0.5078125
vn -0.017037086855465854 0.1294095225512604 -0.9914448613738105
vn 0.9914448613738105 0.1305261922200516 3.469446951953615e-18
vn 0.017037086855465854 -0.1294095225512604 0.9914448613738105
vn -0.9914448613738105 -0.1305261922200516 -3.469446951953615e-18
usemtl m_f3925f22-d924-345e-9280-531895b55540
f 3684/8940/2235 3687/8939/2235 3685/8938/2235 3682/8937/2235
f 3683/8944/2236 3684/8943/2236 3682/8942/2236 3681/8941/2236
f 3688/8948/2237 3683/8947/2237 3681/8946/2237 3686/8945/2237
f 3687/8952/2238 3688/8951/2238 3686/8950/2238 3685/8949/2238
o cube
v 10.855309883865695 0.3582216088625597 5.7073600213702465
v 10.853180248008762 0.3743977991814673 5.58342941369852
v 10.903838454822418 -0.0103894835666406 5.658412699287727
v 10.901708818965485 0.00578670675226689 5.534482091616001
v 10.729249640337036 0.3580820251539608 5.58342941369852
v 10.73137927619397 0.3419058348350532 5.7073600213702465
v 10.777778211293759 -0.010529067275239501 5.534482091616001
v 10.779907847150692 -0.02670525759414699 5.658412699287727
vt 0.03125 0.5390625
vt 0.046875 0.5390625
vt 0.046875 0.4921875
vt 0.03125 0.4921875
vt 0.046875 0.5390625
vt 0.0625 0.5390625
vt 0.0625 0.4921875
vt 0.046875 0.4921875
vt 0.0625 0.5390625
vt 0.078125 0.5390625
vt 0.078125 0.4921875
vt 0.0625 0.4921875
vt 0.078125 0.5390625
vt 0.09375 0.5390625
vt 0.09375 0.4921875
vt 0.078125 0.4921875
vt 0.21875 0.5234375
vt 0.203125 0.5234375
vt 0.203125 0.5078125
vt 0.21875 0.5078125
vn -0.017037086855465854 0.1294095225512604 -0.9914448613738105
vn 0.9914448613738105 0.1305261922200516 3.469446951953615e-18
vn 0.017037086855465854 -0.1294095225512604 0.9914448613738105
vn -0.9914448613738105 -0.1305261922200516 -3.469446951953615e-18
vn 0.12940952255126037 -0.9829629131445341 -0.13052619222005157
usemtl m_f3925f22-d924-345e-9280-531895b55540
f 3692/8956/2239 3695/8955/2239 3693/8954/2239 3690/8953/2239
f 3691/8960/2240 3692/8959/2240 3690/8958/2240 3689/8957/2240
f 3696/8964/2241 3691/8963/2241 3689/8962/2241 3694/8961/2241
f 3695/8968/2242 3696/8967/2242 3694/8966/2242 3693/8965/2242
f 3695/8972/2243 3692/8971/2243 3691/8970/2243 3696/8969/2243
o cube
v 11.003125 1.381994743407429 6.669879721639179
v 11.003125 1.4264920889345798 6.417522734929802
v 11.003125 0.5756833956286835 6.52770527617438
v 11.003125 0.6201807411558344 6.275348289465002
v 8.371875 1.4264920889345798 6.417522734929802
v 8.371875 1.381994743407429 6.669879721639179
v 8.371875 0.6201807411558344 6.275348289465002
v 8.371875 0.5756833956286835 6.52770527617438
vt 0.3125 0.75
vt 0.640625 0.75
vt 0.640625 0.6484375
vt 0.3125 0.6484375
vt 0.25 0.5703125
vt 0.28125 0.5703125
vt 0.28125 0.46875
vt 0.25 0.46875
vt 0.328125 1
vt 0.65625 1
vt 0.65625 0.8984375
vt 0.328125 0.8984375
vt 0.28125 0.5703125
vt 0.3125 0.5703125
vt 0.3125 0.46875
vt 0.28125 0.46875
vt 0.328125 0.5859375
vt 0 0.5859375
vt 0 0.6171875
vt 0.328125 0.6171875
vt 0.65625 0.6171875
vt 0.328125 0.6171875
vt 0.328125 0.5859375
vt 0.65625 0.5859375
vn 0 0.17364817766693033 -0.984807753012208
vn 1 0 0
vn 0 -0.17364817766693033 0.984807753012208
vn -1 0 0
vn 0 0.984807753012208 0.17364817766693033
vn 0 -0.984807753012208 -0.17364817766693033
usemtl m_f3925f22-d924-345e-9280-531895b55540
f 3700/8976/2244 3703/8975/2244 3701/8974/2244 3698/8973/2244
f 3699/8980/2245 3700/8979/2245 3698/8978/2245 3697/8977/2245
f 3704/8984/2246 3699/8983/2246 3697/8982/2246 3702/8981/2246
f 3703/8988/2247 3704/8987/2247 3702/8986/2247 3701/8985/2247
f 3702/8992/2248 3697/8991/2248 3698/8990/2248 3701/8989/2248
f 3703/8996/2249 3700/8995/2249 3699/8994/2249 3704/8993/2249
o cube
v 3.875 0.8125 6.375
v 3.875 0.8125 5.4375
v 3.875 0.5625 6.375
v 3.875 0.5625 5.4375
v 1.625 0.8125 5.4375
v 1.625 0.8125 6.375
v 1.625 0.5625 5.4375
v 1.625 0.5625 6.375
vt 0.4375 0.59375
vt 0.71875 0.59375
vt 0.71875 0.5625
vt 0.4375 0.5625
vt 0.5 0.53125
vt 0.6171875 0.53125
vt 0.6171875 0.5
vt 0.5 0.5
vt 0.5 0.5
vt 0.6171875 0.5
vt 0.6171875 0.46875
vt 0.5 0.46875
vt 0.59375 0.8828125
vt 0.3125 0.8828125
vt 0.3125 1
vt 0.59375 1
vt 0.59375 0.8828125
vt 0.3125 0.8828125
vt 0.3125 0.765625
vt 0.59375 0.765625
vn 0 0 -1
vn 1 0 0
vn -1 0 0
vn 0 1 0
vn 0 -1 0
usemtl m_48627be9-7674-8f33-4ed2-dae89f90a3f9
f 3708/9000/2250 3711/8999/2250 3709/8998/2250 3706/8997/2250
f 3707/9004/2251 3708/9003/2251 3706/9002/2251 3705/9001/2251
f 3711/9008/2252 3712/9007/2252 3710/9006/2252 3709/9005/2252
f 3710/9012/2253 3705/9011/2253 3706/9010/2253 3709/9009/2253
f 3711/9016/2254 3708/9015/2254 3707/9014/2254 3712/9013/2254
o cube
v 4 0.5625 6.375
v 4 0.5625 5.5
v 4 0.3125 6.375
v 4 0.3125 5.5
v 1.5 0.5625 5.5
v 1.5 0.5625 6.375
v 1.5 0.3125 5.5
v 1.5 0.3125 6.375
vt 0.4375 0.65625
vt 0.75 0.65625
vt 0.75 0.625
vt 0.4375 0.625
vt 0.3125 0.6875
vt 0 0.6875
vt 0 0.578125
vt 0.3125 0.578125
vn 0 0 -1
vn 0 -1 0
usemtl m_48627be9-7674-8f33-4ed2-dae89f90a3f9
f 3716/9020/2255 3719/9019/2255 3717/9018/2255 3714/9017/2255
f 3719/9024/2256 3716/9023/2256 3715/9022/2256 3720/9021/2256
o cube
v 1.5462623183997724 1.099735467130882 6.4984375
v 1.5462623183997724 1.099735467130882 5.5015625
v 1.7395677927107176 0.3783096156212342 6.4984375
v 1.7395677927107176 0.3783096156212342 5.5015625
v 1.3077993800346586 1.0358395153711972 5.5015625
v 1.3077993800346586 1.0358395153711972 6.4984375
v 1.5011048543456038 0.31441366386154934 5.5015625
v 1.5011048543456038 0.31441366386154934 6.4984375
vt 0 0.484375
vt 0.03125 0.484375
vt 0.03125 0.390625
vt 0 0.390625
vt 0.3125 0.65625
vt 0.4375 0.65625
vt 0.4375 0.5625
vt 0.3125 0.5625
vt 0.03125 0.484375
vt 0.0625 0.484375
vt 0.0625 0.390625
vt 0.03125 0.390625
vt 0 0.578125
vt 0.125 0.578125
vt 0.125 0.484375
vt 0 0.484375
vt 0.46875 0.40625
vt 0.4375 0.40625
vt 0.4375 0.53125
vt 0.46875 0.53125
vn 0 0 -1
vn 0.9659258262890683 0.25881904510252074 0
vn 0 0 1
vn -0.9659258262890683 -0.25881904510252074 0
vn -0.25881904510252074 0.9659258262890683 0
usemtl m_48627be9-7674-8f33-4ed2-dae89f90a3f9
f 3724/9028/2257 3727/9027/2257 3725/9026/2257 3722/9025/2257
f 3723/9032/2258 3724/9031/2258 3722/9030/2258 3721/9029/2258
f 3728/9036/2259 3723/9035/2259 3721/9034/2259 3726/9033/2259
f 3727/9040/2260 3728/9039/2260 3726/9038/2260 3725/9037/2260
f 3726/9044/2261 3721/9043/2261 3722/9042/2261 3725/9041/2261
o cube
v 4.192200619965342 1.0358395153711972 6.4984375
v 4.192200619965342 1.0358395153711972 5.5015625
v 3.998895145654396 0.31441366386154934 6.4984375
v 3.998895145654396 0.31441366386154934 5.5015625
v 3.953737681600228 1.099735467130882 5.5015625
v 3.953737681600228 1.099735467130882 6.4984375
v 3.7604322072892824 0.3783096156212342 5.5015625
v 3.7604322072892824 0.3783096156212342 6.4984375
vt 0.0625 0.484375
vt 0.09375 0.484375
vt 0.09375 0.390625
vt 0.0625 0.390625
vt 0.125 0.578125
vt 0.25 0.578125
vt 0.25 0.484375
vt 0.125 0.484375
vt 0.09375 0.484375
vt 0.125 0.484375
vt 0.125 0.390625
vt 0.09375 0.390625
vt 0.25 0.5625
vt 0.375 0.5625
vt 0.375 0.46875
vt 0.25 0.46875
vt 0.5 0.40625
vt 0.46875 0.40625
vt 0.46875 0.53125
vt 0.5 0.53125
vn 0 0 -1
vn 0.9659258262890683 -0.25881904510252074 0
vn 0 0 1
vn -0.9659258262890683 0.25881904510252074 0
vn 0.25881904510252074 0.9659258262890683 0
usemtl m_48627be9-7674-8f33-4ed2-dae89f90a3f9
f 3732/9048/2262 3735/9047/2262 3733/9046/2262 3730/9045/2262
f 3731/9052/2263 3732/9051/2263 3730/9050/2263 3729/9049/2263
f 3736/9056/2264 3731/9055/2264 3729/9054/2264 3734/9053/2264
f 3735/9060/2265 3736/9059/2265 3734/9058/2265 3733/9057/2265
f 3734/9064/2266 3729/9063/2266 3730/9062/2266 3733/9061/2266
o cube
v 4 1.543962264331125 6.686759477809257
v 4 1.5765938123861378 6.438898262465806
v 4 0.30465618761386204 6.523601737534193
v 4 0.3372877356688748 6.275740522190742
v 1.5 1.5765938123861378 6.438898262465806
v 1.5 1.543962264331125 6.686759477809257
v 1.5 0.3372877356688748 6.275740522190742
v 1.5 0.30465618761386204 6.523601737534193
vt 0 1
vt 0.3125 1
vt 0.3125 0.84375
vt 0 0.84375
vt 0.375 0.53125
vt 0.40625 0.53125
vt 0.40625 0.375
vt 0.375 0.375
vt 0 0.84375
vt 0.3125 0.84375
vt 0.3125 0.6875
vt 0 0.6875
vt 0.40625 0.53125
vt 0.4375 0.53125
vt 0.4375 0.375
vt 0.40625 0.375
vt 0.6875 0.53125
vt 0.375 0.53125
vt 0.375 0.5625
vt 0.6875 0.5625
vt 0.75 0.625
vt 0.4375 0.625
vt 0.4375 0.59375
vt 0.75 0.59375
vn 0 0.13052619222005157 -0.9914448613738104
vn 1 0 0
vn 0 -0.13052619222005157 0.9914448613738104
vn -1 0 0
vn 0 0.9914448613738104 0.13052619222005157
vn 0 -0.9914448613738104 -0.13052619222005157
usemtl m_48627be9-7674-8f33-4ed2-dae89f90a3f9
f 3740/9068/2267 3743/9067/2267 3741/9066/2267 3738/9065/2267
f 3739/9072/2268 3740/9071/2268 3738/9070/2268 3737/9069/2268
f 3744/9076/2269 3739/9075/2269 3737/9074/2269 3742/9073/2269
f 3743/9080/2270 3744/9079/2270 3742/9078/2270 3741/9077/2270
f 3742/9084/2271 3737/9083/2271 3738/9082/2271 3741/9081/2271
f 3743/9088/2272 3740/9087/2272 3739/9086/2272 3744/9085/2272
o cube
v 3.9375 0.3125 6.4375
v 3.9375 0.3125 5.5625
v 3.9375 0.25 6.4375
v 3.9375 0.25 5.5625
v 1.5625 0.3125 5.5625
v 1.5625 0.3125 6.4375
v 1.5625 0.25 5.5625
v 1.5625 0.25 6.4375
vt 0.5 0.46875
vt 0.796875 0.46875
vt 0.796875 0.4609375
vt 0.5 0.4609375
vt 0.5 0.453125
vt 0.609375 0.453125
vt 0.609375 0.4453125
vt 0.5 0.4453125
vt 0.5 0.4609375
vt 0.796875 0.4609375
vt 0.796875 0.453125
vt 0.5 0.453125
vt 0.5 0.4453125
vt 0.609375 0.4453125
vt 0.609375 0.4375
vt 0.5 0.4375
vt 0.609375 0.765625
vt 0.3125 0.765625
vt 0.3125 0.65625
vt 0.609375 0.65625
vn 0 0 -1
vn 1 0 0
vn 0 0 1
vn -1 0 0
vn 0 -1 0
usemtl m_48627be9-7674-8f33-4ed2-dae89f90a3f9
f 3748/9092/2273 3751/9091/2273 3749/9090/2273 3746/9089/2273
f 3747/9096/2274 3748/9095/2274 3746/9094/2274 3745/9093/2274
f 3752/9100/2275 3747/9099/2275 3745/9098/2275 3750/9097/2275
f 3751/9104/2276 3752/9103/2276 3750/9102/2276 3749/9101/2276
f 3751/9108/2277 3748/9107/2277 3747/9106/2277 3752/9105/2277
o cube
v 1.7465611996033 0.6490817451927202 5.7481494564390125
v 1.7486908354602329 0.6652579355116277 5.624218848767287
v 1.6575921528493085 -0.02670525759414699 5.658412699287727
v 1.6597217887062414 -0.010529067275239501 5.534482091616001
v 1.6247602277885065 0.6815737095391341 5.624218848767287
v 1.622630591931573 0.6653975192202266 5.7481494564390125
v 1.535791181034515 0.00578670675226689 5.534482091616001
v 1.5336615451775817 -0.0103894835666406 5.658412699287727
vt 0.125 0.484375
vt 0.140625 0.484375
vt 0.140625 0.3984375
vt 0.125 0.3984375
vt 0.140625 0.484375
vt 0.15625 0.484375
vt 0.15625 0.3984375
vt 0.140625 0.3984375
vt 0.15625 0.484375
vt 0.171875 0.484375
vt 0.171875 0.3984375
vt 0.15625 0.3984375
vt 0.171875 0.484375
vt 0.1875 0.484375
vt 0.1875 0.3984375
vt 0.171875 0.3984375
vt 0.265625 0.578125
vt 0.25 0.578125
vt 0.25 0.5625
vt 0.265625 0.5625
vn 0.017037086855465854 0.1294095225512604 -0.9914448613738105
vn 0.9914448613738105 -0.1305261922200516 -3.469446951953615e-18
vn -0.017037086855465854 -0.1294095225512604 0.9914448613738105
vn -0.9914448613738105 0.1305261922200516 3.469446951953615e-18
vn -0.12940952255126037 -0.9829629131445341 -0.13052619222005157
usemtl m_48627be9-7674-8f33-4ed2-dae89f90a3f9
f 3756/9112/2278 3759/9111/2278 3757/9110/2278 3754/9109/2278
f 3755/9116/2279 3756/9115/2279 3754/9114/2279 3753/9113/2279
f 3760/9120/2280 3755/9119/2280 3753/9118/2280 3758/9117/2280
f 3759/9124/2281 3760/9123/2281 3758/9122/2281 3757/9121/2281
f 3759/9128/2282 3756/9127/2282 3755/9126/2282 3760/9125/2282
o cube
v 1.7152797739132897 0.2917679527381014 5.716732932068897
v 1.717941818734456 0.3119881906367359 5.561819672479239
v 1.6950595360146554 0.13817999755926802 5.6963382145345145
v 1.6977215808358217 0.15840023545790238 5.541424954944857
v 1.563028559144798 0.33238290817111893 5.561819672479239
v 1.5603665143236318 0.31216267027248445 5.716732932068897
v 1.5428083212461638 0.17879495299228543 5.541424954944857
v 1.5401462764249976 0.15857471509365106 5.6963382145345145
vt 0.265625 0.578125
vt 0.28125 0.578125
vt 0.28125 0.5625
vt 0.265625 0.5625
vt 0.28125 0.578125
vt 0.296875 0.578125
vt 0.296875 0.5625
vt 0.28125 0.5625
vt 0.296875 0.578125
vt 0.3125 0.578125
vt 0.3125 0.5625
vt 0.296875 0.5625
vt 0.5 0.4375
vt 0.515625 0.4375
vt 0.515625 0.421875
vt 0.5 0.421875
vn 0.017037086855465854 0.1294095225512604 -0.9914448613738105
vn 0.9914448613738105 -0.1305261922200516 -3.469446951953615e-18
vn -0.017037086855465854 -0.1294095225512604 0.9914448613738105
vn -0.9914448613738105 0.1305261922200516 3.469446951953615e-18
usemtl m_48627be9-7674-8f33-4ed2-dae89f90a3f9
f 3764/9132/2283 3767/9131/2283 3765/9130/2283 3762/9129/2283
f 3763/9136/2284 3764/9135/2284 3762/9134/2284 3761/9133/2284
f 3768/9140/2285 3763/9139/2285 3761/9138/2285 3766/9137/2285
f 3767/9144/2286 3768/9143/2286 3766/9142/2286 3765/9141/2286
o cube
v 1.7486908354602329 0.6652579355116277 6.375781151232713
v 1.7465611996033 0.6490817451927202 6.2518505435609875
v 1.6597217887062414 -0.010529067275239501 6.465517908383999
v 1.6575921528493085 -0.02670525759414699 6.341587300712273
v 1.622630591931573 0.6653975192202266 6.2518505435609875
v 1.6247602277885065 0.6815737095391341 6.375781151232713
v 1.5336615451775817 -0.0103894835666406 6.341587300712273
v 1.535791181034515 0.00578670675226689 6.465517908383999
vt 0.1875 0.484375
vt 0.203125 0.484375
vt 0.203125 0.3984375
vt 0.1875 0.3984375
vt 0.203125 0.484375
vt 0.21875 0.484375
vt 0.21875 0.3984375
vt 0.203125 0.3984375
vt 0.21875 0.484375
vt 0.234375 0.484375
vt 0.234375 0.3984375
vt 0.21875 0.3984375
vt 0.234375 0.484375
vt 0.25 0.484375
vt 0.25 0.3984375
vt 0.234375 0.3984375
vt 0.53125 0.4375
vt 0.515625 0.4375
vt 0.515625 0.421875
vt 0.53125 0.421875
vn -0.017037086855465854 -0.1294095225512604 -0.9914448613738105
vn 0.9914448613738105 -0.1305261922200516 3.469446951953615e-18
vn 0.017037086855465854 0.1294095225512604 0.9914448613738105
vn -0.9914448613738105 0.1305261922200516 -3.469446951953615e-18
vn -0.12940952255126037 -0.9829629131445341 0.13052619222005157
usemtl m_48627be9-7674-8f33-4ed2-dae89f90a3f9
f 3772/9148/2287 3775/9147/2287 3773/9146/2287 3770/9145/2287
f 3771/9152/2288 3772/9151/2288 3770/9150/2288 3769/9149/2288
f 3776/9156/2289 3771/9155/2289 3769/9154/2289 3774/9153/2289
f 3775/9160/2290 3776/9159/2290 3774/9158/2290 3773/9157/2290
f 3775/9164/2291 3772/9163/2291 3771/9162/2291 3776/9161/2291
o cube
v 1.717941818734456 0.3119881906367359 6.438180327520761
v 1.7152797739132897 0.2917679527381014 6.283267067931103
v 1.6977215808358217 0.15840023545790238 6.458575045055143
v 1.6950595360146554 0.13817999755926802 6.3036617854654855
v 1.5603665143236318 0.31216267027248445 6.283267067931103
v 1.563028559144798 0.33238290817111893 6.438180327520761
v 1.5401462764249976 0.15857471509365106 6.3036617854654855
v 1.5428083212461638 0.17879495299228543 6.458575045055143
vt 0.53125 0.4375
vt 0.546875 0.4375
vt 0.546875 0.421875
vt 0.53125 0.421875
vt 0.546875 0.4375
vt 0.5625 0.4375
vt 0.5625 0.421875
vt 0.546875 0.421875
vt 0.5625 0.4375
vt 0.578125 0.4375
vt 0.578125 0.421875
vt 0.5625 0.421875
vt 0.5 0.421875
vt 0.515625 0.421875
vt 0.515625 0.40625
vt 0.5 0.40625
vn -0.017037086855465854 -0.1294095225512604 -0.9914448613738105
vn 0.9914448613738105 -0.1305261922200516 3.469446951953615e-18
vn 0.017037086855465854 0.1294095225512604 0.9914448613738105
vn -0.9914448613738105 0.1305261922200516 -3.469446951953615e-18
usemtl m_48627be9-7674-8f33-4ed2-dae89f90a3f9
f 3780/9168/2292 3783/9167/2292 3781/9166/2292 3778/9165/2292
f 3779/9172/2293 3780/9171/2293 3778/9170/2293 3777/9169/2293
f 3784/9176/2294 3779/9175/2294 3777/9174/2294 3782/9173/2294
f 3783/9180/2295 3784/9179/2295 3782/9178/2295 3781/9177/2295
o cube
v 3.936971440855202 0.33238290817111893 6.438180327520761
v 3.939633485676368 0.31216267027248445 6.283267067931103
v 3.957191678753836 0.17879495299228543 6.458575045055143
v 3.9598537235750033 0.15857471509365106 6.3036617854654855
v 3.7847202260867103 0.2917679527381014 6.283267067931103
v 3.782058181265544 0.3119881906367359 6.438180327520761
v 3.8049404639853446 0.13817999755926802 6.3036617854654855
v 3.8022784191641783 0.15840023545790238 6.458575045055143
vt 0.515625 0.421875
vt 0.53125 0.421875
vt 0.53125 0.40625
vt 0.515625 0.40625
vt 0.53125 0.421875
vt 0.546875 0.421875
vt 0.546875 0.40625
vt 0.53125 0.40625
vt 0.546875 0.421875
vt 0.5625 0.421875
vt 0.5625 0.40625
vt 0.546875 0.40625
vt 0.5625 0.421875
vt 0.578125 0.421875
vt 0.578125 0.40625
vt 0.5625 0.40625
vn 0.017037086855465854 -0.1294095225512604 -0.9914448613738105
vn 0.9914448613738105 0.1305261922200516 -3.469446951953615e-18
vn -0.017037086855465854 0.1294095225512604 0.9914448613738105
vn -0.9914448613738105 -0.1305261922200516 3.469446951953615e-18
usemtl m_48627be9-7674-8f33-4ed2-dae89f90a3f9
f 3788/9184/2296 3791/9183/2296 3789/9182/2296 3786/9181/2296
f 3787/9188/2297 3788/9187/2297 3786/9186/2297 3785/9185/2297
f 3792/9192/2298 3787/9191/2298 3785/9190/2298 3790/9189/2298
f 3791/9196/2299 3792/9195/2299 3790/9194/2299 3789/9193/2299
o cube
v 3.8752397722114935 0.6815737095391341 6.375781151232713
v 3.877369408068427 0.6653975192202266 6.2518505435609875
v 3.964208818965485 0.00578670675226689 6.465517908383999
v 3.9663384548224183 -0.0103894835666406 6.341587300712273
v 3.7534388003967 0.6490817451927202 6.2518505435609875
v 3.7513091645397676 0.6652579355116277 6.375781151232713
v 3.8424078471506924 -0.02670525759414699 6.341587300712273
v 3.840278211293759 -0.010529067275239501 6.465517908383999
vt 0.25 0.46875
vt 0.265625 0.46875
vt 0.265625 0.3828125
vt 0.25 0.3828125
vt 0.265625 0.46875
vt 0.28125 0.46875
vt 0.28125 0.3828125
vt 0.265625 0.3828125
vt 0.28125 0.46875
vt 0.296875 0.46875
vt 0.296875 0.3828125
vt 0.28125 0.3828125
vt 0.296875 0.46875
vt 0.3125 0.46875
vt 0.3125 0.3828125
vt 0.296875 0.3828125
vt 0.59375 0.4375
vt 0.578125 0.4375
vt 0.578125 0.421875
vt 0.59375 0.421875
vn 0.017037086855465854 -0.1294095225512604 -0.9914448613738105
vn 0.9914448613738105 0.1305261922200516 -3.469446951953615e-18
vn -0.017037086855465854 0.1294095225512604 0.9914448613738105
vn -0.9914448613738105 -0.1305261922200516 3.469446951953615e-18
vn 0.12940952255126037 -0.9829629131445341 0.13052619222005157
usemtl m_48627be9-7674-8f33-4ed2-dae89f90a3f9
f 3796/9200/2300 3799/9199/2300 3797/9198/2300 3794/9197/2300
f 3795/9204/2301 3796/9203/2301 3794/9202/2301 3793/9201/2301
f 3800/9208/2302 3795/9207/2302 3793/9206/2302 3798/9205/2302
f 3799/9212/2303 3800/9211/2303 3798/9210/2303 3797/9209/2303
f 3799/9216/2304 3796/9215/2304 3795/9214/2304 3800/9213/2304
o cube
v 3.939633485676368 0.31216267027248445 5.716732932068897
v 3.936971440855202 0.33238290817111893 5.561819672479239
v 3.9598537235750033 0.15857471509365106 5.6963382145345145
v 3.957191678753836 0.17879495299228543 5.541424954944857
v 3.782058181265544 0.3119881906367359 5.561819672479239
v 3.7847202260867103 0.2917679527381014 5.716732932068897
v 3.8022784191641783 0.15840023545790238 5.541424954944857
v 3.8049404639853446 0.13817999755926802 5.6963382145345145
vt 0.578125 0.421875
vt 0.59375 0.421875
vt 0.59375 0.40625
vt 0.578125 0.40625
vt 0.59375 1
vt 0.609375 1
vt 0.609375 0.984375
vt 0.59375 0.984375
vt 0.59375 0.984375
vt 0.609375 0.984375
vt 0.609375 0.96875
vt 0.59375 0.96875
vt 0.59375 0.96875
vt 0.609375 0.96875
vt 0.609375 0.953125
vt 0.59375 0.953125
vn -0.017037086855465854 0.1294095225512604 -0.9914448613738105
vn 0.9914448613738105 0.1305261922200516 3.469446951953615e-18
vn 0.017037086855465854 -0.1294095225512604 0.9914448613738105
vn -0.9914448613738105 -0.1305261922200516 -3.469446951953615e-18
usemtl m_48627be9-7674-8f33-4ed2-dae89f90a3f9
f 3804/9220/2305 3807/9219/2305 3805/9218/2305 3802/9217/2305
f 3803/9224/2306 3804/9223/2306 3802/9222/2306 3801/9221/2306
f 3808/9228/2307 3803/9227/2307 3801/9226/2307 3806/9225/2307
f 3807/9232/2308 3808/9231/2308 3806/9230/2308 3805/9229/2308
o cube
v 3.877369408068427 0.6653975192202266 5.7481494564390125
v 3.8752397722114935 0.6815737095391341 5.624218848767287
v 3.9663384548224183 -0.0103894835666406 5.658412699287727
v 3.964208818965485 0.00578670675226689 5.534482091616001
v 3.7513091645397676 0.6652579355116277 5.624218848767287
v 3.7534388003967 0.6490817451927202 5.7481494564390125
v 3.840278211293759 -0.010529067275239501 5.534482091616001
v 3.8424078471506924 -0.02670525759414699 5.658412699287727
vt 0.3125 0.46875
vt 0.328125 0.46875
vt 0.328125 0.3828125
vt 0.3125 0.3828125
vt 0.328125 0.46875
vt 0.34375 0.46875
vt 0.34375 0.3828125
vt 0.328125 0.3828125
vt 0.34375 0.46875
vt 0.359375 0.46875
vt 0.359375 0.3828125
vt 0.34375 0.3828125
vt 0.359375 0.46875
vt 0.375 0.46875
vt 0.375 0.3828125
vt 0.359375 0.3828125
vt 0.609375 0.953125
vt 0.59375 0.953125
vt 0.59375 0.9375
vt 0.609375 0.9375
vn -0.017037086855465854 0.1294095225512604 -0.9914448613738105
vn 0.9914448613738105 0.1305261922200516 3.469446951953615e-18
vn 0.017037086855465854 -0.1294095225512604 0.9914448613738105
vn -0.9914448613738105 -0.1305261922200516 -3.469446951953615e-18
vn 0.12940952255126037 -0.9829629131445341 -0.13052619222005157
usemtl m_48627be9-7674-8f33-4ed2-dae89f90a3f9
f 3812/9236/2309 3815/9235/2309 3813/9234/2309 3810/9233/2309
f 3811/9240/2310 3812/9239/2310 3810/9238/2310 3809/9237/2310
f 3816/9244/2311 3811/9243/2311 3809/9242/2311 3814/9241/2311
f 3815/9248/2312 3816/9247/2312 3814/9246/2312 3813/9245/2312
f 3815/9252/2313 3812/9251/2313 3811/9250/2313 3816/9249/2313