# Made in Blockbench 4.5.2
mtllib collection2.mtl

o cube
v 2.5 1 0.5
v 2.5 1 -0.5
v 2.5 0.875 0.5
v 2.5 0.875 -0.5
v 1.5 1 -0.5
v 1.5 1 0.5
v 1.5 0.875 -0.5
v 1.5 0.875 0.5
vt 0.25 1
vt 0.5 1
vt 0.5 0.96875
vt 0.25 0.96875
vt 0.25 0.96875
vt 0.5 0.96875
vt 0.5 0.9375
vt 0.25 0.9375
vt 0.25 0.9375
vt 0.5 0.9375
vt 0.5 0.90625
vt 0.25 0.90625
vt 0.25 0.90625
vt 0.5 0.90625
vt 0.5 0.875
vt 0.25 0.875
vt 0.25 0.75
vt 0 0.75
vt 0 1
vt 0.25 1
vt 0.25 0.75
vt 0 0.75
vt 0 0.5
vt 0.25 0.5
vn 0 0 -1
vn 1 0 0
vn 0 0 1
vn -1 0 0
vn 0 1 0
vn 0 -1 0
usemtl m_62e32c1d-9913-9259-7b3a-79ba6de1b6a3
f 4/4/1 7/3/1 5/2/1 2/1/1
f 3/8/2 4/7/2 2/6/2 1/5/2
f 8/12/3 3/11/3 1/10/3 6/9/3
f 7/16/4 8/15/4 6/14/4 5/13/4
f 6/20/5 1/19/5 2/18/5 5/17/5
f 7/24/6 4/23/6 3/22/6 8/21/6
o cube
v 2.0625 0.875 0.0625
v 2.0625 0.875 -0.0625
v 2.0625 0.3125 0.0625
v 2.0625 0.3125 -0.0625
v 1.9375 0.875 -0.0625
v 1.9375 0.875 0.0625
v 1.9375 0.3125 -0.0625
v 1.9375 0.3125 0.0625
vt 0.3125 0.796875
vt 0.34375 0.796875
vt 0.34375 0.65625
vt 0.3125 0.65625
vt 0.34375 0.796875
vt 0.375 0.796875
vt 0.375 0.65625
vt 0.34375 0.65625
vt 0.3125 0.65625
vt 0.34375 0.65625
vt 0.34375 0.515625
vt 0.3125 0.515625
vt 0.34375 0.65625
vt 0.375 0.65625
vt 0.375 0.515625
vt 0.34375 0.515625
vt 0.1875 0.484375
vt 0.15625 0.484375
vt 0.15625 0.453125
vt 0.1875 0.453125
vn 0 0 -1
vn 1 0 0
vn 0 0 1
vn -1 0 0
vn 0 -1 0
usemtl m_62e32c1d-9913-9259-7b3a-79ba6de1b6a3
f 12/28/7 15/27/7 13/26/7 10/25/7
f 11/32/8 12/31/8 10/30/8 9/29/8
f 16/36/9 11/35/9 9/34/9 14/33/9
f 15/40/10 16/39/10 14/38/10 13/37/10
f 15/44/11 12/43/11 11/42/11 16/41/11
o cube
v 2.4375 0.875 0.0625
v 2.4375 0.875 -0.0625
v 2.4375 0.8125 0.0625
v 2.4375 0.8125 -0.0625
v 2.0625 0.875 -0.0625
v 2.0625 0.875 0.0625
v 2.0625 0.8125 -0.0625
v 2.0625 0.8125 0.0625
vt 0.0625 0.5
vt 0.15625 0.5
vt 0.15625 0.484375
vt 0.0625 0.484375
vt 0.515625 0.75
vt 0.546875 0.75
vt 0.546875 0.734375
vt 0.515625 0.734375
vt 0.5 0.9375
vt 0.59375 0.9375
vt 0.59375 0.921875
vt 0.5 0.921875
vt 0.578125 0.59375
vt 0.484375 0.59375
vt 0.484375 0.5625
vt 0.578125 0.5625
vn 0 0 -1
vn 1 0 0
vn 0 0 1
vn 0 -1 0
usemtl m_62e32c1d-9913-9259-7b3a-79ba6de1b6a3
f 20/48/12 23/47/12 21/46/12 18/45/12
f 19/52/13 20/51/13 18/50/13 17/49/13
f 24/56/14 19/55/14 17/54/14 22/53/14
f 23/60/15 20/59/15 19/58/15 24/57/15
o cube
v 1.9375 0.875 0.0625
v 1.9375 0.875 -0.0625
v 1.9375 0.8125 0.0625
v 1.9375 0.8125 -0.0625
v 1.5625 0.875 -0.0625
v 1.5625 0.875 0.0625
v 1.5625 0.8125 -0.0625
v 1.5625 0.8125 0.0625
vt 0.5 0.921875
vt 0.59375 0.921875
vt 0.59375 0.90625
vt 0.5 0.90625
vt 0.5 0.90625
vt 0.59375 0.90625
vt 0.59375 0.890625
vt 0.5 0.890625
vt 0.515625 0.734375
vt 0.546875 0.734375
vt 0.546875 0.71875
vt 0.515625 0.71875
vt 0.578125 0.5625
vt 0.484375 0.5625
vt 0.484375 0.53125
vt 0.578125 0.53125
vn 0 0 -1
vn 0 0 1
vn -1 0 0
vn 0 -1 0
usemtl m_62e32c1d-9913-9259-7b3a-79ba6de1b6a3
f 28/64/16 31/63/16 29/62/16 26/61/16
f 32/68/17 27/67/17 25/66/17 30/65/17
f 31/72/18 32/71/18 30/70/18 29/69/18
f 31/76/19 28/75/19 27/74/19 32/73/19
o cube
v 2.0625 0.875 0.4375
v 2.0625 0.875 0.0625
v 2.0625 0.8125 0.4375
v 2.0625 0.8125 0.0625
v 1.9375 0.875 0.0625
v 1.9375 0.875 0.4375
v 1.9375 0.8125 0.0625
v 1.9375 0.8125 0.4375
vt 0.5 0.890625
vt 0.59375 0.890625
vt 0.59375 0.875
vt 0.5 0.875
vt 0.515625 0.71875
vt 0.546875 0.71875
vt 0.546875 0.703125
vt 0.515625 0.703125
vt 0.15625 0.5
vt 0.25 0.5
vt 0.25 0.484375
vt 0.15625 0.484375
vt 0.34375 0.515625
vt 0.3125 0.515625
vt 0.3125 0.421875
vt 0.34375 0.421875
vn 1 0 0
vn 0 0 1
vn -1 0 0
vn 0 -1 0
usemtl m_62e32c1d-9913-9259-7b3a-79ba6de1b6a3
f 35/80/20 36/79/20 34/78/20 33/77/20
f 40/84/21 35/83/21 33/82/21 38/81/21
f 39/88/22 40/87/22 38/86/22 37/85/22
f 39/92/23 36/91/23 35/90/23 40/89/23
o cube
v 2.0625 0.875 -0.0625
v 2.0625 0.875 -0.4375
v 2.0625 0.8125 -0.0625
v 2.0625 0.8125 -0.4375
v 1.9375 0.875 -0.4375
v 1.9375 0.875 -0.0625
v 1.9375 0.8125 -0.4375
v 1.9375 0.8125 -0.0625
vt 0.515625 0.703125
vt 0.546875 0.703125
vt 0.546875 0.6875
vt 0.515625 0.6875
vt 0.375 0.5
vt 0.46875 0.5
vt 0.46875 0.484375
vt 0.375 0.484375
vt 0.0625 0.484375
vt 0.15625 0.484375
vt 0.15625 0.46875
vt 0.0625 0.46875
vt 0.375 0.515625
vt 0.34375 0.515625
vt 0.34375 0.421875
vt 0.375 0.421875
vn 0 0 -1
vn 1 0 0
vn -1 0 0
vn 0 -1 0
usemtl m_62e32c1d-9913-9259-7b3a-79ba6de1b6a3
f 44/96/24 47/95/24 45/94/24 42/93/24
f 43/100/25 44/99/25 42/98/25 41/97/25
f 47/104/26 48/103/26 46/102/26 45/101/26
f 47/108/27 44/107/27 43/106/27 48/105/27
o cube
v 2.125 0.3125 0.125
v 2.125 0.3125 -0.125
v 2.125 0 0.125
v 2.125 0 -0.125
v 1.875 0.3125 -0.125
v 1.875 0.3125 0.125
v 1.875 0 -0.125
v 1.875 0 0.125
vt 0.25 0.875
vt 0.3125 0.875
vt 0.3125 0.796875
vt 0.25 0.796875
vt 0.25 0.796875
vt 0.3125 0.796875
vt 0.3125 0.71875
vt 0.25 0.71875
vt 0.25 0.71875
vt 0.3125 0.71875
vt 0.3125 0.640625
vt 0.25 0.640625
vt 0.3125 0.875
vt 0.375 0.875
vt 0.375 0.796875
vt 0.3125 0.796875
vt 0.3125 0.578125
vt 0.25 0.578125
vt 0.25 0.640625
vt 0.3125 0.640625
vt 0.4375 0.875
vt 0.375 0.875
vt 0.375 0.8125
vt 0.4375 0.8125
vn 0 0 -1
vn 1 0 0
vn 0 0 1
vn -1 0 0
vn 0 1 0
vn 0 -1 0
usemtl m_62e32c1d-9913-9259-7b3a-79ba6de1b6a3
f 52/112/28 55/111/28 53/110/28 50/109/28
f 51/116/29 52/115/29 50/114/29 49/113/29
f 56/120/30 51/119/30 49/118/30 54/117/30
f 55/124/31 56/123/31 54/122/31 53/121/31
f 54/128/32 49/127/32 50/126/32 53/125/32
f 55/132/33 52/131/33 51/130/33 56/129/33
o cube
v 2.078125 0.890625 0.078125
v 2.078125 0.890625 -0.078125
v 2.078125 0.609375 0.078125
v 2.078125 0.609375 -0.078125
v 1.921875 0.890625 -0.078125
v 1.921875 0.890625 0.078125
v 1.921875 0.609375 -0.078125
v 1.921875 0.609375 0.078125
vt 0.484375 0.53125
vt 0.515625 0.53125
vt 0.515625 0.46875
vt 0.484375 0.46875
vt 0 0.5
vt 0.03125 0.5
vt 0.03125 0.4375
vt 0 0.4375
vt 0.5 1
vt 0.53125 1
vt 0.53125 0.9375
vt 0.5 0.9375
vt 0.03125 0.5
vt 0.0625 0.5
vt 0.0625 0.4375
vt 0.03125 0.4375
vn 0 0 -1
vn 1 0 0
vn 0 0 1
vn -1 0 0
usemtl m_62e32c1d-9913-9259-7b3a-79ba6de1b6a3
f 60/136/34 63/135/34 61/134/34 58/133/34
f 59/140/35 60/139/35 58/138/35 57/137/35
f 64/144/36 59/143/36 57/142/36 62/141/36
f 63/148/37 64/147/37 62/146/37 61/145/37
o cube
v 2.507601477651115 0.06940859696047008 0.0625
v 2.507601477651115 0.06940859696047008 -0.0625
v 2.480546525908852 -0.05262840392952156 0.0625
v 2.480546525908852 -0.05262840392952156 -0.0625
v 2.080471974536144 0.16410092805839016 -0.0625
v 2.080471974536144 0.16410092805839016 0.0625
v 2.053417022793881 0.04206392716839846 -0.0625
v 2.053417022793881 0.04206392716839846 0.0625
vt 0.375 0.8125
vt 0.484375 0.8125
vt 0.484375 0.78125
vt 0.375 0.78125
vt 0.1875 0.484375
vt 0.21875 0.484375
vt 0.21875 0.453125
vt 0.1875 0.453125
vt 0.375 0.78125
vt 0.484375 0.78125
vt 0.484375 0.75
vt 0.375 0.75
vt 0.484375 0.71875
vt 0.375 0.71875
vt 0.375 0.75
vt 0.484375 0.75
vt 0.484375 0.71875
vt 0.375 0.71875
vt 0.375 0.6875
vt 0.484375 0.6875
vn 0 0 -1
vn 0.9762960071199334 -0.21643961393810288 0
vn 0 0 1
vn 0.21643961393810288 0.9762960071199334 0
vn -0.21643961393810288 -0.9762960071199334 0
usemtl m_62e32c1d-9913-9259-7b3a-79ba6de1b6a3
f 68/152/38 71/151/38 69/150/38 66/149/38
f 67/156/39 68/155/39 66/154/39 65/153/39
f 72/160/40 67/159/40 65/158/40 70/157/40
f 70/164/41 65/163/41 66/162/41 69/161/41
f 71/168/42 68/167/42 67/166/42 72/165/42
o cube
v 1.919528025463856 0.16410092805839016 0.0625
v 1.919528025463856 0.16410092805839016 -0.0625
v 1.946582977206119 0.04206392716839846 0.0625
v 1.946582977206119 0.04206392716839846 -0.0625
v 1.4923985223488851 0.06940859696047008 -0.0625
v 1.4923985223488851 0.06940859696047008 0.0625
v 1.519453474091148 -0.05262840392952156 -0.0625
v 1.519453474091148 -0.05262840392952156 0.0625
vt 0.375 0.6875
vt 0.484375 0.6875
vt 0.484375 0.65625
vt 0.375 0.65625
vt 0.375 0.65625
vt 0.484375 0.65625
vt 0.484375 0.625
vt 0.375 0.625
vt 0.515625 0.8125
vt 0.546875 0.8125
vt 0.546875 0.78125
vt 0.515625 0.78125
vt 0.484375 0.59375
vt 0.375 0.59375
vt 0.375 0.625
vt 0.484375 0.625
vt 0.484375 0.59375
vt 0.375 0.59375
vt 0.375 0.5625
vt 0.484375 0.5625
vn 0 0 -1
vn 0 0 1
vn -0.9762960071199334 -0.21643961393810288 0
vn -0.21643961393810288 0.9762960071199334 0
vn 0.21643961393810288 -0.9762960071199334 0
usemtl m_62e32c1d-9913-9259-7b3a-79ba6de1b6a3
f 76/172/43 79/171/43 77/170/43 74/169/43
f 80/176/44 75/175/44 73/174/44 78/173/44
f 79/180/45 80/179/45 78/178/45 77/177/45
f 78/184/46 73/183/46 74/182/46 77/181/46
f 79/188/47 76/187/47 75/186/47 80/185/47
o cube
v 2.0625 0.06940859696047008 0.5076014776511149
v 2.0625 0.16410092805839016 0.08047197453614396
v 2.0625 -0.05262840392952156 0.48054652590885194
v 2.0625 0.04206392716839846 0.05341702279388105
v 1.9375 0.16410092805839016 0.08047197453614396
v 1.9375 0.06940859696047008 0.5076014776511149
v 1.9375 0.04206392716839846 0.05341702279388105
v 1.9375 -0.05262840392952156 0.48054652590885194
vt 0.4375 0.875
vt 0.546875 0.875
vt 0.546875 0.84375
vt 0.4375 0.84375
vt 0.21875 0.484375
vt 0.25 0.484375
vt 0.25 0.453125
vt 0.21875 0.453125
vt 0.4375 0.84375
vt 0.546875 0.84375
vt 0.546875 0.8125
vt 0.4375 0.8125
vt 0.28125 0.46875
vt 0.25 0.46875
vt 0.25 0.578125
vt 0.28125 0.578125
vt 0.3125 0.578125
vt 0.28125 0.578125
vt 0.28125 0.46875
vt 0.3125 0.46875
vn 1 0 0
vn 0 -0.21643961393810288 0.9762960071199334
vn -1 0 0
vn 0 0.9762960071199334 0.21643961393810288
vn 0 -0.9762960071199334 -0.21643961393810288
usemtl m_62e32c1d-9913-9259-7b3a-79ba6de1b6a3
f 83/192/48 84/191/48 82/190/48 81/189/48
f 88/196/49 83/195/49 81/194/49 86/193/49
f 87/200/50 88/199/50 86/198/50 85/197/50
f 86/204/51 81/203/51 82/202/51 85/201/51
f 87/208/52 84/207/52 83/206/52 88/205/52
o cube
v 2.0625 0.16410092805839016 -0.08047197453614396
v 2.0625 0.06940859696047008 -0.5076014776511149
v 2.0625 0.04206392716839846 -0.05341702279388105
v 2.0625 -0.05262840392952156 -0.48054652590885194
v 1.9375 0.06940859696047008 -0.5076014776511149
v 1.9375 0.16410092805839016 -0.08047197453614396
v 1.9375 -0.05262840392952156 -0.48054652590885194
v 1.9375 0.04206392716839846 -0.05341702279388105
vt 0.515625 0.78125
vt 0.546875 0.78125
vt 0.546875 0.75
vt 0.515625 0.75
vt 0.375 0.5625
vt 0.484375 0.5625
vt 0.484375 0.53125
vt 0.375 0.53125
vt 0.375 0.53125
vt 0.484375 0.53125
vt 0.484375 0.5
vt 0.375 0.5
vt 0.515625 0.703125
vt 0.484375 0.703125
vt 0.484375 0.8125
vt 0.515625 0.8125
vt 0.515625 0.703125
vt 0.484375 0.703125
vt 0.484375 0.59375
vt 0.515625 0.59375
vn 0 -0.21643961393810288 -0.9762960071199334
vn 1 0 0
vn -1 0 0
vn 0 0.9762960071199334 -0.21643961393810288
vn 0 -0.9762960071199334 0.21643961393810288
usemtl m_62e32c1d-9913-9259-7b3a-79ba6de1b6a3
f 92/212/53 95/211/53 93/210/53 90/209/53
f 91/216/54 92/215/54 90/214/54 89/213/54
f 95/220/55 96/219/55 94/218/55 93/217/55
f 94/224/56 89/223/56 90/222/56 93/221/56
f 95/228/57 92/227/57 91/226/57 96/225/57
o cube
v 4.5 1 0.5
v 4.5 1 -0.5
v 4.5 0.8125 0.5
v 4.5 0.8125 -0.5
v 3.5 1 -0.5
v 3.5 1 0.5
v 3.5 0.8125 -0.5
v 3.5 0.8125 0.5
vt 0.25 0.5625
vt 0.5 0.5625
vt 0.5 0.515625
vt 0.25 0.515625
vt 0.46875 1
vt 0.71875 1
vt 0.71875 0.953125
vt 0.46875 0.953125
vt 0.46875 0.953125
vt 0.71875 0.953125
vt 0.71875 0.90625
vt 0.46875 0.90625
vt 0.46875 0.90625
vt 0.71875 0.90625
vt 0.71875 0.859375
vt 0.46875 0.859375
vt 0.25 0.75
vt 0 0.75
vt 0 1
vt 0.25 1
vt 0.25 0.75
vt 0 0.75
vt 0 0.5
vt 0.25 0.5
vn 0 0 -1
vn 1 0 0
vn 0 0 1
vn -1 0 0
vn 0 1 0
vn 0 -1 0
usemtl m_a5ad5d8b-79a6-69c0-6c38-ffa4fdb9e4a5
f 100/232/58 103/231/58 101/230/58 98/229/58
f 99/236/59 100/235/59 98/234/59 97/233/59
f 104/240/60 99/239/60 97/238/60 102/237/60
f 103/244/61 104/243/61 102/242/61 101/241/61
f 102/248/62 97/247/62 98/246/62 101/245/62
f 103/252/63 100/251/63 99/250/63 104/249/63
o cube
v 4.3125 0.8125 0.4375
v 4.3125 0.8125 0.3125
v 4.3125 0.6875 0.4375
v 4.3125 0.6875 0.3125
v 3.6875 0.8125 0.3125
v 3.6875 0.8125 0.4375
v 3.6875 0.6875 0.3125
v 3.6875 0.6875 0.4375
vt 0.46875 0.609375
vt 0.625 0.609375
vt 0.625 0.578125
vt 0.46875 0.578125
vt 0.375 0.515625
vt 0.53125 0.515625
vt 0.53125 0.484375
vt 0.375 0.484375
vt 0.59375 0.390625
vt 0.625 0.390625
vt 0.625 0.359375
vt 0.59375 0.359375
vt 0.15625 0.5
vt 0 0.5
vt 0 0.46875
vt 0.15625 0.46875
vn 0 0 -1
vn 0 0 1
vn -1 0 0
vn 0 -1 0
usemtl m_a5ad5d8b-79a6-69c0-6c38-ffa4fdb9e4a5
f 108/256/64 111/255/64 109/254/64 106/253/64
f 112/260/65 107/259/65 105/258/65 110/257/65
f 111/264/66 112/263/66 110/262/66 109/261/66
f 111/268/67 108/267/67 107/266/67 112/265/67
o cube
v 3.6875 0.8125 0.4375
v 3.6875 0.8125 0.3125
v 3.6875 0.1875 0.4375
v 3.6875 0.1875 0.3125
v 3.5625 0.8125 0.3125
v 3.5625 0.8125 0.4375
v 3.5625 0.1875 0.3125
v 3.5625 0.1875 0.4375
vt 0.15625 0.5
vt 0.1875 0.5
vt 0.1875 0.34375
vt 0.15625 0.34375
vt 0.1875 0.5
vt 0.21875 0.5
vt 0.21875 0.34375
vt 0.1875 0.34375
vt 0.21875 0.5
vt 0.25 0.5
vt 0.25 0.34375
vt 0.21875 0.34375
vt 0.375 0.484375
vt 0.40625 0.484375
vt 0.40625 0.328125
vt 0.375 0.328125
vn 0 0 -1
vn 1 0 0
vn 0 0 1
vn -1 0 0
usemtl m_a5ad5d8b-79a6-69c0-6c38-ffa4fdb9e4a5
f 116/272/68 119/271/68 117/270/68 114/269/68
f 115/276/69 116/275/69 114/274/69 113/273/69
f 120/280/70 115/279/70 113/278/70 118/277/70
f 119/284/71 120/283/71 118/282/71 117/281/71
o cube
v 3.703125 0.203125 0.453125
v 3.703125 0.203125 -0.453125
v 3.703125 -0.015625 0.453125
v 3.703125 -0.015625 -0.453125
v 3.546875 0.203125 -0.453125
v 3.546875 0.203125 0.453125
v 3.546875 -0.015625 -0.453125
v 3.546875 -0.015625 0.453125
vt 0.5 0.578125
vt 0.53125 0.578125
vt 0.53125 0.53125
vt 0.5 0.53125
vt 0.46875 0.859375
vt 0.6875 0.859375
vt 0.6875 0.8125
vt 0.46875 0.8125
vt 0.59375 0.515625
vt 0.625 0.515625
vt 0.625 0.46875
vt 0.59375 0.46875
vt 0.46875 0.8125
vt 0.6875 0.8125
vt 0.6875 0.765625
vt 0.46875 0.765625
vt 0.28125 0.296875
vt 0.25 0.296875
vt 0.25 0.515625
vt 0.28125 0.515625
vt 0.3125 0.515625
vt 0.28125 0.515625
vt 0.28125 0.296875
vt 0.3125 0.296875
vn 0 0 -1
vn 1 0 0
vn 0 0 1
vn -1 0 0
vn 0 1 0
vn 0 -1 0
usemtl m_a5ad5d8b-79a6-69c0-6c38-ffa4fdb9e4a5
f 124/288/72 127/287/72 125/286/72 122/285/72
f 123/292/73 124/291/73 122/290/73 121/289/73
f 128/296/74 123/295/74 121/294/74 126/293/74
f 127/300/75 128/299/75 126/298/75 125/297/75
f 126/304/76 121/303/76 122/302/76 125/301/76
f 127/308/77 124/307/77 123/306/77 128/305/77
o cube
v 3.6875 0.8125 -0.3125
v 3.6875 0.8125 -0.4375
v 3.6875 0.1875 -0.3125
v 3.6875 0.1875 -0.4375
v 3.5625 0.8125 -0.4375
v 3.5625 0.8125 -0.3125
v 3.5625 0.1875 -0.4375
v 3.5625 0.1875 -0.3125
vt 0.40625 0.484375
vt 0.4375 0.484375
vt 0.4375 0.328125
vt 0.40625 0.328125
vt 0.4375 0.484375
vt 0.46875 0.484375
vt 0.46875 0.328125
vt 0.4375 0.328125
vt 0.46875 0.484375
vt 0.5 0.484375
vt 0.5 0.328125
vt 0.46875 0.328125
vt 0.5 0.484375
vt 0.53125 0.484375
vt 0.53125 0.328125
vt 0.5 0.328125
vn 0 0 -1
vn 1 0 0
vn 0 0 1
vn -1 0 0
usemtl m_a5ad5d8b-79a6-69c0-6c38-ffa4fdb9e4a5
f 132/312/78 135/311/78 133/310/78 130/309/78
f 131/316/79 132/315/79 130/314/79 129/313/79
f 136/320/80 131/319/80 129/318/80 134/317/80
f 135/324/81 136/323/81 134/322/81 133/321/81
o cube
v 4.4375 0.8125 -0.3125
v 4.4375 0.8125 -0.4375
v 4.4375 0.1875 -0.3125
v 4.4375 0.1875 -0.4375
v 4.3125 0.8125 -0.4375
v 4.3125 0.8125 -0.3125
v 4.3125 0.1875 -0.4375
v 4.3125 0.1875 -0.3125
vt 0 0.46875
vt 0.03125 0.46875
vt 0.03125 0.3125
vt 0 0.3125
vt 0.03125 0.46875
vt 0.0625 0.46875
vt 0.0625 0.3125
vt 0.03125 0.3125
vt 0.0625 0.46875
vt 0.09375 0.46875
vt 0.09375 0.3125
vt 0.0625 0.3125
vt 0.09375 0.46875
vt 0.125 0.46875
vt 0.125 0.3125
vt 0.09375 0.3125
vn 0 0 -1
vn 1 0 0
vn 0 0 1
vn -1 0 0
usemtl m_a5ad5d8b-79a6-69c0-6c38-ffa4fdb9e4a5
f 140/328/82 143/327/82 141/326/82 138/325/82
f 139/332/83 140/331/83 138/330/83 137/329/83
f 144/336/84 139/335/84 137/334/84 142/333/84
f 143/340/85 144/339/85 142/338/85 141/337/85
o cube
v 4.453125 0.203125 0.453125
v 4.453125 0.203125 -0.453125
v 4.453125 -0.015625 0.453125
v 4.453125 -0.015625 -0.453125
v 4.296875 0.203125 -0.453125
v 4.296875 0.203125 0.453125
v 4.296875 -0.015625 -0.453125
v 4.296875 -0.015625 0.453125
vt 0.59375 0.46875
vt 0.625 0.46875
vt 0.625 0.421875
vt 0.59375 0.421875
vt 0.46875 0.765625
vt 0.6875 0.765625
vt 0.6875 0.71875
vt 0.46875 0.71875
vt 0.5625 0.390625
vt 0.59375 0.390625
vt 0.59375 0.34375
vt 0.5625 0.34375
vt 0.46875 0.71875
vt 0.6875 0.71875
vt 0.6875 0.671875
vt 0.46875 0.671875
vt 0.34375 0.296875
vt 0.3125 0.296875
vt 0.3125 0.515625
vt 0.34375 0.515625
vt 0.375 0.515625
vt 0.34375 0.515625
vt 0.34375 0.296875
vt 0.375 0.296875
vn 0 0 -1
vn 1 0 0
vn 0 0 1
vn -1 0 0
vn 0 1 0
vn 0 -1 0
usemtl m_a5ad5d8b-79a6-69c0-6c38-ffa4fdb9e4a5
f 148/344/86 151/343/86 149/342/86 146/341/86
f 147/348/87 148/347/87 146/346/87 145/345/87
f 152/352/88 147/351/88 145/350/88 150/349/88
f 151/356/89 152/355/89 150/354/89 149/353/89
f 150/360/90 145/359/90 146/358/90 149/357/90
f 151/364/91 148/363/91 147/362/91 152/361/91
o cube
v 4.4375 0.8125 0.4375
v 4.4375 0.8125 0.3125
v 4.4375 0.1875 0.4375
v 4.4375 0.1875 0.3125
v 4.3125 0.8125 0.3125
v 4.3125 0.8125 0.4375
v 4.3125 0.1875 0.3125
v 4.3125 0.1875 0.4375
vt 0.125 0.46875
vt 0.15625 0.46875
vt 0.15625 0.3125
vt 0.125 0.3125
vt 0.53125 0.578125
vt 0.5625 0.578125
vt 0.5625 0.421875
vt 0.53125 0.421875
vt 0.5625 0.578125
vt 0.59375 0.578125
vt 0.59375 0.421875
vt 0.5625 0.421875
vt 0.53125 0.421875
vt 0.5625 0.421875
vt 0.5625 0.265625
vt 0.53125 0.265625
vn 0 0 -1
vn 1 0 0
vn 0 0 1
vn -1 0 0
usemtl m_a5ad5d8b-79a6-69c0-6c38-ffa4fdb9e4a5
f 156/368/92 159/367/92 157/366/92 154/365/92
f 155/372/93 156/371/93 154/370/93 153/369/93
f 160/376/94 155/375/94 153/374/94 158/373/94
f 159/380/95 160/379/95 158/378/95 157/377/95
o cube
v 4.3125 0.8125 -0.3125
v 4.3125 0.8125 -0.4375
v 4.3125 0.6875 -0.3125
v 4.3125 0.6875 -0.4375
v 3.6875 0.8125 -0.4375
v 3.6875 0.8125 -0.3125
v 3.6875 0.6875 -0.4375
v 3.6875 0.6875 -0.3125
vt 0.5625 0.421875
vt 0.71875 0.421875
vt 0.71875 0.390625
vt 0.5625 0.390625
vt 0.59375 0.578125
vt 0.75 0.578125
vt 0.75 0.546875
vt 0.59375 0.546875
vt 0.625 0.609375
vt 0.65625 0.609375
vt 0.65625 0.578125
vt 0.625 0.578125
vt 0.75 0.546875
vt 0.59375 0.546875
vt 0.59375 0.515625
vt 0.75 0.515625
vn 0 0 -1
vn 0 0 1
vn -1 0 0
vn 0 -1 0
usemtl m_a5ad5d8b-79a6-69c0-6c38-ffa4fdb9e4a5
f 164/384/96 167/383/96 165/382/96 162/381/96
f 168/388/97 163/387/97 161/386/97 166/385/97
f 167/392/98 168/391/98 166/390/98 165/389/98
f 167/396/99 164/395/99 163/394/99 168/393/99
o cube
v 4.4375 0.1875 0.4375
v 4.4375 0.1875 -0.4375
v 4.4375 0.0625 0.4375
v 4.4375 0.0625 -0.4375
v 3.5625 0.1875 -0.4375
v 3.5625 0.1875 0.4375
v 3.5625 0.0625 -0.4375
v 3.5625 0.0625 0.4375
vt 0.46875 0.671875
vt 0.6875 0.671875
vt 0.6875 0.640625
vt 0.46875 0.640625
vt 0.46875 0.640625
vt 0.6875 0.640625
vt 0.6875 0.609375
vt 0.46875 0.609375
vt 0.46875 0.78125
vt 0.25 0.78125
vt 0.25 1
vt 0.46875 1
vt 0.46875 0.78125
vt 0.25 0.78125
vt 0.25 0.5625
vt 0.46875 0.5625
vn 0 0 -1
vn 0 0 1
vn 0 1 0
vn 0 -1 0
usemtl m_a5ad5d8b-79a6-69c0-6c38-ffa4fdb9e4a5
f 172/400/100 175/399/100 173/398/100 170/397/100
f 176/404/101 171/403/101 169/402/101 174/401/101
f 174/408/102 169/407/102 170/406/102 173/405/102
f 175/412/103 172/411/103 171/410/103 176/409/103
o cube
v 8.5 1 0.5
v 8.5 1 -0.5
v 8.5 0.875 0.5
v 8.5 0.875 -0.5
v 7.5 1 -0.5
v 7.5 1 0.5
v 7.5 0.875 -0.5
v 7.5 0.875 0.5
vt 0.25 1
vt 0.5 1
vt 0.5 0.96875
vt 0.25 0.96875
vt 0.25 0.96875
vt 0.5 0.96875
vt 0.5 0.9375
vt 0.25 0.9375
vt 0.25 0.9375
vt 0.5 0.9375
vt 0.5 0.90625
vt 0.25 0.90625
vt 0.25 0.90625
vt 0.5 0.90625
vt 0.5 0.875
vt 0.25 0.875
vt 0.25 0.75
vt 0 0.75
vt 0 1
vt 0.25 1
vt 0.25 0.75
vt 0 0.75
vt 0 0.5
vt 0.25 0.5
vn 0 0 -1
vn 1 0 0
vn 0 0 1
vn -1 0 0
vn 0 1 0
vn 0 -1 0
usemtl m_3d416422-e871-6413-b81a-b6b89533d607
f 180/416/104 183/415/104 181/414/104 178/413/104
f 179/420/105 180/419/105 178/418/105 177/417/105
f 184/424/106 179/423/106 177/422/106 182/421/106
f 183/428/107 184/427/107 182/426/107 181/425/107
f 182/432/108 177/431/108 178/430/108 181/429/108
f 183/436/109 180/435/109 179/434/109 184/433/109
o cube
v 7.6875 0.875 0.4375
v 7.6875 0.875 0.3125
v 7.6875 0.125 0.4375
v 7.6875 0.125 0.3125
v 7.5625 0.875 0.3125
v 7.5625 0.875 0.4375
v 7.5625 0.125 0.3125
v 7.5625 0.125 0.4375
vt 0.25 0.875
vt 0.28125 0.875
vt 0.28125 0.6875
vt 0.25 0.6875
vt 0.28125 0.875
vt 0.3125 0.875
vt 0.3125 0.6875
vt 0.28125 0.6875
vt 0.3125 0.875
vt 0.34375 0.875
vt 0.34375 0.6875
vt 0.3125 0.6875
vt 0.25 0.6875
vt 0.28125 0.6875
vt 0.28125 0.5
vt 0.25 0.5
vn 0 0 -1
vn 1 0 0
vn 0 0 1
vn -1 0 0
usemtl m_3d416422-e871-6413-b81a-b6b89533d607
f 188/440/110 191/439/110 189/438/110 186/437/110
f 187/444/111 188/443/111 186/442/111 185/441/111
f 192/448/112 187/447/112 185/446/112 190/445/112
f 191/452/113 192/451/113 190/450/113 189/449/113
o cube
v 7.703125 0.203125 0.453125
v 7.703125 0.203125 0.296875
v 7.703125 -0.015625 0.453125
v 7.703125 -0.015625 0.296875
v 7.546875 0.203125 0.296875
v 7.546875 0.203125 0.453125
v 7.546875 -0.015625 0.296875
v 7.546875 -0.015625 0.453125
vt 0.5 0.90625
vt 0.53125 0.90625
vt 0.53125 0.859375
vt 0.5 0.859375
vt 0.5 0.859375
vt 0.53125 0.859375
vt 0.53125 0.8125
vt 0.5 0.8125
vt 0.1875 0.5
vt 0.21875 0.5
vt 0.21875 0.453125
vt 0.1875 0.453125
vt 0.5 0.8125
vt 0.53125 0.8125
vt 0.53125 0.765625
vt 0.5 0.765625
vt 0.46875 0.5
vt 0.4375 0.5
vt 0.4375 0.46875
vt 0.46875 0.46875
vn 0 0 -1
vn 1 0 0
vn 0 0 1
vn -1 0 0
vn 0 -1 0
usemtl m_3d416422-e871-6413-b81a-b6b89533d607
f 196/456/114 199/455/114 197/454/114 194/453/114
f 195/460/115 196/459/115 194/458/115 193/457/115
f 200/464/116 195/463/116 193/462/116 198/461/116
f 199/468/117 200/467/117 198/466/117 197/465/117
f 199/472/118 196/471/118 195/470/118 200/469/118
o cube
v 7.6875 0.875 -0.3125
v 7.6875 0.875 -0.4375
v 7.6875 0.125 -0.3125
v 7.6875 0.125 -0.4375
v 7.5625 0.875 -0.4375
v 7.5625 0.875 -0.3125
v 7.5625 0.125 -0.4375
v 7.5625 0.125 -0.3125
vt 0.28125 0.6875
vt 0.3125 0.6875
vt 0.3125 0.5
vt 0.28125 0.5
vt 0.3125 0.6875
vt 0.34375 0.6875
vt 0.34375 0.5
vt 0.3125 0.5
vt 0.34375 0.875
vt 0.375 0.875
vt 0.375 0.6875
vt 0.34375 0.6875
vt 0.34375 0.6875
vt 0.375 0.6875
vt 0.375 0.5
vt 0.34375 0.5
vn 0 0 -1
vn 1 0 0
vn 0 0 1
vn -1 0 0
usemtl m_3d416422-e871-6413-b81a-b6b89533d607
f 204/476/119 207/475/119 205/474/119 202/473/119
f 203/480/120 204/479/120 202/478/120 201/477/120
f 208/484/121 203/483/121 201/482/121 206/481/121
f 207/488/122 208/487/122 206/486/122 205/485/122
o cube
v 8.4375 0.875 -0.3125
v 8.4375 0.875 -0.4375
v 8.4375 0.125 -0.3125
v 8.4375 0.125 -0.4375
v 8.3125 0.875 -0.4375
v 8.3125 0.875 -0.3125
v 8.3125 0.125 -0.4375
v 8.3125 0.125 -0.3125
vt 0.375 0.875
vt 0.40625 0.875
vt 0.40625 0.6875
vt 0.375 0.6875
vt 0.375 0.6875
vt 0.40625 0.6875
vt 0.40625 0.5
vt 0.375 0.5
vt 0.40625 0.875
vt 0.4375 0.875
vt 0.4375 0.6875
vt 0.40625 0.6875
vt 0.40625 0.6875
vt 0.4375 0.6875
vt 0.4375 0.5
vt 0.40625 0.5
vn 0 0 -1
vn 1 0 0
vn 0 0 1
vn -1 0 0
usemtl m_3d416422-e871-6413-b81a-b6b89533d607
f 212/492/123 215/491/123 213/490/123 210/489/123
f 211/496/124 212/495/124 210/494/124 209/493/124
f 216/500/125 211/499/125 209/498/125 214/497/125
f 215/504/126 216/503/126 214/502/126 213/501/126
o cube
v 8.453125 0.203125 0.453125
v 8.453125 0.203125 0.296875
v 8.453125 -0.015625 0.453125
v 8.453125 -0.015625 0.296875
v 8.296875 0.203125 0.296875
v 8.296875 0.203125 0.453125
v 8.296875 -0.015625 0.296875
v 8.296875 -0.015625 0.453125
vt 0.21875 0.5
vt 0.25 0.5
vt 0.25 0.453125
vt 0.21875 0.453125
vt 0.5 0.765625
vt 0.53125 0.765625
vt 0.53125 0.71875
vt 0.5 0.71875
vt 0.25 0.5
vt 0.28125 0.5
vt 0.28125 0.453125
vt 0.25 0.453125
vt 0.28125 0.5
vt 0.3125 0.5
vt 0.3125 0.453125
vt 0.28125 0.453125
vt 0.5 0.5
vt 0.46875 0.5
vt 0.46875 0.46875
vt 0.5 0.46875
vn 0 0 -1
vn 1 0 0
vn 0 0 1
vn -1 0 0
vn 0 -1 0
usemtl m_3d416422-e871-6413-b81a-b6b89533d607
f 220/508/127 223/507/127 221/506/127 218/505/127
f 219/512/128 220/511/128 218/510/128 217/509/128
f 224/516/129 219/515/129 217/514/129 222/513/129
f 223/520/130 224/519/130 222/518/130 221/517/130
f 223/524/131 220/523/131 219/522/131 224/521/131
o cube
v 8.4375 0.875 0.4375
v 8.4375 0.875 0.3125
v 8.4375 0.125 0.4375
v 8.4375 0.125 0.3125
v 8.3125 0.875 0.3125
v 8.3125 0.875 0.4375
v 8.3125 0.125 0.3125
v 8.3125 0.125 0.4375
vt 0.4375 0.875
vt 0.46875 0.875
vt 0.46875 0.6875
vt 0.4375 0.6875
vt 0.4375 0.6875
vt 0.46875 0.6875
vt 0.46875 0.5
vt 0.4375 0.5
vt 0.46875 0.875
vt 0.5 0.875
vt 0.5 0.6875
vt 0.46875 0.6875
vt 0.46875 0.6875
vt 0.5 0.6875
vt 0.5 0.5
vt 0.46875 0.5
vn 0 0 -1
vn 1 0 0
vn 0 0 1
vn -1 0 0
usemtl m_3d416422-e871-6413-b81a-b6b89533d607
f 228/528/132 231/527/132 229/526/132 226/525/132
f 227/532/133 228/531/133 226/530/133 225/529/133
f 232/536/134 227/535/134 225/534/134 230/533/134
f 231/540/135 232/539/135 230/538/135 229/537/135
o cube
v 7.703125 0.203125 -0.296875
v 7.703125 0.203125 -0.453125
v 7.703125 -0.015625 -0.296875
v 7.703125 -0.015625 -0.453125
v 7.546875 0.203125 -0.453125
v 7.546875 0.203125 -0.296875
v 7.546875 -0.015625 -0.453125
v 7.546875 -0.015625 -0.296875
vt 0.5 0.71875
vt 0.53125 0.71875
vt 0.53125 0.671875
vt 0.5 0.671875
vt 0.3125 0.5
vt 0.34375 0.5
vt 0.34375 0.453125
vt 0.3125 0.453125
vt 0.5 0.671875
vt 0.53125 0.671875
vt 0.53125 0.625
vt 0.5 0.625
vt 0.34375 0.5
vt 0.375 0.5
vt 0.375 0.453125
vt 0.34375 0.453125
vt 0.53125 0.53125
vt 0.5 0.53125
vt 0.5 0.5
vt 0.53125 0.5
vn 0 0 -1
vn 1 0 0
vn 0 0 1
vn -1 0 0
vn 0 -1 0
usemtl m_3d416422-e871-6413-b81a-b6b89533d607
f 236/544/136 239/543/136 237/542/136 234/541/136
f 235/548/137 236/547/137 234/546/137 233/545/137
f 240/552/138 235/551/138 233/550/138 238/549/138
f 239/556/139 240/555/139 238/554/139 237/553/139
f 239/560/140 236/559/140 235/558/140 240/557/140
o cube
v 8.453125 0.203125 -0.296875
v 8.453125 0.203125 -0.453125
v 8.453125 -0.015625 -0.296875
v 8.453125 -0.015625 -0.453125
v 8.296875 0.203125 -0.453125
v 8.296875 0.203125 -0.296875
v 8.296875 -0.015625 -0.453125
v 8.296875 -0.015625 -0.296875
vt 0.375 0.5
vt 0.40625 0.5
vt 0.40625 0.453125
vt 0.375 0.453125
vt 0.5 0.625
vt 0.53125 0.625
vt 0.53125 0.578125
vt 0.5 0.578125
vt 0.40625 0.5
vt 0.4375 0.5
vt 0.4375 0.453125
vt 0.40625 0.453125
vt 0.5 0.578125
vt 0.53125 0.578125
vt 0.53125 0.53125
vt 0.5 0.53125
vt 0.53125 0.5
vt 0.5 0.5
vt 0.5 0.46875
vt 0.53125 0.46875
vn 0 0 -1
vn 1 0 0
vn 0 0 1
vn -1 0 0
vn 0 -1 0
usemtl m_3d416422-e871-6413-b81a-b6b89533d607
f 244/564/141 247/563/141 245/562/141 242/561/141
f 243/568/142 244/567/142 242/566/142 241/565/142
f 248/572/143 243/571/143 241/570/143 246/569/143
f 247/576/144 248/575/144 246/574/144 245/573/144
f 247/580/145 244/579/145 243/578/145 248/577/145
o cube
v 8.375 0.5 0.375
v 8.375 0.5 -0.375
v 8.375 0.375 0.375
v 8.375 0.375 -0.375
v 7.625 0.5 -0.375
v 7.625 0.5 0.375
v 7.625 0.375 -0.375
v 7.625 0.375 0.375
vt 0 0.5
vt 0.1875 0.5
vt 0.1875 0.46875
vt 0 0.46875
vt 0.5 1
vt 0.6875 1
vt 0.6875 0.96875
vt 0.5 0.96875
vt 0.5 0.96875
vt 0.6875 0.96875
vt 0.6875 0.9375
vt 0.5 0.9375
vt 0.5 0.9375
vt 0.6875 0.9375
vt 0.6875 0.90625
vt 0.5 0.90625
vn 0 0 -1
vn 1 0 0
vn 0 0 1
vn -1 0 0
usemtl m_3d416422-e871-6413-b81a-b6b89533d607
f 252/584/146 255/583/146 253/582/146 250/581/146
f 251/588/147 252/587/147 250/586/147 249/585/147
f 256/592/148 251/591/148 249/590/148 254/589/148
f 255/596/149 256/595/149 254/594/149 253/593/149
o cube
v 6.5 1 0.5
v 6.5 1 -0.5
v 6.5 0.875 0.5
v 6.5 0.875 -0.5
v 5.5 1 -0.5
v 5.5 1 0.5
v 5.5 0.875 -0.5
v 5.5 0.875 0.5
vt 0 0.5
vt 0.25 0.5
vt 0.25 0.46875
vt 0 0.46875
vt 0.5 1
vt 0.75 1
vt 0.75 0.96875
vt 0.5 0.96875
vt 0.5 0.96875
vt 0.75 0.96875
vt 0.75 0.9375
vt 0.5 0.9375
vt 0.5 0.9375
vt 0.75 0.9375
vt 0.75 0.90625
vt 0.5 0.90625
vt 0.25 0.75
vt 0 0.75
vt 0 1
vt 0.25 1
vt 0.25 0.75
vt 0 0.75
vt 0 0.5
vt 0.25 0.5
vn 0 0 -1
vn 1 0 0
vn 0 0 1
vn -1 0 0
vn 0 1 0
vn 0 -1 0
usemtl m_36bc18cf-317a-7623-6317-5dced29662b8
f 260/600/150 263/599/150 261/598/150 258/597/150
f 259/604/151 260/603/151 258/602/151 257/601/151
f 264/608/152 259/607/152 257/606/152 262/605/152
f 263/612/153 264/611/153 262/610/153 261/609/153
f 262/616/154 257/615/154 258/614/154 261/613/154
f 263/620/155 260/619/155 259/618/155 264/617/155
o cube
v 5.689619415143367 0.9570005467231435 0.4375
v 5.689619415143367 0.9570005467231435 0.3125
v 6.336428433465133 0.11406262266370626 0.4375
v 6.336428433465133 0.11406262266370626 0.3125
v 5.590450247606962 0.8809053680970536 0.3125
v 5.590450247606962 0.8809053680970536 0.4375
v 6.237259265928728 0.037967444037616094 0.3125
v 6.237259265928728 0.037967444037616094 0.4375
vt 0.25 1
vt 0.28125 1
vt 0.28125 0.734375
vt 0.25 0.734375
vt 0.25 0.734375
vt 0.28125 0.734375
vt 0.28125 0.46875
vt 0.25 0.46875
vt 0.28125 1
vt 0.3125 1
vt 0.3125 0.734375
vt 0.28125 0.734375
vt 0.28125 0.734375
vt 0.3125 0.734375
vt 0.3125 0.46875
vt 0.28125 0.46875
vn 0 0 -1
vn 0.7933533402912352 0.6087614290087207 0
vn 0 0 1
vn -0.7933533402912352 -0.6087614290087207 0
usemtl m_36bc18cf-317a-7623-6317-5dced29662b8
f 268/624/156 271/623/156 269/622/156 266/621/156
f 267/628/157 268/627/157 266/626/157 265/625/157
f 272/632/158 267/631/158 265/630/158 270/629/158
f 271/636/159 272/635/159 270/634/159 269/633/159
o cube
v 6.301265092765877 0.18555524970222015 0.453125
v 6.301265092765877 0.18555524970222015 0.296875
v 6.434431655361534 0.01200920651351245 0.453125
v 6.434431655361534 0.01200920651351245 0.296875
v 6.177303633345371 0.09043627641960761 0.296875
v 6.177303633345371 0.09043627641960761 0.453125
v 6.310470195941029 -0.08310976676910009 0.296875
v 6.310470195941029 -0.08310976676910009 0.453125
vt 0.5 0.84375
vt 0.53125 0.84375
vt 0.53125 0.796875
vt 0.5 0.796875
vt 0.5 0.796875
vt 0.53125 0.796875
vt 0.53125 0.75
vt 0.5 0.75
vt 0.5 0.75
vt 0.53125 0.75
vt 0.53125 0.703125
vt 0.5 0.703125
vt 0.5 0.703125
vt 0.53125 0.703125
vt 0.53125 0.65625
vt 0.5 0.65625
vt 0.5625 0.796875
vt 0.53125 0.796875
vt 0.53125 0.765625
vt 0.5625 0.765625
vn 0 0 -1
vn 0.7933533402912352 0.6087614290087207 0
vn 0 0 1
vn -0.7933533402912352 -0.6087614290087207 0
vn 0.6087614290087207 -0.7933533402912352 0
usemtl m_36bc18cf-317a-7623-6317-5dced29662b8
f 276/640/160 279/639/160 277/638/160 274/637/160
f 275/644/161 276/643/161 274/642/161 273/641/161
f 280/648/162 275/647/162 273/646/162 278/645/162
f 279/652/163 280/651/163 278/650/163 277/649/163
f 279/656/164 276/655/164 275/654/164 280/653/164
o cube
v 5.689619415143367 0.9570005467231435 -0.3125
v 5.689619415143367 0.9570005467231435 -0.4375
v 6.336428433465133 0.11406262266370626 -0.3125
v 6.336428433465133 0.11406262266370626 -0.4375
v 5.590450247606962 0.8809053680970536 -0.4375
v 5.590450247606962 0.8809053680970536 -0.3125
v 6.237259265928728 0.037967444037616094 -0.4375
v 6.237259265928728 0.037967444037616094 -0.3125
vt 0.3125 1
vt 0.34375 1
vt 0.34375 0.734375
vt 0.3125 0.734375
vt 0.3125 0.734375
vt 0.34375 0.734375
vt 0.34375 0.46875
vt 0.3125 0.46875
vt 0.34375 1
vt 0.375 1
vt 0.375 0.734375
vt 0.34375 0.734375
vt 0.34375 0.734375
vt 0.375 0.734375
vt 0.375 0.46875
vt 0.34375 0.46875
vn 0 0 -1
vn 0.7933533402912352 0.6087614290087207 0
vn 0 0 1
vn -0.7933533402912352 -0.6087614290087207 0
usemtl m_36bc18cf-317a-7623-6317-5dced29662b8
f 284/660/165 287/659/165 285/658/165 282/657/165
f 283/664/166 284/663/166 282/662/166 281/661/166
f 288/668/167 283/667/167 281/666/167 286/665/167
f 287/672/168 288/671/168 286/670/168 285/669/168
o cube
v 6.301265092765877 0.18555524970222015 -0.296875
v 6.301265092765877 0.18555524970222015 -0.453125
v 6.434431655361534 0.01200920651351245 -0.296875
v 6.434431655361534 0.01200920651351245 -0.453125
v 6.177303633345371 0.09043627641960761 -0.453125
v 6.177303633345371 0.09043627641960761 -0.296875
v 6.310470195941029 -0.08310976676910009 -0.453125
v 6.310470195941029 -0.08310976676910009 -0.296875
vt 0.5 0.65625
vt 0.53125 0.65625
vt 0.53125 0.609375
vt 0.5 0.609375
vt 0.5 0.609375
vt 0.53125 0.609375
vt 0.53125 0.5625
vt 0.5 0.5625
vt 0.5 0.5625
vt 0.53125 0.5625
vt 0.53125 0.515625
vt 0.5 0.515625
vt 0.5 0.515625
vt 0.53125 0.515625
vt 0.53125 0.46875
vt 0.5 0.46875
vt 0.25 0.46875
vt 0.21875 0.46875
vt 0.21875 0.4375
vt 0.25 0.4375
vn 0 0 -1
vn 0.7933533402912352 0.6087614290087207 0
vn 0 0 1
vn -0.7933533402912352 -0.6087614290087207 0
vn 0.6087614290087207 -0.7933533402912352 0
usemtl m_36bc18cf-317a-7623-6317-5dced29662b8
f 292/676/169 295/675/169 293/674/169 290/673/169
f 291/680/170 292/679/170 290/678/170 289/677/170
f 296/684/171 291/683/171 289/682/171 294/681/171
f 295/688/172 296/687/172 294/686/172 293/685/172
f 295/692/173 292/691/173 291/690/173 296/689/173
o cube
v 5.822696366654629 0.09043627641960761 -0.234375
v 5.822696366654629 0.09043627641960761 -0.390625
v 5.689529804058971 -0.08310976676910009 -0.234375
v 5.689529804058971 -0.08310976676910009 -0.390625
v 5.698734907234123 0.18555524970222015 -0.390625
v 5.698734907234123 0.18555524970222015 -0.234375
v 5.565568344638466 0.01200920651351245 -0.390625
v 5.565568344638466 0.01200920651351245 -0.234375
vt 0 0.46875
vt 0.03125 0.46875
vt 0.03125 0.421875
vt 0 0.421875
vt 0.03125 0.46875
vt 0.0625 0.46875
vt 0.0625 0.421875
vt 0.03125 0.421875
vt 0.0625 0.46875
vt 0.09375 0.46875
vt 0.09375 0.421875
vt 0.0625 0.421875
vt 0.09375 0.46875
vt 0.125 0.46875
vt 0.125 0.421875
vt 0.09375 0.421875
vt 0.5625 0.765625
vt 0.53125 0.765625
vt 0.53125 0.734375
vt 0.5625 0.734375
vn 0 0 -1
vn 0.7933533402912352 -0.6087614290087207 0
vn 0 0 1
vn -0.7933533402912352 0.6087614290087207 0
vn -0.6087614290087207 -0.7933533402912352 0
usemtl m_36bc18cf-317a-7623-6317-5dced29662b8
f 300/696/174 303/695/174 301/694/174 298/693/174
f 299/700/175 300/699/175 298/698/175 297/697/175
f 304/704/176 299/703/176 297/702/176 302/701/176
f 303/708/177 304/707/177 302/706/177 301/705/177
f 303/712/178 300/711/178 299/710/178 304/709/178
o cube
v 6.409549752393038 0.8809053680970536 -0.25
v 6.409549752393038 0.8809053680970536 -0.375
v 5.762740734071272 0.037967444037616094 -0.25
v 5.762740734071272 0.037967444037616094 -0.375
v 6.310380584856633 0.9570005467231435 -0.375
v 6.310380584856633 0.9570005467231435 -0.25
v 5.663571566534867 0.11406262266370626 -0.375
v 5.663571566534867 0.11406262266370626 -0.25
vt 0.375 1
vt 0.40625 1
vt 0.40625 0.734375
vt 0.375 0.734375
vt 0.375 0.734375
vt 0.40625 0.734375
vt 0.40625 0.46875
vt 0.375 0.46875
vt 0.40625 1
vt 0.4375 1
vt 0.4375 0.734375
vt 0.40625 0.734375
vt 0.40625 0.734375
vt 0.4375 0.734375
vt 0.4375 0.46875
vt 0.40625 0.46875
vn 0 0 -1
vn 0.7933533402912352 -0.6087614290087207 0
vn 0 0 1
vn -0.7933533402912352 0.6087614290087207 0
usemtl m_36bc18cf-317a-7623-6317-5dced29662b8
f 308/716/179 311/715/179 309/714/179 306/713/179
f 307/720/180 308/719/180 306/718/180 305/717/180
f 312/724/181 307/723/181 305/722/181 310/721/181
f 311/728/182 312/727/182 310/726/182 309/725/182
o cube
v 5.822696366654629 0.09043627641960761 0.390625
v 5.822696366654629 0.09043627641960761 0.234375
v 5.689529804058971 -0.08310976676910009 0.390625
v 5.689529804058971 -0.08310976676910009 0.234375
v 5.698734907234123 0.18555524970222015 0.234375
v 5.698734907234123 0.18555524970222015 0.390625
v 5.565568344638466 0.01200920651351245 0.234375
v 5.565568344638466 0.01200920651351245 0.390625
vt 0.125 0.46875
vt 0.15625 0.46875
vt 0.15625 0.421875
vt 0.125 0.421875
vt 0.15625 0.46875
vt 0.1875 0.46875
vt 0.1875 0.421875
vt 0.15625 0.421875
vt 0.53125 0.84375
vt 0.5625 0.84375
vt 0.5625 0.796875
vt 0.53125 0.796875
vt 0.1875 0.46875
vt 0.21875 0.46875
vt 0.21875 0.421875
vt 0.1875 0.421875
vt 0.28125 0.46875
vt 0.25 0.46875
vt 0.25 0.4375
vt 0.28125 0.4375
vn 0 0 -1
vn 0.7933533402912352 -0.6087614290087207 0
vn 0 0 1
vn -0.7933533402912352 0.6087614290087207 0
vn -0.6087614290087207 -0.7933533402912352 0
usemtl m_36bc18cf-317a-7623-6317-5dced29662b8
f 316/732/183 319/731/183 317/730/183 314/729/183
f 315/736/184 316/735/184 314/734/184 313/733/184
f 320/740/185 315/739/185 313/738/185 318/737/185
f 319/744/186 320/743/186 318/742/186 317/741/186
f 319/748/187 316/747/187 315/746/187 320/745/187
o cube
v 6.409549752393038 0.8809053680970536 0.375
v 6.409549752393038 0.8809053680970536 0.25
v 5.762740734071272 0.037967444037616094 0.375
v 5.762740734071272 0.037967444037616094 0.25
v 6.310380584856633 0.9570005467231435 0.25
v 6.310380584856633 0.9570005467231435 0.375
v 5.663571566534867 0.11406262266370626 0.25
v 5.663571566534867 0.11406262266370626 0.375
vt 0.4375 1
vt 0.46875 1
vt 0.46875 0.734375
vt 0.4375 0.734375
vt 0.4375 0.734375
vt 0.46875 0.734375
vt 0.46875 0.46875
vt 0.4375 0.46875
vt 0.46875 1
vt 0.5 1
vt 0.5 0.734375
vt 0.46875 0.734375
vt 0.46875 0.734375
vt 0.5 0.734375
vt 0.5 0.46875
vt 0.46875 0.46875
vn 0 0 -1
vn 0.7933533402912352 -0.6087614290087207 0
vn 0 0 1
vn -0.7933533402912352 0.6087614290087207 0
usemtl m_36bc18cf-317a-7623-6317-5dced29662b8
f 324/752/188 327/751/188 325/750/188 322/749/188
f 323/756/189 324/755/189 322/754/189 321/753/189
f 328/760/190 323/759/190 321/758/190 326/757/190
f 327/764/191 328/763/191 326/762/191 325/761/191
o cube
v 6.13465349244475 0.27435336842347 0.3125
v 6.13465349244475 0.27435336842347 -0.3125
v 6.21074867107084 0.17518420088706566 0.3125
v 6.21074867107084 0.17518420088706566 -0.3125
v 6.13465349244475 0.27435336842347 -0.3125
v 6.13465349244475 0.27435336842347 0.3125
v 6.21074867107084 0.17518420088706566 -0.3125
v 6.21074867107084 0.17518420088706566 0.3125
vt 0.5 0.90625
vt 0.65625 0.90625
vt 0.65625 0.875
vt 0.5 0.875
vn 0.7933533402912352 0.6087614290087207 0
usemtl m_36bc18cf-317a-7623-6317-5dced29662b8
f 331/768/192 332/767/192 330/766/192 329/765/192
o cube
v 5.86534650755525 0.27435336842347 0.25
v 5.86534650755525 0.27435336842347 -0.25
v 5.78925132892916 0.17518420088706566 0.25
v 5.78925132892916 0.17518420088706566 -0.25
v 5.86534650755525 0.27435336842347 -0.25
v 5.86534650755525 0.27435336842347 0.25
v 5.78925132892916 0.17518420088706566 -0.25
v 5.78925132892916 0.17518420088706566 0.25
vt 0.5 0.875
vt 0.625 0.875
vt 0.625 0.84375
vt 0.5 0.84375
vn -0.7933533402912352 0.6087614290087207 0
usemtl m_36bc18cf-317a-7623-6317-5dced29662b8
f 343/772/193 344/771/193 342/770/193 341/769/193
o cube
v 10.5 1 0.5
v 10.5 1 -0.5
v 10.5 0.875 0.5
v 10.5 0.875 -0.5
v 9.5 1 -0.5
v 9.5 1 0.5
v 9.5 0.875 -0.5
v 9.5 0.875 0.5
vt 0.5 0.75
vt 0.75 0.75
vt 0.75 0.71875
vt 0.5 0.71875
vt 0.5 0.71875
vt 0.75 0.71875
vt 0.75 0.6875
vt 0.5 0.6875
vt 0.5 0.6875
vt 0.75 0.6875
vt 0.75 0.65625
vt 0.5 0.65625
vt 0.5 0.65625
vt 0.75 0.65625
vt 0.75 0.625
vt 0.5 0.625
vt 0.25 0.75
vt 0 0.75
vt 0 1
vt 0.25 1
vt 0.25 0.75
vt 0 0.75
vt 0 0.5
vt 0.25 0.5
vn 0 0 -1
vn 1 0 0
vn 0 0 1
vn -1 0 0
vn 0 1 0
vn 0 -1 0
usemtl m_31ece64d-9da6-b6bb-a97a-935d3efb74ff
f 348/776/194 351/775/194 349/774/194 346/773/194
f 347/780/195 348/779/195 346/778/195 345/777/195
f 352/784/196 347/783/196 345/782/196 350/781/196
f 351/788/197 352/787/197 350/786/197 349/785/197
f 350/792/198 345/791/198 346/790/198 349/789/198
f 351/796/199 348/795/199 347/794/199 352/793/199
o cube
v 9.702659816617354 0.37367368790484956 0.4222822753459803
v 9.701710301180617 0.36282067680066643 0.2977579380845121
v 9.670100783304806 0.0015222342150604806 0.4549656788763522
v 9.669151267868068 -0.009330776889122594 0.3304413416148839
v 9.577185963919149 0.3737151446441237 0.2977579380845121
v 9.578135479355886 0.38456815574830683 0.4222822753459803
v 9.544626930606599 0.0015636909543346178 0.3304413416148839
v 9.545576446043336 0.012416702058517748 0.4549656788763522
vt 0.15625 0.28125
vt 0.1875 0.28125
vt 0.1875 0.1875
vt 0.15625 0.1875
vt 0.1875 0.28125
vt 0.21875 0.28125
vt 0.21875 0.1875
vt 0.1875 0.1875
vt 0.21875 0.28125
vt 0.25 0.28125
vt 0.25 0.1875
vt 0.21875 0.1875
vt 0.71875 0.53125
vt 0.75 0.53125
vt 0.75 0.4375
vt 0.71875 0.4375
vt 0.75 0.40625
vt 0.71875 0.40625
vt 0.71875 0.375
vt 0.75 0.375
vn -0.007596123493895972 -0.08682408883346518 -0.9961946980917455
vn 0.9961946980917455 -0.0871557427476582 1.734723475976807e-18
vn 0.007596123493895972 0.08682408883346518 0.9961946980917455
vn -0.9961946980917455 0.0871557427476582 -1.734723475976807e-18
vn -0.08682408883346518 -0.9924038765061041 0.0871557427476582
usemtl m_31ece64d-9da6-b6bb-a97a-935d3efb74ff
f 356/800/200 359/799/200 357/798/200 354/797/200
f 355/804/201 356/803/201 354/802/201 353/801/201
f 360/808/202 355/807/202 353/806/202 358/805/202
f 359/812/203 360/811/203 358/810/203 357/809/203
f 359/816/204 356/815/204 355/814/204 360/813/204
o cube
v 9.730553685696837 0.5132253009461112 0.4255915411797744
v 9.729366791400915 0.4996590370658822 0.2699361196029392
v 9.711560916264515 0.296136952960401 0.4446568599058247
v 9.710374021968594 0.282570689080172 0.2890014383289894
v 9.57371136982408 0.5132771218702039 0.2699361196029392
v 9.574898264120002 0.5268433857504329 0.4255915411797744
v 9.554718600391759 0.2961887738844936 0.2890014383289894
v 9.55590549468768 0.30975503776472246 0.4446568599058247
vt 0.25 0.34375
vt 0.28125 0.34375
vt 0.28125 0.296875
vt 0.25 0.296875
vt 0.28125 0.34375
vt 0.3125 0.34375
vt 0.3125 0.296875
vt 0.28125 0.296875
vt 0.3125 0.34375
vt 0.34375 0.34375
vt 0.34375 0.296875
vt 0.3125 0.296875
vt 0.34375 0.34375
vt 0.375 0.34375
vt 0.375 0.296875
vt 0.34375 0.296875
vt 0.1875 0.3125
vt 0.15625 0.3125
vt 0.15625 0.28125
vt 0.1875 0.28125
vn -0.007596123493895972 -0.08682408883346518 -0.9961946980917455
vn 0.9961946980917455 -0.0871557427476582 1.734723475976807e-18
vn 0.007596123493895972 0.08682408883346518 0.9961946980917455
vn -0.9961946980917455 0.0871557427476582 -1.734723475976807e-18
vn -0.08682408883346518 -0.9924038765061041 0.0871557427476582
usemtl m_31ece64d-9da6-b6bb-a97a-935d3efb74ff
f 364/820/205 367/819/205 365/818/205 362/817/205
f 363/824/206 364/823/206 362/822/206 361/821/206
f 368/828/207 363/827/207 361/826/207 366/825/207
f 367/832/208 368/831/208 366/830/208 365/829/208
f 367/836/209 364/835/209 363/834/209 368/833/209
o cube
v 9.701710301180617 0.36282067680066643 -0.2977579380845121
v 9.702659816617354 0.37367368790484956 -0.42228227534598034
v 9.669151267868068 -0.009330776889122594 -0.330441341614884
v 9.670100783304806 0.0015222342150604806 -0.4549656788763522
v 9.578135479355886 0.38456815574830683 -0.42228227534598034
v 9.577185963919149 0.3737151446441237 -0.2977579380845121
v 9.545576446043336 0.012416702058517748 -0.4549656788763522
v 9.544626930606599 0.0015636909543346178 -0.330441341614884
vt 0.6875 0.5
vt 0.71875 0.5
vt 0.71875 0.40625
vt 0.6875 0.40625
vt 0.5625 0.3125
vt 0.59375 0.3125
vt 0.59375 0.21875
vt 0.5625 0.21875
vt 0.59375 0.3125
vt 0.625 0.3125
vt 0.625 0.21875
vt 0.59375 0.21875
vt 0.6875 0.40625
vt 0.71875 0.40625
vt 0.71875 0.3125
vt 0.6875 0.3125
vt 0.75 0.8125
vt 0.71875 0.8125
vt 0.71875 0.78125
vt 0.75 0.78125
vn 0.007596123493895972 0.08682408883346518 -0.9961946980917455
vn 0.9961946980917455 -0.0871557427476582 -1.734723475976807e-18
vn -0.007596123493895972 -0.08682408883346518 0.9961946980917455
vn -0.9961946980917455 0.0871557427476582 1.734723475976807e-18
vn -0.08682408883346518 -0.9924038765061041 -0.0871557427476582
usemtl m_31ece64d-9da6-b6bb-a97a-935d3efb74ff
f 372/840/210 375/839/210 373/838/210 370/837/210
f 371/844/211 372/843/211 370/842/211 369/841/211
f 376/848/212 371/847/212 369/846/212 374/845/212
f 375/852/213 376/851/213 374/850/213 373/849/213
f 375/856/214 372/855/214 371/854/214 376/853/214
o cube
v 10.422814036080851 0.3737151446441237 -0.2977579380845121
v 10.421864520644114 0.38456815574830683 -0.42228227534598034
v 10.455373069393401 0.0015636909543346178 -0.330441341614884
v 10.454423553956664 0.012416702058517748 -0.4549656788763522
v 10.297340183382646 0.37367368790484956 -0.42228227534598034
v 10.298289698819383 0.36282067680066643 -0.2977579380845121
v 10.329899216695194 0.0015222342150604806 -0.4549656788763522
v 10.330848732131932 -0.009330776889122594 -0.330441341614884
vt 0.6875 0.3125
vt 0.71875 0.3125
vt 0.71875 0.21875
vt 0.6875 0.21875
vt 0.25 0.296875
vt 0.28125 0.296875
vt 0.28125 0.203125
vt 0.25 0.203125
vt 0.28125 0.296875
vt 0.3125 0.296875
vt 0.3125 0.203125
vt 0.28125 0.203125
vt 0.3125 0.296875
vt 0.34375 0.296875
vt 0.34375 0.203125
vt 0.3125 0.203125
vt 0.75 0.78125
vt 0.71875 0.78125
vt 0.71875 0.75
vt 0.75 0.75
vn -0.007596123493895972 0.08682408883346518 -0.9961946980917455
vn 0.9961946980917455 0.0871557427476582 1.734723475976807e-18
vn 0.007596123493895972 -0.08682408883346518 0.9961946980917455
vn -0.9961946980917455 -0.0871557427476582 -1.734723475976807e-18
vn 0.08682408883346518 -0.9924038765061041 -0.0871557427476582
usemtl m_31ece64d-9da6-b6bb-a97a-935d3efb74ff
f 380/860/215 383/859/215 381/858/215 378/857/215
f 379/864/216 380/863/216 378/862/216 377/861/216
f 384/868/217 379/867/217 377/866/217 382/865/217
f 383/872/218 384/871/218 382/870/218 381/869/218
f 383/876/219 380/875/219 379/874/219 384/873/219
o cube
v 10.425101735879998 0.5268433857504329 0.4255915411797744
v 10.42628863017592 0.5132771218702039 0.2699361196029392
v 10.44409450531232 0.30975503776472246 0.4446568599058247
v 10.445281399608241 0.2961887738844936 0.2890014383289894
v 10.270633208599085 0.4996590370658822 0.2699361196029392
v 10.269446314303163 0.5132253009461112 0.4255915411797744
v 10.289625978031406 0.282570689080172 0.2890014383289894
v 10.288439083735485 0.296136952960401 0.4446568599058247
vt 0.375 0.34375
vt 0.40625 0.34375
vt 0.40625 0.296875
vt 0.375 0.296875
vt 0.40625 0.34375
vt 0.4375 0.34375
vt 0.4375 0.296875
vt 0.40625 0.296875
vt 0.65625 0.46875
vt 0.6875 0.46875
vt 0.6875 0.421875
vt 0.65625 0.421875
vt 0.65625 0.421875
vt 0.6875 0.421875
vt 0.6875 0.375
vt 0.65625 0.375
vt 0.71875 0.8125
vt 0.6875 0.8125
vt 0.6875 0.78125
vt 0.71875 0.78125
vn 0.007596123493895972 -0.08682408883346518 -0.9961946980917455
vn 0.9961946980917455 0.0871557427476582 -1.734723475976807e-18
vn -0.007596123493895972 0.08682408883346518 0.9961946980917455
vn -0.9961946980917455 -0.0871557427476582 1.734723475976807e-18
vn 0.08682408883346518 -0.9924038765061041 0.0871557427476582
usemtl m_31ece64d-9da6-b6bb-a97a-935d3efb74ff
f 388/880/220 391/879/220 389/878/220 386/877/220
f 387/884/221 388/883/221 386/882/221 385/881/221
f 392/888/222 387/887/222 385/886/222 390/885/222
f 391/892/223 392/891/223 390/890/223 389/889/223
f 391/896/224 388/895/224 387/894/224 392/893/224
o cube
v 10.421864520644114 0.38456815574830683 0.4222822753459803
v 10.422814036080851 0.3737151446441237 0.2977579380845121
v 10.454423553956664 0.012416702058517748 0.4549656788763522
v 10.455373069393401 0.0015636909543346178 0.3304413416148839
v 10.298289698819383 0.36282067680066643 0.2977579380845121
v 10.297340183382646 0.37367368790484956 0.4222822753459803
v 10.330848732131932 -0.009330776889122594 0.3304413416148839
v 10.329899216695194 0.0015222342150604806 0.4549656788763522
vt 0.34375 0.296875
vt 0.375 0.296875
vt 0.375 0.203125
vt 0.34375 0.203125
vt 0.375 0.296875
vt 0.40625 0.296875
vt 0.40625 0.203125
vt 0.375 0.203125
vt 0.40625 0.296875
vt 0.4375 0.296875
vt 0.4375 0.203125
vt 0.40625 0.203125
vt 0.625 0.296875
vt 0.65625 0.296875
vt 0.65625 0.203125
vt 0.625 0.203125
vt 0.75 0.4375
vt 0.71875 0.4375
vt 0.71875 0.40625
vt 0.75 0.40625
vn 0.007596123493895972 -0.08682408883346518 -0.9961946980917455
vn 0.9961946980917455 0.0871557427476582 -1.734723475976807e-18
vn -0.007596123493895972 0.08682408883346518 0.9961946980917455
vn -0.9961946980917455 -0.0871557427476582 1.734723475976807e-18
vn 0.08682408883346518 -0.9924038765061041 0.0871557427476582
usemtl m_31ece64d-9da6-b6bb-a97a-935d3efb74ff
f 396/900/225 399/899/225 397/898/225 394/897/225
f 395/904/226 396/903/226 394/902/226 393/901/226
f 400/908/227 395/907/227 393/906/227 398/905/227
f 399/912/228 400/911/228 398/910/228 397/909/228
f 399/916/229 396/915/229 395/914/229 400/913/229
o cube
v 9.729366791400915 0.4996590370658822 -0.2699361196029392
v 9.730553685696837 0.5132253009461112 -0.42559154117977444
v 9.710374021968594 0.282570689080172 -0.28900143832898945
v 9.711560916264515 0.296136952960401 -0.44465685990582465
v 9.574898264120002 0.5268433857504329 -0.42559154117977444
v 9.57371136982408 0.5132771218702039 -0.2699361196029392
v 9.55590549468768 0.30975503776472246 -0.44465685990582465
v 9.554718600391759 0.2961887738844936 -0.28900143832898945
vt 0.625 0.34375
vt 0.65625 0.34375
vt 0.65625 0.296875
vt 0.625 0.296875
vt 0.65625 0.375
vt 0.6875 0.375
vt 0.6875 0.328125
vt 0.65625 0.328125
vt 0.65625 0.328125
vt 0.6875 0.328125
vt 0.6875 0.28125
vt 0.65625 0.28125
vt 0 0.3125
vt 0.03125 0.3125
vt 0.03125 0.265625
vt 0 0.265625
vt 0.71875 0.78125
vt 0.6875 0.78125
vt 0.6875 0.75
vt 0.71875 0.75
vn 0.007596123493895972 0.08682408883346518 -0.9961946980917455
vn 0.9961946980917455 -0.0871557427476582 -1.734723475976807e-18
vn -0.007596123493895972 -0.08682408883346518 0.9961946980917455
vn -0.9961946980917455 0.0871557427476582 1.734723475976807e-18
vn -0.08682408883346518 -0.9924038765061041 -0.0871557427476582
usemtl m_31ece64d-9da6-b6bb-a97a-935d3efb74ff
f 404/920/230 407/919/230 405/918/230 402/917/230
f 403/924/231 404/923/231 402/922/231 401/921/231
f 408/928/232 403/927/232 401/926/232 406/925/232
f 407/932/233 408/931/233 406/930/233 405/929/233
f 407/936/234 404/935/234 403/934/234 408/933/234
o cube
v 10.42628863017592 0.5132771218702039 -0.2699361196029392
v 10.425101735879998 0.5268433857504329 -0.42559154117977444
v 10.445281399608241 0.2961887738844936 -0.28900143832898945
v 10.44409450531232 0.30975503776472246 -0.44465685990582465
v 10.269446314303163 0.5132253009461112 -0.42559154117977444
v 10.270633208599085 0.4996590370658822 -0.2699361196029392
v 10.288439083735485 0.296136952960401 -0.44465685990582465
v 10.289625978031406 0.282570689080172 -0.28900143832898945
vt 0.03125 0.3125
vt 0.0625 0.3125
vt 0.0625 0.265625
vt 0.03125 0.265625
vt 0.0625 0.3125
vt 0.09375 0.3125
vt 0.09375 0.265625
vt 0.0625 0.265625
vt 0.09375 0.3125
vt 0.125 0.3125
vt 0.125 0.265625
vt 0.09375 0.265625
vt 0.125 0.3125
vt 0.15625 0.3125
vt 0.15625 0.265625
vt 0.125 0.265625
vt 0.71875 0.53125
vt 0.6875 0.53125
vt 0.6875 0.5
vt 0.71875 0.5
vn -0.007596123493895972 0.08682408883346518 -0.9961946980917455
vn 0.9961946980917455 0.0871557427476582 1.734723475976807e-18
vn 0.007596123493895972 -0.08682408883346518 0.9961946980917455
vn -0.9961946980917455 -0.0871557427476582 -1.734723475976807e-18
vn 0.08682408883346518 -0.9924038765061041 -0.0871557427476582
usemtl m_31ece64d-9da6-b6bb-a97a-935d3efb74ff
f 412/940/235 415/939/235 413/938/235 410/937/235
f 411/944/236 412/943/236 410/942/236 409/941/236
f 416/948/237 411/947/237 409/946/237 414/945/237
f 415/952/238 416/951/238 414/950/238 413/949/238
f 415/956/239 412/955/239 411/954/239 416/953/239
o cube
v 10.5 0.625 0.5
v 10.5 0.625 -0.5
v 10.5 0.5 0.5
v 10.5 0.5 -0.5
v 9.5 0.625 -0.5
v 9.5 0.625 0.5
v 9.5 0.5 -0.5
v 9.5 0.5 0.5
vt 0.5 0.625
vt 0.75 0.625
vt 0.75 0.59375
vt 0.5 0.59375
vt 0.5 0.59375
vt 0.75 0.59375
vt 0.75 0.5625
vt 0.5 0.5625
vt 0.4375 0.5
vt 0.6875 0.5
vt 0.6875 0.46875
vt 0.4375 0.46875
vt 0.5 0.5625
vt 0.75 0.5625
vt 0.75 0.53125
vt 0.5 0.53125
vt 0.5 0.75
vt 0.25 0.75
vt 0.25 1
vt 0.5 1
vt 0.5 0.75
vt 0.25 0.75
vt 0.25 0.5
vt 0.5 0.5
vn 0 0 -1
vn 1 0 0
vn 0 0 1
vn -1 0 0
vn 0 1 0
vn 0 -1 0
usemtl m_31ece64d-9da6-b6bb-a97a-935d3efb74ff
f 420/960/240 423/959/240 421/958/240 418/957/240
f 419/964/241 420/963/241 418/962/241 417/961/241
f 424/968/242 419/967/242 417/966/242 422/965/242
f 423/972/243 424/971/243 422/970/243 421/969/243
f 422/976/244 417/975/244 418/974/244 421/973/244
f 423/980/245 420/979/245 419/978/245 424/977/245
o cube
v 10.375 0.875 0.5
v 10.375 0.875 0.375
v 10.375 0.625 0.5
v 10.375 0.625 0.375
v 9.625 0.875 0.375
v 9.625 0.875 0.5
v 9.625 0.625 0.375
v 9.625 0.625 0.5
vt 0.5 0.8125
vt 0.6875 0.8125
vt 0.6875 0.75
vt 0.5 0.75
vt 0.625 0.46875
vt 0.65625 0.46875
vt 0.65625 0.40625
vt 0.625 0.40625
vt 0.25 0.5
vt 0.4375 0.5
vt 0.4375 0.4375
vt 0.25 0.4375
vt 0.5625 0.375
vt 0.59375 0.375
vt 0.59375 0.3125
vt 0.5625 0.3125
vt 0.6875 0.5
vt 0.5 0.5
vt 0.5 0.53125
vt 0.6875 0.53125
vt 0.1875 0.4375
vt 0 0.4375
vt 0 0.40625
vt 0.1875 0.40625
vn 0 0 -1
vn 1 0 0
vn 0 0 1
vn -1 0 0
vn 0 1 0
vn 0 -1 0
usemtl m_31ece64d-9da6-b6bb-a97a-935d3efb74ff
f 428/984/246 431/983/246 429/982/246 426/981/246
f 427/988/247 428/987/247 426/986/247 425/985/247
f 432/992/248 427/991/248 425/990/248 430/989/248
f 431/996/249 432/995/249 430/994/249 429/993/249
f 430/1000/250 425/999/250 426/998/250 429/997/250
f 431/1004/251 428/1003/251 427/1002/251 432/1001/251
o cube
v 9.625 0.875 0.5
v 9.625 0.875 -0.5
v 9.625 0.625 0.5
v 9.625 0.625 -0.5
v 9.5 0.875 -0.5
v 9.5 0.875 0.5
v 9.5 0.625 -0.5
v 9.5 0.625 0.5
vt 0.59375 0.375
vt 0.625 0.375
vt 0.625 0.3125
vt 0.59375 0.3125
vt 0 0.5
vt 0.25 0.5
vt 0.25 0.4375
vt 0 0.4375
vt 0.625 0.40625
vt 0.65625 0.40625
vt 0.65625 0.34375
vt 0.625 0.34375
vt 0.5 1
vt 0.75 1
vt 0.75 0.9375
vt 0.5 0.9375
vt 0.46875 0.21875
vt 0.4375 0.21875
vt 0.4375 0.46875
vt 0.46875 0.46875
vt 0.5 0.46875
vt 0.46875 0.46875
vt 0.46875 0.21875
vt 0.5 0.21875
vn 0 0 -1
vn 1 0 0
vn 0 0 1
vn -1 0 0
vn 0 1 0
vn 0 -1 0
usemtl m_31ece64d-9da6-b6bb-a97a-935d3efb74ff
f 436/1008/252 439/1007/252 437/1006/252 434/1005/252
f 435/1012/253 436/1011/253 434/1010/253 433/1009/253
f 440/1016/254 435/1015/254 433/1014/254 438/1013/254
f 439/1020/255 440/1019/255 438/1018/255 437/1017/255
f 438/1024/256 433/1023/256 434/1022/256 437/1021/256
f 439/1028/257 436/1027/257 435/1026/257 440/1025/257
o cube
v 10.5 0.875 0.5
v 10.5 0.875 -0.5
v 10.5 0.625 0.5
v 10.5 0.625 -0.5
v 10.375 0.875 -0.5
v 10.375 0.875 0.5
v 10.375 0.625 -0.5
v 10.375 0.625 0.5
vt 0.1875 0.34375
vt 0.21875 0.34375
vt 0.21875 0.28125
vt 0.1875 0.28125
vt 0.5 0.9375
vt 0.75 0.9375
vt 0.75 0.875
vt 0.5 0.875
vt 0.21875 0.34375
vt 0.25 0.34375
vt 0.25 0.28125
vt 0.21875 0.28125
vt 0.5 0.875
vt 0.75 0.875
vt 0.75 0.8125
vt 0.5 0.8125
vt 0.53125 0.21875
vt 0.5 0.21875
vt 0.5 0.46875
vt 0.53125 0.46875
vt 0.5625 0.46875
vt 0.53125 0.46875
vt 0.53125 0.21875
vt 0.5625 0.21875
vn 0 0 -1
vn 1 0 0
vn 0 0 1
vn -1 0 0
vn 0 1 0
vn 0 -1 0
usemtl m_31ece64d-9da6-b6bb-a97a-935d3efb74ff
f 444/1032/258 447/1031/258 445/1030/258 442/1029/258
f 443/1036/259 444/1035/259 442/1034/259 441/1033/259
f 448/1040/260 443/1039/260 441/1038/260 446/1037/260
f 447/1044/261 448/1043/261 446/1042/261 445/1041/261
f 446/1048/262 441/1047/262 442/1046/262 445/1045/262
f 447/1052/263 444/1051/263 443/1050/263 448/1049/263
o cube
v 12.5 1 0.5
v 12.5 1 -0.5
v 12.5 0.875 0.5
v 12.5 0.875 -0.5
v 11.5 1 -0.5
v 11.5 1 0.5
v 11.5 0.875 -0.5
v 11.5 0.875 0.5
vt 0.6875 0.84375
vt 0.9375 0.84375
vt 0.9375 0.8125
vt 0.6875 0.8125
vt 0.6875 0.8125
vt 0.9375 0.8125
vt 0.9375 0.78125
vt 0.6875 0.78125
vt 0.375 0.3125
vt 0.625 0.3125
vt 0.625 0.28125
vt 0.375 0.28125
vt 0.6875 0.46875
vt 0.9375 0.46875
vt 0.9375 0.4375
vt 0.6875 0.4375
vt 0.25 0.75
vt 0 0.75
vt 0 1
vt 0.25 1
vt 0.25 0.75
vt 0 0.75
vt 0 0.5
vt 0.25 0.5
vn 0 0 -1
vn 1 0 0
vn 0 0 1
vn -1 0 0
vn 0 1 0
vn 0 -1 0
usemtl m_05a2107a-5c8a-3fb2-ce29-a26e26858d27
f 452/1056/264 455/1055/264 453/1054/264 450/1053/264
f 451/1060/265 452/1059/265 450/1058/265 449/1057/265
f 456/1064/266 451/1063/266 449/1062/266 454/1061/266
f 455/1068/267 456/1067/267 454/1066/267 453/1065/267
f 454/1072/268 449/1071/268 450/1070/268 453/1069/268
f 455/1076/269 452/1075/269 451/1074/269 456/1073/269
o cube
v 11.6875 0.125 0.4375
v 11.6875 0.125 0.3125
v 11.6875 0 0.4375
v 11.6875 0 0.3125
v 11.5625 0.125 0.3125
v 11.5625 0.125 0.4375
v 11.5625 0 0.3125
v 11.5625 0 0.4375
vt 0.4375 0.5
vt 0.46875 0.5
vt 0.46875 0.46875
vt 0.4375 0.46875
vt 0.46875 0.5
vt 0.5 0.5
vt 0.5 0.46875
vt 0.46875 0.46875
vt 0.375 0.34375
vt 0.40625 0.34375
vt 0.40625 0.3125
vt 0.375 0.3125
vt 0.40625 0.34375
vt 0.4375 0.34375
vt 0.4375 0.3125
vt 0.40625 0.3125
vn 0 0 -1
vn 1 0 0
vn 0 0 1
vn -1 0 0
usemtl m_05a2107a-5c8a-3fb2-ce29-a26e26858d27
f 460/1080/270 463/1079/270 461/1078/270 458/1077/270
f 459/1084/271 460/1083/271 458/1082/271 457/1081/271
f 464/1088/272 459/1087/272 457/1086/272 462/1085/272
f 463/1092/273 464/1091/273 462/1090/273 461/1089/273
o cube
v 11.6875 0.125 -0.3125
v 11.6875 0.125 -0.4375
v 11.6875 0 -0.3125
v 11.6875 0 -0.4375
v 11.5625 0.125 -0.4375
v 11.5625 0.125 -0.3125
v 11.5625 0 -0.4375
v 11.5625 0 -0.3125
vt 0.125 0.28125
vt 0.15625 0.28125
vt 0.15625 0.25
vt 0.125 0.25
vt 0.15625 0.28125
vt 0.1875 0.28125
vt 0.1875 0.25
vt 0.15625 0.25
vt 0.375 0.28125
vt 0.40625 0.28125
vt 0.40625 0.25
vt 0.375 0.25
vt 0.40625 0.28125
vt 0.4375 0.28125
vt 0.4375 0.25
vt 0.40625 0.25
vn 0 0 -1
vn 1 0 0
vn 0 0 1
vn -1 0 0
usemtl m_05a2107a-5c8a-3fb2-ce29-a26e26858d27
f 468/1096/274 471/1095/274 469/1094/274 466/1093/274
f 467/1100/275 468/1099/275 466/1098/275 465/1097/275
f 472/1104/276 467/1103/276 465/1102/276 470/1101/276
f 471/1108/277 472/1107/277 470/1106/277 469/1105/277
o cube
v 12.4375 0.125 -0.3125
v 12.4375 0.125 -0.4375
v 12.4375 0 -0.3125
v 12.4375 0 -0.4375
v 12.3125 0.125 -0.4375
v 12.3125 0.125 -0.3125
v 12.3125 0 -0.4375
v 12.3125 0 -0.3125
vt 0.4375 0.28125
vt 0.46875 0.28125
vt 0.46875 0.25
vt 0.4375 0.25
vt 0.46875 0.28125
vt 0.5 0.28125
vt 0.5 0.25
vt 0.46875 0.25
vt 0.5 0.28125
vt 0.53125 0.28125
vt 0.53125 0.25
vt 0.5 0.25
vt 0.53125 0.28125
vt 0.5625 0.28125
vt 0.5625 0.25
vt 0.53125 0.25
vn 0 0 -1
vn 1 0 0
vn 0 0 1
vn -1 0 0
usemtl m_05a2107a-5c8a-3fb2-ce29-a26e26858d27
f 476/1112/278 479/1111/278 477/1110/278 474/1109/278
f 475/1116/279 476/1115/279 474/1114/279 473/1113/279
f 480/1120/280 475/1119/280 473/1118/280 478/1117/280
f 479/1124/281 480/1123/281 478/1122/281 477/1121/281
o cube
v 12.453125 0.078125 0.453125
v 12.453125 0.078125 0.296875
v 12.453125 -0.015625 0.453125
v 12.453125 -0.015625 0.296875
v 12.296875 0.078125 0.296875
v 12.296875 0.078125 0.453125
v 12.296875 -0.015625 0.296875
v 12.296875 -0.015625 0.453125
vt 0.75 0.78125
vt 0.78125 0.78125
vt 0.78125 0.765625
vt 0.75 0.765625
vt 0.75 0.765625
vt 0.78125 0.765625
vt 0.78125 0.75
vt 0.75 0.75
vt 0.75 0.75
vt 0.78125 0.75
vt 0.78125 0.734375
vt 0.75 0.734375
vt 0.75 0.734375
vt 0.78125 0.734375
vt 0.78125 0.71875
vt 0.75 0.71875
vt 0.59375 0.28125
vt 0.5625 0.28125
vt 0.5625 0.25
vt 0.59375 0.25
vn 0 0 -1
vn 1 0 0
vn 0 0 1
vn -1 0 0
vn 0 -1 0
usemtl m_05a2107a-5c8a-3fb2-ce29-a26e26858d27
f 484/1128/282 487/1127/282 485/1126/282 482/1125/282
f 483/1132/283 484/1131/283 482/1130/283 481/1129/283
f 488/1136/284 483/1135/284 481/1134/284 486/1133/284
f 487/1140/285 488/1139/285 486/1138/285 485/1137/285
f 487/1144/286 484/1143/286 483/1142/286 488/1141/286
o cube
v 12.4375 0.125 0.4375
v 12.4375 0.125 0.3125
v 12.4375 0 0.4375
v 12.4375 0 0.3125
v 12.3125 0.125 0.3125
v 12.3125 0.125 0.4375
v 12.3125 0 0.3125
v 12.3125 0 0.4375
vt 0.59375 0.28125
vt 0.625 0.28125
vt 0.625 0.25
vt 0.59375 0.25
vt 0.625 0.28125
vt 0.65625 0.28125
vt 0.65625 0.25
vt 0.625 0.25
vt 0.65625 0.28125
vt 0.6875 0.28125
vt 0.6875 0.25
vt 0.65625 0.25
vt 0.6875 0.28125
vt 0.71875 0.28125
vt 0.71875 0.25
vt 0.6875 0.25
vn 0 0 -1
vn 1 0 0
vn 0 0 1
vn -1 0 0
usemtl m_05a2107a-5c8a-3fb2-ce29-a26e26858d27
f 492/1148/287 495/1147/287 493/1146/287 490/1145/287
f 491/1152/288 492/1151/288 490/1150/288 489/1149/288
f 496/1156/289 491/1155/289 489/1154/289 494/1153/289
f 495/1160/290 496/1159/290 494/1158/290 493/1157/290
o cube
v 12.453125 0.078125 -0.296875
v 12.453125 0.078125 -0.453125
v 12.453125 -0.015625 -0.296875
v 12.453125 -0.015625 -0.453125
v 12.296875 0.078125 -0.453125
v 12.296875 0.078125 -0.296875
v 12.296875 -0.015625 -0.453125
v 12.296875 -0.015625 -0.296875
vt 0.75 0.71875
vt 0.78125 0.71875
vt 0.78125 0.703125
vt 0.75 0.703125
vt 0.75 0.703125
vt 0.78125 0.703125
vt 0.78125 0.6875
vt 0.75 0.6875
vt 0.75 0.6875
vt 0.78125 0.6875
vt 0.78125 0.671875
vt 0.75 0.671875
vt 0.75 0.671875
vt 0.78125 0.671875
vt 0.78125 0.65625
vt 0.75 0.65625
vt 0.75 0.28125
vt 0.71875 0.28125
vt 0.71875 0.25
vt 0.75 0.25
vn 0 0 -1
vn 1 0 0
vn 0 0 1
vn -1 0 0
vn 0 -1 0
usemtl m_05a2107a-5c8a-3fb2-ce29-a26e26858d27
f 500/1164/291 503/1163/291 501/1162/291 498/1161/291
f 499/1168/292 500/1167/292 498/1166/292 497/1165/292
f 504/1172/293 499/1171/293 497/1170/293 502/1169/293
f 503/1176/294 504/1175/294 502/1174/294 501/1173/294
f 503/1180/295 500/1179/295 499/1178/295 504/1177/295
o cube
v 12.5 0.25 0.5
v 12.5 0.25 -0.5
v 12.5 0.125 0.5
v 12.5 0.125 -0.5
v 11.5 0.25 -0.5
v 11.5 0.25 0.5
v 11.5 0.125 -0.5
v 11.5 0.125 0.5
vt 0.6875 0.4375
vt 0.9375 0.4375
vt 0.9375 0.40625
vt 0.6875 0.40625
vt 0.6875 0.40625
vt 0.9375 0.40625
vt 0.9375 0.375
vt 0.6875 0.375
vt 0.625 0.3125
vt 0.875 0.3125
vt 0.875 0.28125
vt 0.625 0.28125
vt 0.6875 0.375
vt 0.9375 0.375
vt 0.9375 0.34375
vt 0.6875 0.34375
vt 0.5 0.75
vt 0.25 0.75
vt 0.25 1
vt 0.5 1
vt 0.5 0.75
vt 0.25 0.75
vt 0.25 0.5
vt 0.5 0.5
vn 0 0 -1
vn 1 0 0
vn 0 0 1
vn -1 0 0
vn 0 1 0
vn 0 -1 0
usemtl m_05a2107a-5c8a-3fb2-ce29-a26e26858d27
f 508/1184/296 511/1183/296 509/1182/296 506/1181/296
f 507/1188/297 508/1187/297 506/1186/297 505/1185/297
f 512/1192/298 507/1191/298 505/1190/298 510/1189/298
f 511/1196/299 512/1195/299 510/1194/299 509/1193/299
f 510/1200/300 505/1199/300 506/1198/300 509/1197/300
f 511/1204/301 508/1203/301 507/1202/301 512/1201/301
o cube
v 12.375 0.625 0.375
v 12.375 0.625 -0.5
v 12.375 0.5 0.375
v 12.375 0.5 -0.5
v 11.625 0.625 -0.5
v 11.625 0.625 0.375
v 11.625 0.5 -0.5
v 11.625 0.5 0.375
vt 0.6875 0.34375
vt 0.875 0.34375
vt 0.875 0.3125
vt 0.6875 0.3125
vt 0.1875 0.28125
vt 0 0.28125
vt 0 0.5
vt 0.1875 0.5
vt 0.6875 1
vt 0.5 1
vt 0.5 0.78125
vt 0.6875 0.78125
vn 0 0 -1
vn 0 1 0
vn 0 -1 0
usemtl m_05a2107a-5c8a-3fb2-ce29-a26e26858d27
f 516/1208/302 519/1207/302 517/1206/302 514/1205/302
f 518/1212/303 513/1211/303 514/1210/303 517/1209/303
f 519/1216/304 516/1215/304 515/1214/304 520/1213/304
o cube
v 12.5 0.875 0.5
v 12.5 0.875 -0.5
v 12.5 0.25 0.5
v 12.5 0.25 -0.5
v 12.375 0.875 -0.5
v 12.375 0.875 0.5
v 12.375 0.25 -0.5
v 12.375 0.25 0.5
vt 0 0.28125
vt 0.03125 0.28125
vt 0.03125 0.125
vt 0 0.125
vt 0.1875 0.5
vt 0.4375 0.5
vt 0.4375 0.34375
vt 0.1875 0.34375
vt 0.03125 0.28125
vt 0.0625 0.28125
vt 0.0625 0.125
vt 0.03125 0.125
vt 0.5 0.78125
vt 0.75 0.78125
vt 0.75 0.625
vt 0.5 0.625
vn 0 0 -1
vn 1 0 0
vn 0 0 1
vn -1 0 0
usemtl m_05a2107a-5c8a-3fb2-ce29-a26e26858d27
f 524/1220/305 527/1219/305 525/1218/305 522/1217/305
f 523/1224/306 524/1223/306 522/1222/306 521/1221/306
f 528/1228/307 523/1227/307 521/1226/307 526/1225/307
f 527/1232/308 528/1231/308 526/1230/308 525/1229/308
o cube
v 11.625 0.875 0.5
v 11.625 0.875 -0.5
v 11.625 0.25 0.5
v 11.625 0.25 -0.5
v 11.5 0.875 -0.5
v 11.5 0.875 0.5
v 11.5 0.25 -0.5
v 11.5 0.25 0.5
vt 0.0625 0.28125
vt 0.09375 0.28125
vt 0.09375 0.125
vt 0.0625 0.125
vt 0.5 0.625
vt 0.75 0.625
vt 0.75 0.46875
vt 0.5 0.46875
vt 0.09375 0.28125
vt 0.125 0.28125
vt 0.125 0.125
vt 0.09375 0.125
vt 0.4375 0.46875
vt 0.6875 0.46875
vt 0.6875 0.3125
vt 0.4375 0.3125
vn 0 0 -1
vn 1 0 0
vn 0 0 1
vn -1 0 0
usemtl m_05a2107a-5c8a-3fb2-ce29-a26e26858d27
f 532/1236/309 535/1235/309 533/1234/309 530/1233/309
f 531/1240/310 532/1239/310 530/1238/310 529/1237/310
f 536/1244/311 531/1243/311 529/1242/311 534/1241/311
f 535/1248/312 536/1247/312 534/1246/312 533/1245/312
o cube
v 11.703125 0.078125 0.453125
v 11.703125 0.078125 0.296875
v 11.703125 -0.015625 0.453125
v 11.703125 -0.015625 0.296875
v 11.546875 0.078125 0.296875
v 11.546875 0.078125 0.453125
v 11.546875 -0.015625 0.296875
v 11.546875 -0.015625 0.453125
vt 0.75 0.65625
vt 0.78125 0.65625
vt 0.78125 0.640625
vt 0.75 0.640625
vt 0.75 0.640625
vt 0.78125 0.640625
vt 0.78125 0.625
vt 0.75 0.625
vt 0.375 0.25
vt 0.40625 0.25
vt 0.40625 0.234375
vt 0.375 0.234375
vt 0.75 0.625
vt 0.78125 0.625
vt 0.78125 0.609375
vt 0.75 0.609375
vt 0.15625 0.25
vt 0.125 0.25
vt 0.125 0.21875
vt 0.15625 0.21875
vn 0 0 -1
vn 1 0 0
vn 0 0 1
vn -1 0 0
vn 0 -1 0
usemtl m_05a2107a-5c8a-3fb2-ce29-a26e26858d27
f 540/1252/313 543/1251/313 541/1250/313 538/1249/313
f 539/1256/314 540/1255/314 538/1254/314 537/1253/314
f 544/1260/315 539/1259/315 537/1258/315 542/1257/315
f 543/1264/316 544/1263/316 542/1262/316 541/1261/316
f 543/1268/317 540/1267/317 539/1266/317 544/1265/317
o cube
v 11.703125 0.078125 -0.296875
v 11.703125 0.078125 -0.453125
v 11.703125 -0.015625 -0.296875
v 11.703125 -0.015625 -0.453125
v 11.546875 0.078125 -0.453125
v 11.546875 0.078125 -0.296875
v 11.546875 -0.015625 -0.453125
v 11.546875 -0.015625 -0.296875
vt 0.75 0.609375
vt 0.78125 0.609375
vt 0.78125 0.59375
vt 0.75 0.59375
vt 0.40625 0.25
vt 0.4375 0.25
vt 0.4375 0.234375
vt 0.40625 0.234375
vt 0.75 0.59375
vt 0.78125 0.59375
vt 0.78125 0.578125
vt 0.75 0.578125
vt 0.75 0.578125
vt 0.78125 0.578125
vt 0.78125 0.5625
vt 0.75 0.5625
vt 0.1875 0.25
vt 0.15625 0.25
vt 0.15625 0.21875
vt 0.1875 0.21875
vn 0 0 -1
vn 1 0 0
vn 0 0 1
vn -1 0 0
vn 0 -1 0
usemtl m_05a2107a-5c8a-3fb2-ce29-a26e26858d27
f 548/1272/318 551/1271/318 549/1270/318 546/1269/318
f 547/1276/319 548/1275/319 546/1274/319 545/1273/319
f 552/1280/320 547/1279/320 545/1278/320 550/1277/320
f 551/1284/321 552/1283/321 550/1282/321 549/1281/321
f 551/1288/322 548/1287/322 547/1286/322 552/1285/322
o cube
v 12.375 0.875 0.5
v 12.375 0.875 0.375
v 12.375 0.25 0.5
v 12.375 0.25 0.375
v 11.625 0.875 0.375
v 11.625 0.875 0.5
v 11.625 0.25 0.375
v 11.625 0.25 0.5
vt 0.1875 0.34375
vt 0.375 0.34375
vt 0.375 0.1875
vt 0.1875 0.1875
vt 0.6875 1
vt 0.875 1
vt 0.875 0.84375
vt 0.6875 0.84375
vn 0 0 -1
vn 0 0 1
usemtl m_05a2107a-5c8a-3fb2-ce29-a26e26858d27
f 556/1292/323 559/1291/323 557/1290/323 554/1289/323
f 560/1296/324 555/1295/324 553/1294/324 558/1293/324
o cube
v 14.515625 0.140625 0.5
v 14.515625 0.140625 -0.5
v 14.515625 -0.015625 0.5
v 14.515625 -0.015625 -0.5
v 13.484375 0.140625 -0.5
v 13.484375 0.140625 0.5
v 13.484375 -0.015625 -0.5
v 13.484375 -0.015625 0.5
vt 0.5 0.515625
vt 0.75 0.515625
vt 0.75 0.484375
vt 0.5 0.484375
vt 0.5 0.484375
vt 0.75 0.484375
vt 0.75 0.453125
vt 0.5 0.453125
vt 0.5 0.453125
vt 0.75 0.453125
vt 0.75 0.421875
vt 0.5 0.421875
vt 0.25 0.421875
vt 0.5 0.421875
vt 0.5 0.390625
vt 0.25 0.390625
vt 0.25 0.75
vt 0 0.75
vt 0 1
vt 0.25 1
vt 0.25 0.75
vt 0 0.75
vt 0 0.5
vt 0.25 0.5
vn 0 0 -1
vn 1 0 0
vn 0 0 1
vn -1 0 0
vn 0 1 0
vn 0 -1 0
usemtl m_40cd14f2-b145-7dc2-dcb8-00e8eb868cf6
f 564/1300/325 567/1299/325 565/1298/325 562/1297/325
f 563/1304/326 564/1303/326 562/1302/326 561/1301/326
f 568/1308/327 563/1307/327 561/1306/327 566/1305/327
f 567/1312/328 568/1311/328 566/1310/328 565/1309/328
f 566/1316/329 561/1315/329 562/1314/329 565/1313/329
f 567/1320/330 564/1319/330 563/1318/330 568/1317/330
o cube
v 14.515625 1.015625 0.5
v 14.515625 1.015625 -0.5
v 14.515625 0.859375 0.5
v 14.515625 0.859375 -0.5
v 13.484375 1.015625 -0.5
v 13.484375 1.015625 0.5
v 13.484375 0.859375 -0.5
v 13.484375 0.859375 0.5
vt 0.5 0.421875
vt 0.75 0.421875
vt 0.75 0.390625
vt 0.5 0.390625
vt 0.25 0.390625
vt 0.5 0.390625
vt 0.5 0.359375
vt 0.25 0.359375
vt 0.5 0.390625
vt 0.75 0.390625
vt 0.75 0.359375
vt 0.5 0.359375
vt 0.25 0.359375
vt 0.5 0.359375
vt 0.5 0.328125
vt 0.25 0.328125
vt 0.5 0.75
vt 0.25 0.75
vt 0.25 1
vt 0.5 1
vt 0.5 0.75
vt 0.25 0.75
vt 0.25 0.5
vt 0.5 0.5
vn 0 0 -1
vn 1 0 0
vn 0 0 1
vn -1 0 0
vn 0 1 0
vn 0 -1 0
usemtl m_40cd14f2-b145-7dc2-dcb8-00e8eb868cf6
f 572/1324/331 575/1323/331 573/1322/331 570/1321/331
f 571/1328/332 572/1327/332 570/1326/332 569/1325/332
f 576/1332/333 571/1331/333 569/1330/333 574/1329/333
f 575/1336/334 576/1335/334 574/1334/334 573/1333/334
f 574/1340/335 569/1339/335 570/1338/335 573/1337/335
f 575/1344/336 572/1343/336 571/1342/336 576/1341/336
o cube
v 14.515625 0.578125 0.5
v 14.515625 0.578125 -0.5
v 14.515625 0.421875 0.5
v 14.515625 0.421875 -0.5
v 13.484375 0.578125 -0.5
v 13.484375 0.578125 0.5
v 13.484375 0.421875 -0.5
v 13.484375 0.421875 0.5
vt 0.5 0.359375
vt 0.75 0.359375
vt 0.75 0.328125
vt 0.5 0.328125
vt 0.25 0.328125
vt 0.5 0.328125
vt 0.5 0.296875
vt 0.25 0.296875
vt 0.5 0.328125
vt 0.75 0.328125
vt 0.75 0.296875
vt 0.5 0.296875
vt 0.25 0.296875
vt 0.5 0.296875
vt 0.5 0.265625
vt 0.25 0.265625
vt 0.25 0.25
vt 0 0.25
vt 0 0.5
vt 0.25 0.5
vt 0.75 1
vt 0.5 1
vt 0.5 0.75
vt 0.75 0.75
vn 0 0 -1
vn 1 0 0
vn 0 0 1
vn -1 0 0
vn 0 1 0
vn 0 -1 0
usemtl m_40cd14f2-b145-7dc2-dcb8-00e8eb868cf6
f 580/1348/337 583/1347/337 581/1346/337 578/1345/337
f 579/1352/338 580/1351/338 578/1350/338 577/1349/338
f 584/1356/339 579/1355/339 577/1354/339 582/1353/339
f 583/1360/340 584/1359/340 582/1358/340 581/1357/340
f 582/1364/341 577/1363/341 578/1362/341 581/1361/341
f 583/1368/342 580/1367/342 579/1366/342 584/1365/342
o cube
v 13.640625 0.890625 0.5
v 13.640625 0.890625 -0.5
v 13.640625 0.546875 0.5
v 13.640625 0.546875 -0.5
v 13.484375 0.890625 -0.5
v 13.484375 0.890625 0.5
v 13.484375 0.546875 -0.5
v 13.484375 0.546875 0.5
vt 0.5 0.296875
vt 0.53125 0.296875
vt 0.53125 0.21875
vt 0.5 0.21875
vt 0.25 0.5
vt 0.5 0.5
vt 0.5 0.421875
vt 0.25 0.421875
vt 0.53125 0.296875
vt 0.5625 0.296875
vt 0.5625 0.21875
vt 0.53125 0.21875
vt 0.5 0.75
vt 0.75 0.75
vt 0.75 0.671875
vt 0.5 0.671875
vn 0 0 -1
vn 1 0 0
vn 0 0 1
vn -1 0 0
usemtl m_40cd14f2-b145-7dc2-dcb8-00e8eb868cf6
f 588/1372/343 591/1371/343 589/1370/343 586/1369/343
f 587/1376/344 588/1375/344 586/1374/344 585/1373/344
f 592/1380/345 587/1379/345 585/1378/345 590/1377/345
f 591/1384/346 592/1383/346 590/1382/346 589/1381/346
o cube
v 14.515625 0.453125 0.5
v 14.515625 0.453125 -0.5
v 14.515625 0.109375 0.5
v 14.515625 0.109375 -0.5
v 14.359375 0.453125 -0.5
v 14.359375 0.453125 0.5
v 14.359375 0.109375 -0.5
v 14.359375 0.109375 0.5
vt 0.5625 0.296875
vt 0.59375 0.296875
vt 0.59375 0.21875
vt 0.5625 0.21875
vt 0.5 0.671875
vt 0.75 0.671875
vt 0.75 0.59375
vt 0.5 0.59375
vt 0.59375 0.296875
vt 0.625 0.296875
vt 0.625 0.21875
vt 0.59375 0.21875
vt 0.5 0.59375
vt 0.75 0.59375
vt 0.75 0.515625
vt 0.5 0.515625
vn 0 0 -1
vn 1 0 0
vn 0 0 1
vn -1 0 0
usemtl m_40cd14f2-b145-7dc2-dcb8-00e8eb868cf6
f 596/1388/347 599/1387/347 597/1386/347 594/1385/347
f 595/1392/348 596/1391/348 594/1390/348 593/1389/348
f 600/1396/349 595/1395/349 593/1394/349 598/1393/349
f 599/1400/350 600/1399/350 598/1398/350 597/1397/350
o cube
v 16.5 1 0.5
v 16.5 1 -0.5
v 16.5 0.875 0.5
v 16.5 0.875 -0.5
v 15.5 1 -0.5
v 15.5 1 0.5
v 15.5 0.875 -0.5
v 15.5 0.875 0.5
vt 0.5 0.4375
vt 0.75 0.4375
vt 0.75 0.40625
vt 0.5 0.40625
vt 0.5 0.40625
vt 0.75 0.40625
vt 0.75 0.375
vt 0.5 0.375
vt 0.5 0.375
vt 0.75 0.375
vt 0.75 0.34375
vt 0.5 0.34375
vt 0 0.359375
vt 0.25 0.359375
vt 0.25 0.328125
vt 0 0.328125
vt 0.25 0.75
vt 0 0.75
vt 0 1
vt 0.25 1
vt 0.25 0.75
vt 0 0.75
vt 0 0.5
vt 0.25 0.5
vn 0 0 -1
vn 1 0 0
vn 0 0 1
vn -1 0 0
vn 0 1 0
vn 0 -1 0
usemtl m_e01937b2-c0fe-8ec3-2479-3a6404278bef
f 604/1404/351 607/1403/351 605/1402/351 602/1401/351
f 603/1408/352 604/1407/352 602/1406/352 601/1405/352
f 608/1412/353 603/1411/353 601/1410/353 606/1409/353
f 607/1416/354 608/1415/354 606/1414/354 605/1413/354
f 606/1420/355 601/1419/355 602/1418/355 605/1417/355
f 607/1424/356 604/1423/356 603/1422/356 608/1421/356
o cube
v 15.6875 0.125 0.4375
v 15.6875 0.125 0.3125
v 15.6875 0 0.4375
v 15.6875 0 0.3125
v 15.5625 0.125 0.3125
v 15.5625 0.125 0.4375
v 15.5625 0 0.3125
v 15.5625 0 0.4375
vt 0.4375 0.3125
vt 0.46875 0.3125
vt 0.46875 0.28125
vt 0.4375 0.28125
vt 0.46875 0.3125
vt 0.5 0.3125
vt 0.5 0.28125
vt 0.46875 0.28125
vt 0.6875 0.53125
vt 0.71875 0.53125
vt 0.71875 0.5
vt 0.6875 0.5
vt 0.5 0.3125
vt 0.53125 0.3125
vt 0.53125 0.28125
vt 0.5 0.28125
vt 0.71875 0.46875
vt 0.6875 0.46875
vt 0.6875 0.5
vt 0.71875 0.5
vt 0.5625 0.3125
vt 0.53125 0.3125
vt 0.53125 0.28125
vt 0.5625 0.28125
vn 0 0 -1
vn 1 0 0
vn 0 0 1
vn -1 0 0
vn 0 1 0
vn 0 -1 0
usemtl m_e01937b2-c0fe-8ec3-2479-3a6404278bef
f 612/1428/357 615/1427/357 613/1426/357 610/1425/357
f 611/1432/358 612/1431/358 610/1430/358 609/1429/358
f 616/1436/359 611/1435/359 609/1434/359 614/1433/359
f 615/1440/360 616/1439/360 614/1438/360 613/1437/360
f 614/1444/361 609/1443/361 610/1442/361 613/1441/361
f 615/1448/362 612/1447/362 611/1446/362 616/1445/362
o cube
v 15.6875 0.125 -0.3125
v 15.6875 0.125 -0.4375
v 15.6875 0 -0.3125
v 15.6875 0 -0.4375
v 15.5625 0.125 -0.4375
v 15.5625 0.125 -0.3125
v 15.5625 0 -0.4375
v 15.5625 0 -0.3125
vt 0.5625 0.3125
vt 0.59375 0.3125
vt 0.59375 0.28125
vt 0.5625 0.28125
vt 0.59375 0.3125
vt 0.625 0.3125
vt 0.625 0.28125
vt 0.59375 0.28125
vt 0.625 0.3125
vt 0.65625 0.3125
vt 0.65625 0.28125
vt 0.625 0.28125
vt 0.65625 0.3125
vt 0.6875 0.3125
vt 0.6875 0.28125
vt 0.65625 0.28125
vt 0.71875 0.28125
vt 0.6875 0.28125
vt 0.6875 0.3125
vt 0.71875 0.3125
vt 0.03125 0.296875
vt 0 0.296875
vt 0 0.265625
vt 0.03125 0.265625
vn 0 0 -1
vn 1 0 0
vn 0 0 1
vn -1 0 0
vn 0 1 0
vn 0 -1 0
usemtl m_e01937b2-c0fe-8ec3-2479-3a6404278bef
f 620/1452/363 623/1451/363 621/1450/363 618/1449/363
f 619/1456/364 620/1455/364 618/1454/364 617/1453/364
f 624/1460/365 619/1459/365 617/1458/365 622/1457/365
f 623/1464/366 624/1463/366 622/1462/366 621/1461/366
f 622/1468/367 617/1467/367 618/1466/367 621/1465/367
f 623/1472/368 620/1471/368 619/1470/368 624/1469/368
o cube
v 16.4375 0.125 -0.3125
v 16.4375 0.125 -0.4375
v 16.4375 0 -0.3125
v 16.4375 0 -0.4375
v 16.3125 0.125 -0.4375
v 16.3125 0.125 -0.3125
v 16.3125 0 -0.4375
v 16.3125 0 -0.3125
vt 0.03125 0.296875
vt 0.0625 0.296875
vt 0.0625 0.265625
vt 0.03125 0.265625
vt 0.0625 0.296875
vt 0.09375 0.296875
vt 0.09375 0.265625
vt 0.0625 0.265625
vt 0.09375 0.296875
vt 0.125 0.296875
vt 0.125 0.265625
vt 0.09375 0.265625
vt 0.125 0.28125
vt 0.15625 0.28125
vt 0.15625 0.25
vt 0.125 0.25
vt 0.1875 0.25
vt 0.15625 0.25
vt 0.15625 0.28125
vt 0.1875 0.28125
vt 0.21875 0.28125
vt 0.1875 0.28125
vt 0.1875 0.25
vt 0.21875 0.25
vn 0 0 -1
vn 1 0 0
vn 0 0 1
vn -1 0 0
vn 0 1 0
vn 0 -1 0
usemtl m_e01937b2-c0fe-8ec3-2479-3a6404278bef
f 628/1476/369 631/1475/369 629/1474/369 626/1473/369
f 627/1480/370 628/1479/370 626/1478/370 625/1477/370
f 632/1484/371 627/1483/371 625/1482/371 630/1481/371
f 631/1488/372 632/1487/372 630/1486/372 629/1485/372
f 630/1492/373 625/1491/373 626/1490/373 629/1489/373
f 631/1496/374 628/1495/374 627/1494/374 632/1493/374
o cube
v 16.453125 0.078125 0.453125
v 16.453125 0.078125 0.296875
v 16.453125 -0.015625 0.453125
v 16.453125 -0.015625 0.296875
v 16.296875 0.078125 0.296875
v 16.296875 0.078125 0.453125
v 16.296875 -0.015625 0.296875
v 16.296875 -0.015625 0.453125
vt 0.71875 0.296875
vt 0.75 0.296875
vt 0.75 0.28125
vt 0.71875 0.28125
vt 0.71875 0.28125
vt 0.75 0.28125
vt 0.75 0.265625
vt 0.71875 0.265625
vt 0 0.265625
vt 0.03125 0.265625
vt 0.03125 0.25
vt 0 0.25
vt 0.03125 0.265625
vt 0.0625 0.265625
vt 0.0625 0.25
vt 0.03125 0.25
vt 0.5625 0.28125
vt 0.53125 0.28125
vt 0.53125 0.25
vt 0.5625 0.25
vn 0 0 -1
vn 1 0 0
vn 0 0 1
vn -1 0 0
vn 0 -1 0
usemtl m_e01937b2-c0fe-8ec3-2479-3a6404278bef
f 636/1500/375 639/1499/375 637/1498/375 634/1497/375
f 635/1504/376 636/1503/376 634/1502/376 633/1501/376
f 640/1508/377 635/1507/377 633/1506/377 638/1505/377
f 639/1512/378 640/1511/378 638/1510/378 637/1509/378
f 639/1516/379 636/1515/379 635/1514/379 640/1513/379
o cube
v 16.4375 0.125 0.4375
v 16.4375 0.125 0.3125
v 16.4375 0 0.4375
v 16.4375 0 0.3125
v 16.3125 0.125 0.3125
v 16.3125 0.125 0.4375
v 16.3125 0 0.3125
v 16.3125 0 0.4375
vt 0.21875 0.28125
vt 0.25 0.28125
vt 0.25 0.25
vt 0.21875 0.25
vt 0.4375 0.28125
vt 0.46875 0.28125
vt 0.46875 0.25
vt 0.4375 0.25
vt 0.46875 0.28125
vt 0.5 0.28125
vt 0.5 0.25
vt 0.46875 0.25
vt 0.71875 0.53125
vt 0.75 0.53125
vt 0.75 0.5
vt 0.71875 0.5
vt 0.53125 0.25
vt 0.5 0.25
vt 0.5 0.28125
vt 0.53125 0.28125
vt 0.75 0.5
vt 0.71875 0.5
vt 0.71875 0.46875
vt 0.75 0.46875
vn 0 0 -1
vn 1 0 0
vn 0 0 1
vn -1 0 0
vn 0 1 0
vn 0 -1 0
usemtl m_e01937b2-c0fe-8ec3-2479-3a6404278bef
f 644/1520/380 647/1519/380 645/1518/380 642/1517/380
f 643/1524/381 644/1523/381 642/1522/381 641/1521/381
f 648/1528/382 643/1527/382 641/1526/382 646/1525/382
f 647/1532/383 648/1531/383 646/1530/383 645/1529/383
f 646/1536/384 641/1535/384 642/1534/384 645/1533/384
f 647/1540/385 644/1539/385 643/1538/385 648/1537/385
o cube
v 16.453125 0.078125 -0.296875
v 16.453125 0.078125 -0.453125
v 16.453125 -0.015625 -0.296875
v 16.453125 -0.015625 -0.453125
v 16.296875 0.078125 -0.453125
v 16.296875 0.078125 -0.296875
v 16.296875 -0.015625 -0.453125
v 16.296875 -0.015625 -0.296875
vt 0.0625 0.265625
vt 0.09375 0.265625
vt 0.09375 0.25
vt 0.0625 0.25
vt 0.09375 0.265625
vt 0.125 0.265625
vt 0.125 0.25
vt 0.09375 0.25
vt 0.375 0.265625
vt 0.40625 0.265625
vt 0.40625 0.25
vt 0.375 0.25
vt 0.40625 0.265625
vt 0.4375 0.265625
vt 0.4375 0.25
vt 0.40625 0.25
vt 0.75 0.46875
vt 0.71875 0.46875
vt 0.71875 0.4375
vt 0.75 0.4375
vn 0 0 -1
vn 1 0 0
vn 0 0 1
vn -1 0 0
vn 0 -1 0
usemtl m_e01937b2-c0fe-8ec3-2479-3a6404278bef
f 652/1544/386 655/1543/386 653/1542/386 650/1541/386
f 651/1548/387 652/1547/387 650/1546/387 649/1545/387
f 656/1552/388 651/1551/388 649/1550/388 654/1549/388
f 655/1556/389 656/1555/389 654/1554/389 653/1553/389
f 655/1560/390 652/1559/390 651/1558/390 656/1557/390
o cube
v 16.5 0.6875 0.5
v 16.5 0.6875 -0.5
v 16.5 0.125 0.5
v 16.5 0.125 -0.5
v 15.5 0.6875 -0.5
v 15.5 0.6875 0.5
v 15.5 0.125 -0.5
v 15.5 0.125 0.5
vt 0 0.5
vt 0.25 0.5
vt 0.25 0.359375
vt 0 0.359375
vt 0.5 1
vt 0.75 1
vt 0.75 0.859375
vt 0.5 0.859375
vt 0.5 0.859375
vt 0.75 0.859375
vt 0.75 0.71875
vt 0.5 0.71875
vt 0.25 0.5
vt 0.5 0.5
vt 0.5 0.359375
vt 0.25 0.359375
vt 0.5 0.75
vt 0.25 0.75
vt 0.25 1
vt 0.5 1
vt 0.5 0.75
vt 0.25 0.75
vt 0.25 0.5
vt 0.5 0.5
vn 0 0 -1
vn 1 0 0
vn 0 0 1
vn -1 0 0
vn 0 1 0
vn 0 -1 0
usemtl m_e01937b2-c0fe-8ec3-2479-3a6404278bef
f 660/1564/391 663/1563/391 661/1562/391 658/1561/391
f 659/1568/392 660/1567/392 658/1566/392 657/1565/392
f 664/1572/393 659/1571/393 657/1570/393 662/1569/393
f 663/1576/394 664/1575/394 662/1574/394 661/1573/394
f 662/1580/395 657/1579/395 658/1578/395 661/1577/395
f 663/1584/396 660/1583/396 659/1582/396 664/1581/396
o cube
v 16.5 0.875 0.5
v 16.5 0.875 -0.5
v 16.5 0.6875 0.5
v 16.5 0.6875 -0.5
v 16.375 0.875 -0.5
v 16.375 0.875 0.5
v 16.375 0.6875 -0.5
v 16.375 0.6875 0.5
vt 0.1875 0.328125
vt 0.21875 0.328125
vt 0.21875 0.28125
vt 0.1875 0.28125
vt 0.5 0.71875
vt 0.75 0.71875
vt 0.75 0.671875
vt 0.5 0.671875
vt 0.21875 0.328125
vt 0.25 0.328125
vt 0.25 0.28125
vt 0.21875 0.28125
vt 0.5 0.671875
vt 0.75 0.671875
vt 0.75 0.625
vt 0.5 0.625
vt 0.28125 0.109375
vt 0.25 0.109375
vt 0.25 0.359375
vt 0.28125 0.359375
vt 0.3125 0.359375
vt 0.28125 0.359375
vt 0.28125 0.109375
vt 0.3125 0.109375
vn 0 0 -1
vn 1 0 0
vn 0 0 1
vn -1 0 0
vn 0 1 0
vn 0 -1 0
usemtl m_e01937b2-c0fe-8ec3-2479-3a6404278bef
f 668/1588/397 671/1587/397 669/1586/397 666/1585/397
f 667/1592/398 668/1591/398 666/1590/398 665/1589/398
f 672/1596/399 667/1595/399 665/1594/399 670/1593/399
f 671/1600/400 672/1599/400 670/1598/400 669/1597/400
f 670/1604/401 665/1603/401 666/1602/401 669/1601/401
f 671/1608/402 668/1607/402 667/1606/402 672/1605/402
o cube
v 15.625 0.875 0.5
v 15.625 0.875 -0.5
v 15.625 0.6875 0.5
v 15.625 0.6875 -0.5
v 15.5 0.875 -0.5
v 15.5 0.875 0.5
v 15.5 0.6875 -0.5
v 15.5 0.6875 0.5
vt 0.375 0.3125
vt 0.40625 0.3125
vt 0.40625 0.265625
vt 0.375 0.265625
vt 0.5 0.625
vt 0.75 0.625
vt 0.75 0.578125
vt 0.5 0.578125
vt 0.40625 0.3125
vt 0.4375 0.3125
vt 0.4375 0.265625
vt 0.40625 0.265625
vt 0.5 0.578125
vt 0.75 0.578125
vt 0.75 0.53125
vt 0.5 0.53125
vt 0.34375 0.109375
vt 0.3125 0.109375
vt 0.3125 0.359375
vt 0.34375 0.359375
vt 0.375 0.359375
vt 0.34375 0.359375
vt 0.34375 0.109375
vt 0.375 0.109375
vn 0 0 -1
vn 1 0 0
vn 0 0 1
vn -1 0 0
vn 0 1 0
vn 0 -1 0
usemtl m_e01937b2-c0fe-8ec3-2479-3a6404278bef
f 676/1612/403 679/1611/403 677/1610/403 674/1609/403
f 675/1616/404 676/1615/404 674/1614/404 673/1613/404
f 680/1620/405 675/1619/405 673/1618/405 678/1617/405
f 679/1624/406 680/1623/406 678/1622/406 677/1621/406
f 678/1628/407 673/1627/407 674/1626/407 677/1625/407
f 679/1632/408 676/1631/408 675/1630/408 680/1629/408
o cube
v 15.703125 0.078125 0.453125
v 15.703125 0.078125 0.296875
v 15.703125 -0.015625 0.453125
v 15.703125 -0.015625 0.296875
v 15.546875 0.078125 0.296875
v 15.546875 0.078125 0.453125
v 15.546875 -0.015625 0.296875
v 15.546875 -0.015625 0.453125
vt 0.625 0.28125
vt 0.65625 0.28125
vt 0.65625 0.265625
vt 0.625 0.265625
vt 0.65625 0.28125
vt 0.6875 0.28125
vt 0.6875 0.265625
vt 0.65625 0.265625
vt 0.6875 0.28125
vt 0.71875 0.28125
vt 0.71875 0.265625
vt 0.6875 0.265625
vt 0.71875 0.3125
vt 0.75 0.3125
vt 0.75 0.296875
vt 0.71875 0.296875
vt 0.71875 0.46875
vt 0.6875 0.46875
vt 0.6875 0.4375
vt 0.71875 0.4375
vn 0 0 -1
vn 1 0 0
vn 0 0 1
vn -1 0 0
vn 0 -1 0
usemtl m_e01937b2-c0fe-8ec3-2479-3a6404278bef
f 684/1636/409 687/1635/409 685/1634/409 682/1633/409
f 683/1640/410 684/1639/410 682/1638/410 681/1637/410
f 688/1644/411 683/1643/411 681/1642/411 686/1641/411
f 687/1648/412 688/1647/412 686/1646/412 685/1645/412
f 687/1652/413 684/1651/413 683/1650/413 688/1649/413
o cube
v 15.703125 0.078125 -0.296875
v 15.703125 0.078125 -0.453125
v 15.703125 -0.015625 -0.296875
v 15.703125 -0.015625 -0.453125
v 15.546875 0.078125 -0.453125
v 15.546875 0.078125 -0.296875
v 15.546875 -0.015625 -0.453125
v 15.546875 -0.015625 -0.296875
vt 0.625 0.265625
vt 0.65625 0.265625
vt 0.65625 0.25
vt 0.625 0.25
vt 0.65625 0.265625
vt 0.6875 0.265625
vt 0.6875 0.25
vt 0.65625 0.25
vt 0.6875 0.265625
vt 0.71875 0.265625
vt 0.71875 0.25
vt 0.6875 0.25
vt 0.71875 0.265625
vt 0.75 0.265625
vt 0.75 0.25
vt 0.71875 0.25
vt 0.59375 0.28125
vt 0.5625 0.28125
vt 0.5625 0.25
vt 0.59375 0.25
vn 0 0 -1
vn 1 0 0
vn 0 0 1
vn -1 0 0
vn 0 -1 0
usemtl m_e01937b2-c0fe-8ec3-2479-3a6404278bef
f 692/1656/414 695/1655/414 693/1654/414 690/1653/414
f 691/1660/415 692/1659/415 690/1658/415 689/1657/415
f 696/1664/416 691/1663/416 689/1662/416 694/1661/416
f 695/1668/417 696/1667/417 694/1666/417 693/1665/417
f 695/1672/418 692/1671/418 691/1670/418 696/1669/418
o cube
v 16.375 0.875 0.5
v 16.375 0.875 0.375
v 16.375 0.6875 0.5
v 16.375 0.6875 0.375
v 15.625 0.875 0.375
v 15.625 0.875 0.5
v 15.625 0.6875 0.375
v 15.625 0.6875 0.5
vt 0.5 0.53125
vt 0.6875 0.53125
vt 0.6875 0.484375
vt 0.5 0.484375
vt 0.125 0.328125
vt 0.15625 0.328125
vt 0.15625 0.28125
vt 0.125 0.28125
vt 0.5 0.484375
vt 0.6875 0.484375
vt 0.6875 0.4375
vt 0.5 0.4375
vt 0.15625 0.328125
vt 0.1875 0.328125
vt 0.1875 0.28125
vt 0.15625 0.28125
vt 0.5625 0.3125
vt 0.375 0.3125
vt 0.375 0.34375
vt 0.5625 0.34375
vt 0.75 0.34375
vt 0.5625 0.34375
vt 0.5625 0.3125
vt 0.75 0.3125
vn 0 0 -1
vn 1 0 0
vn 0 0 1
vn -1 0 0
vn 0 1 0
vn 0 -1 0
usemtl m_e01937b2-c0fe-8ec3-2479-3a6404278bef
f 700/1676/419 703/1675/419 701/1674/419 698/1673/419
f 699/1680/420 700/1679/420 698/1678/420 697/1677/420
f 704/1684/421 699/1683/421 697/1682/421 702/1681/421
f 703/1688/422 704/1687/422 702/1686/422 701/1685/422
f 702/1692/423 697/1691/423 698/1690/423 701/1689/423
f 703/1696/424 700/1695/424 699/1694/424 704/1693/424
o cube
v 16.125 0.5535783887158736 -0.4841623488841208
v 16.125 0.5671058645870048 -0.5451808493291167
v 16.125 0.4315413878258818 -0.5112173006263837
v 16.125 0.44506886369701326 -0.5722358010713795
v 15.875 0.5671058645870048 -0.5451808493291167
v 15.875 0.5535783887158736 -0.4841623488841208
v 15.875 0.44506886369701326 -0.5722358010713795
v 15.875 0.4315413878258818 -0.5112173006263837
vt 0 0.328125
vt 0.0625 0.328125
vt 0.0625 0.296875
vt 0 0.296875
vt 0.59375 0.28125
vt 0.609375 0.28125
vt 0.609375 0.25
vt 0.59375 0.25
vt 0.0625 0.328125
vt 0.125 0.328125
vt 0.125 0.296875
vt 0.0625 0.296875
vt 0.609375 0.28125
vt 0.625 0.28125
vt 0.625 0.25
vt 0.609375 0.25
vt 0.4375 0.34375
vt 0.375 0.34375
vt 0.375 0.359375
vt 0.4375 0.359375
vt 0.5 0.359375
vt 0.4375 0.359375
vt 0.4375 0.34375
vt 0.5 0.34375
vn 0 0.21643961393810288 -0.9762960071199334
vn 1 0 0
vn 0 -0.21643961393810288 0.9762960071199334
vn -1 0 0
vn 0 0.9762960071199334 0.21643961393810288
vn 0 -0.9762960071199334 -0.21643961393810288
usemtl m_e01937b2-c0fe-8ec3-2479-3a6404278bef
f 708/1700/425 711/1699/425 709/1698/425 706/1697/425
f 707/1704/426 708/1703/426 706/1702/426 705/1701/426
f 712/1708/427 707/1707/427 705/1706/427 710/1705/427
f 711/1712/428 712/1711/428 710/1710/428 709/1709/428
f 710/1716/429 705/1715/429 706/1714/429 709/1713/429
f 711/1720/430 708/1719/430 707/1718/430 712/1717/430
o cube
v 11.1890625 1.1890625 7.3140625
v 11.1890625 1.1890625 6.3109375
v 11.1890625 0.9984375000000001 7.3140625
v 11.1890625 0.9984375000000001 6.3109375
v 9.4359375 1.1890625 6.3109375
v 9.4359375 1.1890625 7.3140625
v 9.4359375 0.9984375000000001 6.3109375
v 9.4359375 0.9984375000000001 7.3140625
vt 0.125 0.6640625
vt 0.34375 0.6640625
vt 0.34375 0.640625
vt 0.125 0.640625
vt 0.125 0.625
vt 0.25 0.625
vt 0.25 0.6015625
vt 0.125 0.6015625
vt 0.34375 0.6640625
vt 0.5625 0.6640625
vt 0.5625 0.640625
vt 0.34375 0.640625
vt 0.25 0.625
vt 0.375 0.625
vt 0.375 0.6015625
vt 0.25 0.6015625
vt 0.21875 0.875
vt 0 0.875
vt 0 1
vt 0.21875 1
vt 0.21875 0.875
vt 0 0.875
vt 0 0.75
vt 0.21875 0.75
vn 0 0 -1
vn 1 0 0
vn 0 0 1
vn -1 0 0
vn 0 1 0
vn 0 -1 0
usemtl m_e4ce5419-374a-5f3a-7d9d-7abe9b19f0c0
f 716/1724/431 719/1723/431 717/1722/431 714/1721/431
f 715/1728/432 716/1727/432 714/1726/432 713/1725/432
f 720/1732/433 715/1731/433 713/1730/433 718/1729/433
f 719/1736/434 720/1735/434 718/1734/434 717/1733/434
f 718/1740/435 713/1739/435 714/1738/435 717/1737/435
f 719/1744/436 716/1743/436 715/1742/436 720/1741/436
o cube
v 11.1890625 0.3140625 7.3140625
v 11.1890625 0.3140625 6.3109375
v 11.1890625 0.18593749999999998 7.3140625
v 11.1890625 0.18593749999999998 6.3109375
v 9.4359375 0.3140625 6.3109375
v 9.4359375 0.3140625 7.3140625
v 9.4359375 0.18593749999999998 6.3109375
v 9.4359375 0.18593749999999998 7.3140625
vt 0.125 0.640625
vt 0.34375 0.640625
vt 0.34375 0.625
vt 0.125 0.625
vt 0.375 0.6796875
vt 0.5 0.6796875
vt 0.5 0.6640625
vt 0.375 0.6640625
vt 0.34375 0.640625
vt 0.5625 0.640625
vt 0.5625 0.625
vt 0.34375 0.625
vt 0.125 0.6015625
vt 0.25 0.6015625
vt 0.25 0.5859375
vt 0.125 0.5859375
vt 0.4375 0.875
vt 0.21875 0.875
vt 0.21875 1
vt 0.4375 1
vt 0.4375 0.875
vt 0.21875 0.875
vt 0.21875 0.75
vt 0.4375 0.75
vn 0 0 -1
vn 1 0 0
vn 0 0 1
vn -1 0 0
vn 0 1 0
vn 0 -1 0
usemtl m_e4ce5419-374a-5f3a-7d9d-7abe9b19f0c0
f 724/1748/437 727/1747/437 725/1746/437 722/1745/437
f 723/1752/438 724/1751/438 722/1750/438 721/1749/438
f 728/1756/439 723/1755/439 721/1754/439 726/1753/439
f 727/1760/440 728/1759/440 726/1758/440 725/1757/440
f 726/1764/441 721/1763/441 722/1762/441 725/1761/441
f 727/1768/442 724/1767/442 723/1766/442 728/1765/442
o cube
v 11.1890625 1.0015625 7.3140625
v 11.1890625 1.0015625 6.3109375
v 11.1890625 0.3109375 7.3140625
v 11.1890625 0.3109375 6.3109375
v 11.0609375 1.0015625 6.3109375
v 11.0609375 1.0015625 7.3140625
v 11.0609375 0.3109375 6.3109375
v 11.0609375 0.3109375 7.3140625
vt 0.375 0.6015625
vt 0.390625 0.6015625
vt 0.390625 0.515625
vt 0.375 0.515625
vt 0 0.75
vt 0.125 0.75
vt 0.125 0.6640625
vt 0 0.6640625
vt 0.390625 0.6015625
vt 0.40625 0.6015625
vt 0.40625 0.515625
vt 0.390625 0.515625
vt 0.125 0.75
vt 0.25 0.75
vt 0.25 0.6640625
vt 0.125 0.6640625
vn 0 0 -1
vn 1 0 0
vn 0 0 1
vn -1 0 0
usemtl m_e4ce5419-374a-5f3a-7d9d-7abe9b19f0c0
f 732/1772/443 735/1771/443 733/1770/443 730/1769/443
f 731/1776/444 732/1775/444 730/1774/444 729/1773/444
f 736/1780/445 731/1779/445 729/1778/445 734/1777/445
f 735/1784/446 736/1783/446 734/1782/446 733/1781/446
o cube
v 9.5640625 1.0015625 7.3140625
v 9.5640625 1.0015625 6.3109375
v 9.5640625 0.3109375 7.3140625
v 9.5640625 0.3109375 6.3109375
v 9.4359375 1.0015625 6.3109375
v 9.4359375 1.0015625 7.3140625
v 9.4359375 0.3109375 6.3109375
v 9.4359375 0.3109375 7.3140625
vt 0.40625 0.6015625
vt 0.421875 0.6015625
vt 0.421875 0.515625
vt 0.40625 0.515625
vt 0.25 0.75
vt 0.375 0.75
vt 0.375 0.6640625
vt 0.25 0.6640625
vt 0.125 0.5859375
vt 0.140625 0.5859375
vt 0.140625 0.5
vt 0.125 0.5
vt 0 0.6640625
vt 0.125 0.6640625
vt 0.125 0.578125
vt 0 0.578125
vn 0 0 -1
vn 1 0 0
vn 0 0 1
vn -1 0 0
usemtl m_e4ce5419-374a-5f3a-7d9d-7abe9b19f0c0
f 740/1788/447 743/1787/447 741/1786/447 738/1785/447
f 739/1792/448 740/1791/448 738/1790/448 737/1789/448
f 744/1796/449 739/1795/449 737/1794/449 742/1793/449
f 743/1800/450 744/1799/450 742/1798/450 741/1797/450
o cube
v 11.0640625 0.18906250000000002 7.2515625
v 11.0640625 0.18906250000000002 6.3734375
v 11.0640625 -0.0015625000000000222 7.2515625
v 11.0640625 -0.0015625000000000222 6.3734375
v 10.9359375 0.18906250000000002 6.3734375
v 10.9359375 0.18906250000000002 7.2515625
v 10.9359375 -0.0015625000000000222 6.3734375
v 10.9359375 -0.0015625000000000222 7.2515625
vt 0.140625 0.5859375
vt 0.15625 0.5859375
vt 0.15625 0.5625
vt 0.140625 0.5625
vt 0.375 0.75
vt 0.484375 0.75
vt 0.484375 0.7265625
vt 0.375 0.7265625
vt 0.15625 0.5859375
vt 0.171875 0.5859375
vt 0.171875 0.5625
vt 0.15625 0.5625
vt 0.375 0.7265625
vt 0.484375 0.7265625
vt 0.484375 0.703125
vt 0.375 0.703125
vt 0.34375 0.6015625
vt 0.328125 0.6015625
vt 0.328125 0.4921875
vt 0.34375 0.4921875
vn 0 0 -1
vn 1 0 0
vn 0 0 1
vn -1 0 0
vn 0 -1 0
usemtl m_e4ce5419-374a-5f3a-7d9d-7abe9b19f0c0
f 748/1804/451 751/1803/451 749/1802/451 746/1801/451
f 747/1808/452 748/1807/452 746/1806/452 745/1805/452
f 752/1812/453 747/1811/453 745/1810/453 750/1809/453
f 751/1816/454 752/1815/454 750/1814/454 749/1813/454
f 751/1820/455 748/1819/455 747/1818/455 752/1817/455
o cube
v 9.6890625 0.18906250000000002 7.2515625
v 9.6890625 0.18906250000000002 6.3734375
v 9.6890625 -0.0015625000000000222 7.2515625
v 9.6890625 -0.0015625000000000222 6.3734375
v 9.5609375 0.18906250000000002 6.3734375
v 9.5609375 0.18906250000000002 7.2515625
v 9.5609375 -0.0015625000000000222 6.3734375
v 9.5609375 -0.0015625000000000222 7.2515625
vt 0.171875 0.5859375
vt 0.1875 0.5859375
vt 0.1875 0.5625
vt 0.171875 0.5625
vt 0.375 0.703125
vt 0.484375 0.703125
vt 0.484375 0.6796875
vt 0.375 0.6796875
vt 0.1875 0.5859375
vt 0.203125 0.5859375
vt 0.203125 0.5625
vt 0.1875 0.5625
vt 0.375 0.625
vt 0.484375 0.625
vt 0.484375 0.6015625
vt 0.375 0.6015625
vt 0.375 0.6015625
vt 0.359375 0.6015625
vt 0.359375 0.4921875
vt 0.375 0.4921875
vn 0 0 -1
vn 1 0 0
vn 0 0 1
vn -1 0 0
vn 0 -1 0
usemtl m_e4ce5419-374a-5f3a-7d9d-7abe9b19f0c0
f 756/1824/456 759/1823/456 757/1822/456 754/1821/456
f 755/1828/457 756/1827/457 754/1826/457 753/1825/457
f 760/1832/458 755/1831/458 753/1830/458 758/1829/458
f 759/1836/459 760/1835/459 758/1834/459 757/1833/459
f 759/1840/460 756/1839/460 755/1838/460 760/1837/460
o cube
v 16.45625 0.51875 6.45625
v 16.45625 0.51875 6.29375
v 16.45625 0.35624999999999996 6.45625
v 16.45625 0.35624999999999996 6.29375
v 16.29375 0.51875 6.29375
v 16.29375 0.51875 6.45625
v 16.29375 0.35624999999999996 6.29375
v 16.29375 0.35624999999999996 6.45625
vt 0.78125 0.40625
vt 0.8125 0.40625
vt 0.8125 0.375
vt 0.78125 0.375
vt 0.625 0.21875
vt 0.65625 0.21875
vt 0.65625 0.1875
vt 0.625 0.1875
vt 0.78125 0.375
vt 0.8125 0.375
vt 0.8125 0.34375
vt 0.78125 0.34375
vt 0.65625 0.21875
vt 0.6875 0.21875
vt 0.6875 0.1875
vt 0.65625 0.1875
vn 0 0 -1
vn 1 0 0
vn 0 0 1
vn -1 0 0
usemtl m_fe279677-9941-89f1-2d51-7f1cb4fe764c
f 764/1844/461 767/1843/461 765/1842/461 762/1841/461
f 763/1848/462 764/1847/462 762/1846/462 761/1845/462
f 768/1852/463 763/1851/463 761/1850/463 766/1849/463
f 767/1856/464 768/1855/464 766/1854/464 765/1853/464
o cube
v 16.45625 0.51875 7.33125
v 16.45625 0.51875 7.16875
v 16.45625 0.35624999999999996 7.33125
v 16.45625 0.35624999999999996 7.16875
v 16.29375 0.51875 7.16875
v 16.29375 0.51875 7.33125
v 16.29375 0.35624999999999996 7.16875
v 16.29375 0.35624999999999996 7.33125
vt 0.53125 0.21875
vt 0.5625 0.21875
vt 0.5625 0.1875
vt 0.53125 0.1875
vt 0.5625 0.21875
vt 0.59375 0.21875
vt 0.59375 0.1875
vt 0.5625 0.1875
vt 0.78125 0.4375
vt 0.8125 0.4375
vt 0.8125 0.40625
vt 0.78125 0.40625
vt 0.59375 0.21875
vt 0.625 0.21875
vt 0.625 0.1875
vt 0.59375 0.1875
vn 0 0 -1
vn 1 0 0
vn 0 0 1
vn -1 0 0
usemtl m_fe279677-9941-89f1-2d51-7f1cb4fe764c
f 772/1860/465 775/1859/465 773/1858/465 770/1857/465
f 771/1864/466 772/1863/466 770/1862/466 769/1861/466
f 776/1868/467 771/1867/467 769/1866/467 774/1865/467
f 775/1872/468 776/1871/468 774/1870/468 773/1869/468
o cube
v 14.83125 0.51875 7.33125
v 14.83125 0.51875 7.16875
v 14.83125 0.35624999999999996 7.33125
v 14.83125 0.35624999999999996 7.16875
v 14.66875 0.51875 7.16875
v 14.66875 0.51875 7.33125
v 14.66875 0.35624999999999996 7.16875
v 14.66875 0.35624999999999996 7.33125
vt 0.71875 0.25
vt 0.75 0.25
vt 0.75 0.21875
vt 0.71875 0.21875
vt 0.75 0.28125
vt 0.78125 0.28125
vt 0.78125 0.25
vt 0.75 0.25
vt 0.75 0.25
vt 0.78125 0.25
vt 0.78125 0.21875
vt 0.75 0.21875
vt 0.5 0.21875
vt 0.53125 0.21875
vt 0.53125 0.1875
vt 0.5 0.1875
vn 0 0 -1
vn 1 0 0
vn 0 0 1
vn -1 0 0
usemtl m_fe279677-9941-89f1-2d51-7f1cb4fe764c
f 780/1876/469 783/1875/469 781/1874/469 778/1873/469
f 779/1880/470 780/1879/470 778/1878/470 777/1877/470
f 784/1884/471 779/1883/471 777/1882/471 782/1881/471
f 783/1888/472 784/1887/472 782/1886/472 781/1885/472
o cube
v 14.83125 0.51875 6.45625
v 14.83125 0.51875 6.29375
v 14.83125 0.35624999999999996 6.45625
v 14.83125 0.35624999999999996 6.29375
v 14.66875 0.51875 6.29375
v 14.66875 0.51875 6.45625
v 14.66875 0.35624999999999996 6.29375
v 14.66875 0.35624999999999996 6.45625
vt 0.65625 0.25
vt 0.6875 0.25
vt 0.6875 0.21875
vt 0.65625 0.21875
vt 0.75 0.34375
vt 0.78125 0.34375
vt 0.78125 0.3125
vt 0.75 0.3125
vt 0.6875 0.25
vt 0.71875 0.25
vt 0.71875 0.21875
vt 0.6875 0.21875
vt 0.75 0.3125
vt 0.78125 0.3125
vt 0.78125 0.28125
vt 0.75 0.28125
vn 0 0 -1
vn 1 0 0
vn 0 0 1
vn -1 0 0
usemtl m_fe279677-9941-89f1-2d51-7f1cb4fe764c
f 788/1892/473 791/1891/473 789/1890/473 786/1889/473
f 787/1896/474 788/1895/474 786/1894/474 785/1893/474
f 792/1900/475 787/1899/475 785/1898/475 790/1897/475
f 791/1904/476 792/1903/476 790/1902/476 789/1901/476
o cube
v 14.815625 1.190625 7.315625
v 14.815625 1.190625 7.184375
v 14.815625 -0.003124999999999989 7.315625
v 14.815625 -0.003124999999999989 7.184375
v 14.684375 1.190625 7.184375
v 14.684375 1.190625 7.315625
v 14.684375 -0.003124999999999989 7.184375
v 14.684375 -0.003124999999999989 7.315625
vt 0 0.4375
vt 0.03125 0.4375
vt 0.03125 0.140625
vt 0 0.140625
vt 0.03125 0.4375
vt 0.0625 0.4375
vt 0.0625 0.140625
vt 0.03125 0.140625
vt 0.0625 0.4375
vt 0.09375 0.4375
vt 0.09375 0.140625
vt 0.0625 0.140625
vt 0.09375 0.4375
vt 0.125 0.4375
vt 0.125 0.140625
vt 0.09375 0.140625
vt 0.53125 0.28125
vt 0.5 0.28125
vt 0.5 0.3125
vt 0.53125 0.3125
vt 0.5625 0.3125
vt 0.53125 0.3125
vt 0.53125 0.28125
vt 0.5625 0.28125
vn 0 0 -1
vn 1 0 0
vn 0 0 1
vn -1 0 0
vn 0 1 0
vn 0 -1 0
usemtl m_fe279677-9941-89f1-2d51-7f1cb4fe764c
f 796/1908/477 799/1907/477 797/1906/477 794/1905/477
f 795/1912/478 796/1911/478 794/1910/478 793/1909/478
f 800/1916/479 795/1915/479 793/1914/479 798/1913/479
f 799/1920/480 800/1919/480 798/1918/480 797/1917/480
f 798/1924/481 793/1923/481 794/1922/481 797/1921/481
f 799/1928/482 796/1927/482 795/1926/482 800/1925/482
o cube
v 14.815625 1.190625 6.440625
v 14.815625 1.190625 6.309375
v 14.815625 -0.003124999999999989 6.440625
v 14.815625 -0.003124999999999989 6.309375
v 14.684375 1.190625 6.309375
v 14.684375 1.190625 6.440625
v 14.684375 -0.003124999999999989 6.309375
v 14.684375 -0.003124999999999989 6.440625
vt 0.125 0.4375
vt 0.15625 0.4375
vt 0.15625 0.140625
vt 0.125 0.140625
vt 0.15625 0.4375
vt 0.1875 0.4375
vt 0.1875 0.140625
vt 0.15625 0.140625
vt 0.1875 0.4375
vt 0.21875 0.4375
vt 0.21875 0.140625
vt 0.1875 0.140625
vt 0.21875 0.4375
vt 0.25 0.4375
vt 0.25 0.140625
vt 0.21875 0.140625
vt 0.59375 0.28125
vt 0.5625 0.28125
vt 0.5625 0.3125
vt 0.59375 0.3125
vt 0.625 0.3125
vt 0.59375 0.3125
vt 0.59375 0.28125
vt 0.625 0.28125
vn 0 0 -1
vn 1 0 0
vn 0 0 1
vn -1 0 0
vn 0 1 0
vn 0 -1 0
usemtl m_fe279677-9941-89f1-2d51-7f1cb4fe764c
f 804/1932/483 807/1931/483 805/1930/483 802/1929/483
f 803/1936/484 804/1935/484 802/1934/484 801/1933/484
f 808/1940/485 803/1939/485 801/1938/485 806/1937/485
f 807/1944/486 808/1943/486 806/1942/486 805/1941/486
f 806/1948/487 801/1947/487 802/1946/487 805/1945/487
f 807/1952/488 804/1951/488 803/1950/488 808/1949/488
o cube
v 16.440625 1.190625 6.440625
v 16.440625 1.190625 6.309375
v 16.440625 -0.003124999999999989 6.440625
v 16.440625 -0.003124999999999989 6.309375
v 16.309375 1.190625 6.309375
v 16.309375 1.190625 6.440625
v 16.309375 -0.003124999999999989 6.309375
v 16.309375 -0.003124999999999989 6.440625
vt 0.25 0.4375
vt 0.28125 0.4375
vt 0.28125 0.140625
vt 0.25 0.140625
vt 0.28125 0.4375
vt 0.3125 0.4375
vt 0.3125 0.140625
vt 0.28125 0.140625
vt 0.3125 0.4375
vt 0.34375 0.4375
vt 0.34375 0.140625
vt 0.3125 0.140625
vt 0.34375 0.4375
vt 0.375 0.4375
vt 0.375 0.140625
vt 0.34375 0.140625
vt 0.8125 0.3125
vt 0.78125 0.3125
vt 0.78125 0.34375
vt 0.8125 0.34375
vt 0.71875 0.21875
vt 0.6875 0.21875
vt 0.6875 0.1875
vt 0.71875 0.1875
vn 0 0 -1
vn 1 0 0
vn 0 0 1
vn -1 0 0
vn 0 1 0
vn 0 -1 0
usemtl m_fe279677-9941-89f1-2d51-7f1cb4fe764c
f 812/1956/489 815/1955/489 813/1954/489 810/1953/489
f 811/1960/490 812/1959/490 810/1958/490 809/1957/490
f 816/1964/491 811/1963/491 809/1962/491 814/1961/491
f 815/1968/492 816/1967/492 814/1966/492 813/1965/492
f 814/1972/493 809/1971/493 810/1970/493 813/1969/493
f 815/1976/494 812/1975/494 811/1974/494 816/1973/494
o cube
v 16.440625 1.190625 7.315625
v 16.440625 1.190625 7.184375
v 16.440625 -0.003124999999999989 7.315625
v 16.440625 -0.003124999999999989 7.184375
v 16.309375 1.190625 7.184375
v 16.309375 1.190625 7.315625
v 16.309375 -0.003124999999999989 7.184375
v 16.309375 -0.003124999999999989 7.315625
vt 0.375 0.4375
vt 0.40625 0.4375
vt 0.40625 0.140625
vt 0.375 0.140625
vt 0.40625 0.4375
vt 0.4375 0.4375
vt 0.4375 0.140625
vt 0.40625 0.140625
vt 0.4375 0.4375
vt 0.46875 0.4375
vt 0.46875 0.140625
vt 0.4375 0.140625
vt 0.46875 0.4375
vt 0.5 0.4375
vt 0.5 0.140625
vt 0.46875 0.140625
vt 0.8125 0.28125
vt 0.78125 0.28125
vt 0.78125 0.3125
vt 0.8125 0.3125
vt 0.75 0.21875
vt 0.71875 0.21875
vt 0.71875 0.1875
vt 0.75 0.1875
vn 0 0 -1
vn 1 0 0
vn 0 0 1
vn -1 0 0
vn 0 1 0
vn 0 -1 0
usemtl m_fe279677-9941-89f1-2d51-7f1cb4fe764c
f 820/1980/495 823/1979/495 821/1978/495 818/1977/495
f 819/1984/496 820/1983/496 818/1982/496 817/1981/496
f 824/1988/497 819/1987/497 817/1986/497 822/1985/497
f 823/1992/498 824/1991/498 822/1990/498 821/1989/498
f 822/1996/499 817/1995/499 818/1994/499 821/1993/499
f 823/2000/500 820/1999/500 819/1998/500 824/1997/500
o cube
v 16.4390625 1.1890625 7.3140625
v 16.4390625 1.1890625 6.3109375
v 16.4390625 1.0609375 7.3140625
v 16.4390625 1.0609375 6.3109375
v 14.6859375 1.1890625 6.3109375
v 14.6859375 1.1890625 7.3140625
v 14.6859375 1.0609375 6.3109375
v 14.6859375 1.0609375 7.3140625
vt 0 0.5
vt 0.4375 0.5
vt 0.4375 0.46875
vt 0 0.46875
vt 0.5 0.4375
vt 0.75 0.4375
vt 0.75 0.40625
vt 0.5 0.40625
vt 0.4375 0.5
vt 0.875 0.5
vt 0.875 0.46875
vt 0.4375 0.46875
vt 0.5 0.40625
vt 0.75 0.40625
vt 0.75 0.375
vt 0.5 0.375
vt 0.4375 0.75
vt 0 0.75
vt 0 1
vt 0.4375 1
vt 0.4375 0.75
vt 0 0.75
vt 0 0.5
vt 0.4375 0.5
vn 0 0 -1
vn 1 0 0
vn 0 0 1
vn -1 0 0
vn 0 1 0
vn 0 -1 0
usemtl m_fe279677-9941-89f1-2d51-7f1cb4fe764c
f 828/2004/501 831/2003/501 829/2002/501 826/2001/501
f 827/2008/502 828/2007/502 826/2006/502 825/2005/502
f 832/2012/503 827/2011/503 825/2010/503 830/2009/503
f 831/2016/504 832/2015/504 830/2014/504 829/2013/504
f 830/2020/505 825/2019/505 826/2018/505 829/2017/505
f 831/2024/506 828/2023/506 827/2022/506 832/2021/506
o cube
v 14.83125 1.20625 6.45625
v 14.83125 1.20625 6.29375
v 14.83125 1.04375 6.45625
v 14.83125 1.04375 6.29375
v 14.66875 1.20625 6.29375
v 14.66875 1.20625 6.45625
v 14.66875 1.04375 6.29375
v 14.66875 1.04375 6.45625
vt 0.625 0.3125
vt 0.65625 0.3125
vt 0.65625 0.28125
vt 0.625 0.28125
vt 0.65625 0.3125
vt 0.6875 0.3125
vt 0.6875 0.28125
vt 0.65625 0.28125
vt 0.6875 0.3125
vt 0.71875 0.3125
vt 0.71875 0.28125
vt 0.6875 0.28125
vt 0.5 0.28125
vt 0.53125 0.28125
vt 0.53125 0.25
vt 0.5 0.25
vt 0.5625 0.25
vt 0.53125 0.25
vt 0.53125 0.28125
vt 0.5625 0.28125
vn 0 0 -1
vn 1 0 0
vn 0 0 1
vn -1 0 0
vn 0 1 0
usemtl m_fe279677-9941-89f1-2d51-7f1cb4fe764c
f 836/2028/507 839/2027/507 837/2026/507 834/2025/507
f 835/2032/508 836/2031/508 834/2030/508 833/2029/508
f 840/2036/509 835/2035/509 833/2034/509 838/2033/509
f 839/2040/510 840/2039/510 838/2038/510 837/2037/510
f 838/2044/511 833/2043/511 834/2042/511 837/2041/511
o cube
v 14.83125 1.20625 7.33125
v 14.83125 1.20625 7.16875
v 14.83125 1.04375 7.33125
v 14.83125 1.04375 7.16875
v 14.66875 1.20625 7.16875
v 14.66875 1.20625 7.33125
v 14.66875 1.04375 7.16875
v 14.66875 1.04375 7.33125
vt 0.5625 0.28125
vt 0.59375 0.28125
vt 0.59375 0.25
vt 0.5625 0.25
vt 0.59375 0.28125
vt 0.625 0.28125
vt 0.625 0.25
vt 0.59375 0.25
vt 0.625 0.28125
vt 0.65625 0.28125
vt 0.65625 0.25
vt 0.625 0.25
vt 0.65625 0.28125
vt 0.6875 0.28125
vt 0.6875 0.25
vt 0.65625 0.25
vt 0.71875 0.25
vt 0.6875 0.25
vt 0.6875 0.28125
vt 0.71875 0.28125
vn 0 0 -1
vn 1 0 0
vn 0 0 1
vn -1 0 0
vn 0 1 0
usemtl m_fe279677-9941-89f1-2d51-7f1cb4fe764c
f 844/2048/512 847/2047/512 845/2046/512 842/2045/512
f 843/2052/513 844/2051/513 842/2050/513 841/2049/513
f 848/2056/514 843/2055/514 841/2054/514 846/2053/514
f 847/2060/515 848/2059/515 846/2058/515 845/2057/515
f 846/2064/516 841/2063/516 842/2062/516 845/2061/516
o cube
v 16.45625 1.20625 6.45625
v 16.45625 1.20625 6.29375
v 16.45625 1.04375 6.45625
v 16.45625 1.04375 6.29375
v 16.29375 1.20625 6.29375
v 16.29375 1.20625 6.45625
v 16.29375 1.04375 6.29375
v 16.29375 1.04375 6.45625
vt 0.75 0.4375
vt 0.78125 0.4375
vt 0.78125 0.40625
vt 0.75 0.40625
vt 0.59375 0.25
vt 0.625 0.25
vt 0.625 0.21875
vt 0.59375 0.21875
vt 0.75 0.40625
vt 0.78125 0.40625
vt 0.78125 0.375
vt 0.75 0.375
vt 0.625 0.25
vt 0.65625 0.25
vt 0.65625 0.21875
vt 0.625 0.21875
vt 0.78125 0.34375
vt 0.75 0.34375
vt 0.75 0.375
vt 0.78125 0.375
vn 0 0 -1
vn 1 0 0
vn 0 0 1
vn -1 0 0
vn 0 1 0
usemtl m_fe279677-9941-89f1-2d51-7f1cb4fe764c
f 852/2068/517 855/2067/517 853/2066/517 850/2065/517
f 851/2072/518 852/2071/518 850/2070/518 849/2069/518
f 856/2076/519 851/2075/519 849/2074/519 854/2073/519
f 855/2080/520 856/2079/520 854/2078/520 853/2077/520
f 854/2084/521 849/2083/521 850/2082/521 853/2081/521
o cube
v 16.45625 1.20625 7.33125
v 16.45625 1.20625 7.16875
v 16.45625 1.04375 7.33125
v 16.45625 1.04375 7.16875
v 16.29375 1.20625 7.16875
v 16.29375 1.20625 7.33125
v 16.29375 1.04375 7.16875
v 16.29375 1.04375 7.33125
vt 0.71875 0.3125
vt 0.75 0.3125
vt 0.75 0.28125
vt 0.71875 0.28125
vt 0.71875 0.28125
vt 0.75 0.28125
vt 0.75 0.25
vt 0.71875 0.25
vt 0.5 0.25
vt 0.53125 0.25
vt 0.53125 0.21875
vt 0.5 0.21875
vt 0.53125 0.25
vt 0.5625 0.25
vt 0.5625 0.21875
vt 0.53125 0.21875
vt 0.59375 0.21875
vt 0.5625 0.21875
vt 0.5625 0.25
vt 0.59375 0.25
vn 0 0 -1
vn 1 0 0
vn 0 0 1
vn -1 0 0
vn 0 1 0
usemtl m_fe279677-9941-89f1-2d51-7f1cb4fe764c
f 860/2088/522 863/2087/522 861/2086/522 858/2085/522
f 859/2092/523 860/2091/523 858/2090/523 857/2089/523
f 864/2096/524 859/2095/524 857/2094/524 862/2093/524
f 863/2100/525 864/2099/525 862/2098/525 861/2097/525
f 862/2104/526 857/2103/526 858/2102/526 861/2101/526
o cube
v 16.4390625 0.5015624999999999 7.3140625
v 16.4390625 0.5015624999999999 6.3109375
v 16.4390625 0.3734375 7.3140625
v 16.4390625 0.3734375 6.3109375
v 14.6859375 0.5015624999999999 6.3109375
v 14.6859375 0.5015624999999999 7.3140625
v 14.6859375 0.3734375 6.3109375
v 14.6859375 0.3734375 7.3140625
vt 0 0.5
vt 0.4375 0.5
vt 0.4375 0.46875
vt 0 0.46875
vt 0.5 0.4375
vt 0.75 0.4375
vt 0.75 0.40625
vt 0.5 0.40625
vt 0.4375 0.5
vt 0.875 0.5
vt 0.875 0.46875
vt 0.4375 0.46875
vt 0.5 0.40625
vt 0.75 0.40625
vt 0.75 0.375
vt 0.5 0.375
vt 0.4375 0.75
vt 0 0.75
vt 0 1
vt 0.4375 1
vt 0.4375 0.75
vt 0 0.75
vt 0 0.5
vt 0.4375 0.5
vn 0 0 -1
vn 1 0 0
vn 0 0 1
vn -1 0 0
vn 0 1 0
vn 0 -1 0
usemtl m_fe279677-9941-89f1-2d51-7f1cb4fe764c
f 868/2108/527 871/2107/527 869/2106/527 866/2105/527
f 867/2112/528 868/2111/528 866/2110/528 865/2109/528
f 872/2116/529 867/2115/529 865/2114/529 870/2113/529
f 871/2120/530 872/2119/530 870/2118/530 869/2117/530
f 870/2124/531 865/2123/531 866/2122/531 869/2121/531
f 871/2128/532 868/2127/532 867/2126/532 872/2125/532
o cube
v 12.875 0.6875 6.4375
v 12.875 0.6875 6.375
v 12.875 0.25 6.4375
v 12.875 0.25 6.375
v 12.125 0.6875 6.375
v 12.125 0.6875 6.4375
v 12.125 0.25 6.375
v 12.125 0.25 6.4375
vt 0.1953125 0.6171875
vt 0.2890625 0.6171875
vt 0.2890625 0.5625
vt 0.1953125 0.5625
vt 0.2890625 0.6171875
vt 0.3828125 0.6171875
vt 0.3828125 0.5625
vt 0.2890625 0.5625
vn 0 0 -1
vn 0 0 1
usemtl m_9b2412ed-2719-8a29-f0e3-ccf8f48565b6
f 876/2132/533 879/2131/533 877/2130/533 874/2129/533
f 880/2136/534 875/2135/534 873/2134/534 878/2133/534
o cube
v 12.8125 0.621800720300604 6.398275552158824
v 12.8125 0.6272479542223324 6.3360133835280905
v 12.8125 0.3727520457776675 6.37648661647191
v 12.8125 0.37819927969939615 6.314224447841176
v 12.75 0.6272479542223324 6.3360133835280905
v 12.75 0.621800720300604 6.398275552158824
v 12.75 0.37819927969939615 6.314224447841176
v 12.75 0.3727520457776675 6.37648661647191
vt 0.203125 0.71875
vt 0.2109375 0.71875
vt 0.2109375 0.6875
vt 0.203125 0.6875
vt 0.2109375 0.71875
vt 0.21875 0.71875
vt 0.21875 0.6875
vt 0.2109375 0.6875
vt 0.109375 0.53125
vt 0.1171875 0.53125
vt 0.1171875 0.5
vt 0.109375 0.5
vt 0.1171875 0.53125
vt 0.125 0.53125
vt 0.125 0.5
vt 0.1171875 0.5
vt 0.203125 0.6171875
vt 0.1953125 0.6171875
vt 0.1953125 0.625
vt 0.203125 0.625
vt 0.1953125 0.5703125
vt 0.1875 0.5703125
vt 0.1875 0.5625
vt 0.1953125 0.5625
vn 0 0.08715574274765818 -0.9961946980917455
vn 1 0 0
vn 0 -0.08715574274765818 0.9961946980917455
vn -1 0 0
vn 0 0.9961946980917455 0.08715574274765818
vn 0 -0.9961946980917455 -0.08715574274765818
usemtl m_9b2412ed-2719-8a29-f0e3-ccf8f48565b6
f 884/2140/535 887/2139/535 885/2138/535 882/2137/535
f 883/2144/536 884/2143/536 882/2142/536 881/2141/536
f 888/2148/537 883/2147/537 881/2146/537 886/2145/537
f 887/2152/538 888/2151/538 886/2150/538 885/2149/538
f 886/2156/539 881/2155/539 882/2154/539 885/2153/539
f 887/2160/540 884/2159/540 883/2158/540 888/2157/540
o cube
v 13.125 0.621800720300604 6.398275552158824
v 13.125 0.6272479542223324 6.3360133835280905
v 13.125 0.3727520457776675 6.37648661647191
v 13.125 0.37819927969939615 6.314224447841176
v 13.0625 0.6272479542223324 6.3360133835280905
v 13.0625 0.621800720300604 6.398275552158824
v 13.0625 0.37819927969939615 6.314224447841176
v 13.0625 0.3727520457776675 6.37648661647191
vt 0.125 0.53125
vt 0.1328125 0.53125
vt 0.1328125 0.5
vt 0.125 0.5
vt 0.1328125 0.53125
vt 0.140625 0.53125
vt 0.140625 0.5
vt 0.1328125 0.5
vt 0.140625 0.53125
vt 0.1484375 0.53125
vt 0.1484375 0.5
vt 0.140625 0.5
vt 0.1484375 0.53125
vt 0.15625 0.53125
vt 0.15625 0.5
vt 0.1484375 0.5
vt 0.0390625 0.5078125
vt 0.03125 0.5078125
vt 0.03125 0.515625
vt 0.0390625 0.515625
vt 0.046875 0.515625
vt 0.0390625 0.515625
vt 0.0390625 0.5078125
vt 0.046875 0.5078125
vn 0 0.08715574274765818 -0.9961946980917455
vn 1 0 0
vn 0 -0.08715574274765818 0.9961946980917455
vn -1 0 0
vn 0 0.9961946980917455 0.08715574274765818
vn 0 -0.9961946980917455 -0.08715574274765818
usemtl m_9b2412ed-2719-8a29-f0e3-ccf8f48565b6
f 892/2164/541 895/2163/541 893/2162/541 890/2161/541
f 891/2168/542 892/2167/542 890/2166/542 889/2165/542
f 896/2172/543 891/2171/543 889/2170/543 894/2169/543
f 895/2176/544 896/2175/544 894/2174/544 893/2173/544
f 894/2180/545 889/2179/545 890/2178/545 893/2177/545
f 895/2184/546 892/2183/546 891/2182/546 896/2181/546
o cube
v 13.75 0.6875 6.4375
v 13.75 0.6875 6.375
v 13.75 0.25 6.4375
v 13.75 0.25 6.375
v 13 0.6875 6.375
v 13 0.6875 6.4375
v 13 0.25 6.375
v 13 0.25 6.4375
vt 0.3828125 0.6171875
vt 0.4765625 0.6171875
vt 0.4765625 0.5625
vt 0.3828125 0.5625
vt 0.3984375 0.671875
vt 0.4921875 0.671875
vt 0.4921875 0.6171875
vt 0.3984375 0.6171875
vn 0 0 -1
vn 0 0 1
usemtl m_9b2412ed-2719-8a29-f0e3-ccf8f48565b6
f 900/2188/547 903/2187/547 901/2186/547 898/2185/547
f 904/2192/548 899/2191/548 897/2190/548 902/2189/548
o cube
v 13.6875 1.0625 7.25
v 13.6875 1.0625 7.125
v 13.6875 0.9375 7.25
v 13.6875 0.9375 7.125
v 12.1875 1.0625 7.125
v 12.1875 1.0625 7.25
v 12.1875 0.9375 7.125
v 12.1875 0.9375 7.25
vt 0.421875 0.859375
vt 0.609375 0.859375
vt 0.609375 0.84375
vt 0.421875 0.84375
vt 0.421875 0.84375
vt 0.609375 0.84375
vt 0.609375 0.828125
vt 0.421875 0.828125
vt 0.203125 0.75
vt 0.21875 0.75
vt 0.21875 0.734375
vt 0.203125 0.734375
vt 0.609375 0.828125
vt 0.421875 0.828125
vt 0.421875 0.8125
vt 0.609375 0.8125
vn 0 0 -1
vn 0 0 1
vn -1 0 0
vn 0 -1 0
usemtl m_9b2412ed-2719-8a29-f0e3-ccf8f48565b6
f 908/2196/549 911/2195/549 909/2194/549 906/2193/549
f 912/2200/550 907/2199/550 905/2198/550 910/2197/550
f 911/2204/551 912/2203/551 910/2202/551 909/2201/551
f 911/2208/552 908/2207/552 907/2206/552 912/2205/552
o cube
v 13.6875 1.0625 6.5
v 13.6875 1.0625 6.375
v 13.6875 0.9375 6.5
v 13.6875 0.9375 6.375
v 12.1875 1.0625 6.375
v 12.1875 1.0625 6.5
v 12.1875 0.9375 6.375
v 12.1875 0.9375 6.5
vt 0.421875 0.8125
vt 0.609375 0.8125
vt 0.609375 0.796875
vt 0.421875 0.796875
vt 0.421875 0.796875
vt 0.609375 0.796875
vt 0.609375 0.78125
vt 0.421875 0.78125
vt 0.203125 0.734375
vt 0.21875 0.734375
vt 0.21875 0.71875
vt 0.203125 0.71875
vt 0.609375 0.78125
vt 0.421875 0.78125
vt 0.421875 0.765625
vt 0.609375 0.765625
vn 0 0 -1
vn 0 0 1
vn -1 0 0
vn 0 -1 0
usemtl m_9b2412ed-2719-8a29-f0e3-ccf8f48565b6
f 916/2212/553 919/2211/553 917/2210/553 914/2209/553
f 920/2216/554 915/2215/554 913/2214/554 918/2213/554
f 919/2220/555 920/2219/555 918/2218/555 917/2217/555
f 919/2224/556 916/2223/556 915/2222/556 920/2221/556
o cube
v 13.6875 0.1875 6.5
v 13.6875 0.1875 6.4375
v 13.6875 0.0625 6.5
v 13.6875 0.0625 6.4375
v 12.1875 0.1875 6.4375
v 12.1875 0.1875 6.5
v 12.1875 0.0625 6.4375
v 12.1875 0.0625 6.5
vt 0.421875 0.765625
vt 0.609375 0.765625
vt 0.609375 0.75
vt 0.421875 0.75
vt 0.421875 0.75
vt 0.609375 0.75
vt 0.609375 0.734375
vt 0.421875 0.734375
vt 0.1953125 0.640625
vt 0.203125 0.640625
vt 0.203125 0.625
vt 0.1953125 0.625
vt 0.65625 0.53125
vt 0.46875 0.53125
vt 0.46875 0.5234375
vt 0.65625 0.5234375
vn 0 0 -1
vn 0 0 1
vn -1 0 0
vn 0 -1 0
usemtl m_9b2412ed-2719-8a29-f0e3-ccf8f48565b6
f 924/2228/557 927/2227/557 925/2226/557 922/2225/557
f 928/2232/558 923/2231/558 921/2230/558 926/2229/558
f 927/2236/559 928/2235/559 926/2234/559 925/2233/559
f 927/2240/560 924/2239/560 923/2238/560 928/2237/560
o cube
v 13.6875 0.1875 7.1875
v 13.6875 0.1875 7.125
v 13.6875 0.0625 7.1875
v 13.6875 0.0625 7.125
v 12.1875 0.1875 7.125
v 12.1875 0.1875 7.1875
v 12.1875 0.0625 7.125
v 12.1875 0.0625 7.1875
vt 0.421875 0.734375
vt 0.609375 0.734375
vt 0.609375 0.71875
vt 0.421875 0.71875
vt 0.421875 0.71875
vt 0.609375 0.71875
vt 0.609375 0.703125
vt 0.421875 0.703125
vt 0.1875 0.5859375
vt 0.1953125 0.5859375
vt 0.1953125 0.5703125
vt 0.1875 0.5703125
vt 0.6640625 0.6171875
vt 0.4765625 0.6171875
vt 0.4765625 0.609375
vt 0.6640625 0.609375
vn 0 0 -1
vn 0 0 1
vn -1 0 0
vn 0 -1 0
usemtl m_9b2412ed-2719-8a29-f0e3-ccf8f48565b6
f 932/2244/561 935/2243/561 933/2242/561 930/2241/561
f 936/2248/562 931/2247/562 929/2246/562 934/2245/562
f 935/2252/563 936/2251/563 934/2250/563 933/2249/563
f 935/2256/564 932/2255/564 931/2254/564 936/2253/564
o cube
v 13.8140625 1.1890625 7.3140625
v 13.8140625 1.1890625 6.3109375
v 13.8140625 1.0609375 7.3140625
v 13.8140625 1.0609375 6.3109375
v 12.0609375 1.1890625 6.3109375
v 12.0609375 1.1890625 7.3140625
v 12.0609375 1.0609375 6.3109375
v 12.0609375 1.0609375 7.3140625
vt 0.421875 0.890625
vt 0.640625 0.890625
vt 0.640625 0.875
vt 0.421875 0.875
vt 0.421875 0.703125
vt 0.546875 0.703125
vt 0.546875 0.6875
vt 0.421875 0.6875
vt 0.421875 0.875
vt 0.640625 0.875
vt 0.640625 0.859375
vt 0.421875 0.859375
vt 0.421875 0.6875
vt 0.546875 0.6875
vt 0.546875 0.671875
vt 0.421875 0.671875
vt 0.21875 0.875
vt 0 0.875
vt 0 1
vt 0.21875 1
vt 0.21875 0.875
vt 0 0.875
vt 0 0.75
vt 0.21875 0.75
vn 0 0 -1
vn 1 0 0
vn 0 0 1
vn -1 0 0
vn 0 1 0
vn 0 -1 0
usemtl m_9b2412ed-2719-8a29-f0e3-ccf8f48565b6
f 940/2260/565 943/2259/565 941/2258/565 938/2257/565
f 939/2264/566 940/2263/566 938/2262/566 937/2261/566
f 944/2268/567 939/2267/567 937/2266/567 942/2265/567
f 943/2272/568 944/2271/568 942/2270/568 941/2269/568
f 942/2276/569 937/2275/569 938/2274/569 941/2273/569
f 943/2280/570 940/2279/570 939/2278/570 944/2277/570
o cube
v 12.190625 1.065625 7.253125
v 12.190625 1.065625 7.121875
v 12.190625 -0.003124999999999989 7.253125
v 12.190625 -0.003124999999999989 7.121875
v 12.059375 1.065625 7.121875
v 12.059375 1.065625 7.253125
v 12.059375 -0.003124999999999989 7.121875
v 12.059375 -0.003124999999999989 7.253125
vt 0.15625 0.5859375
vt 0.171875 0.5859375
vt 0.171875 0.453125
vt 0.15625 0.453125
vt 0.171875 0.5859375
vt 0.1875 0.5859375
vt 0.1875 0.453125
vt 0.171875 0.453125
vt 0.1875 0.5625
vt 0.203125 0.5625
vt 0.203125 0.4296875
vt 0.1875 0.4296875
vt 0.203125 0.5625
vt 0.21875 0.5625
vt 0.21875 0.4296875
vt 0.203125 0.4296875
vt 0.4921875 0.578125
vt 0.4765625 0.578125
vt 0.4765625 0.5625
vt 0.4921875 0.5625
vn 0 0 -1
vn 1 0 0
vn 0 0 1
vn -1 0 0
vn 0 -1 0
usemtl m_9b2412ed-2719-8a29-f0e3-ccf8f48565b6
f 948/2284/571 951/2283/571 949/2282/571 946/2281/571
f 947/2288/572 948/2287/572 946/2286/572 945/2285/572
f 952/2292/573 947/2291/573 945/2290/573 950/2289/573
f 951/2296/574 952/2295/574 950/2294/574 949/2293/574
f 951/2300/575 948/2299/575 947/2298/575 952/2297/575
o cube
v 12.190625 1.065625 6.503125
v 12.190625 1.065625 6.371875
v 12.190625 -0.003124999999999989 6.503125
v 12.190625 -0.003124999999999989 6.371875
v 12.059375 1.065625 6.371875
v 12.059375 1.065625 6.503125
v 12.059375 -0.003124999999999989 6.371875
v 12.059375 -0.003124999999999989 6.503125
vt 0.21875 0.5625
vt 0.234375 0.5625
vt 0.234375 0.4296875
vt 0.21875 0.4296875
vt 0.234375 0.5625
vt 0.25 0.5625
vt 0.25 0.4296875
vt 0.234375 0.4296875
vt 0.25 0.5625
vt 0.265625 0.5625
vt 0.265625 0.4296875
vt 0.25 0.4296875
vt 0.265625 0.5625
vt 0.28125 0.5625
vt 0.28125 0.4296875
vt 0.265625 0.4296875
vt 0.484375 0.5234375
vt 0.46875 0.5234375
vt 0.46875 0.5078125
vt 0.484375 0.5078125
vn 0 0 -1
vn 1 0 0
vn 0 0 1
vn -1 0 0
vn 0 -1 0
usemtl m_9b2412ed-2719-8a29-f0e3-ccf8f48565b6
f 956/2304/576 959/2303/576 957/2302/576 954/2301/576
f 955/2308/577 956/2307/577 954/2306/577 953/2305/577
f 960/2312/578 955/2311/578 953/2310/578 958/2309/578
f 959/2316/579 960/2315/579 958/2314/579 957/2313/579
f 959/2320/580 956/2319/580 955/2318/580 960/2317/580
o cube
v 13.815625 1.065625 6.503125
v 13.815625 1.065625 6.371875
v 13.815625 -0.003124999999999989 6.503125
v 13.815625 -0.003124999999999989 6.371875
v 13.684375 1.065625 6.371875
v 13.684375 1.065625 6.503125
v 13.684375 -0.003124999999999989 6.371875
v 13.684375 -0.003124999999999989 6.503125
vt 0.28125 0.5625
vt 0.296875 0.5625
vt 0.296875 0.4296875
vt 0.28125 0.4296875
vt 0.296875 0.5625
vt 0.3125 0.5625
vt 0.3125 0.4296875
vt 0.296875 0.4296875
vt 0.3125 0.5625
vt 0.328125 0.5625
vt 0.328125 0.4296875
vt 0.3125 0.4296875
vt 0.328125 0.5625
vt 0.34375 0.5625
vt 0.34375 0.4296875
vt 0.328125 0.4296875
vt 0.015625 0.515625
vt 0 0.515625
vt 0 0.5
vt 0.015625 0.5
vn 0 0 -1
vn 1 0 0
vn 0 0 1
vn -1 0 0
vn 0 -1 0
usemtl m_9b2412ed-2719-8a29-f0e3-ccf8f48565b6
f 964/2324/581 967/2323/581 965/2322/581 962/2321/581
f 963/2328/582 964/2327/582 962/2326/582 961/2325/582
f 968/2332/583 963/2331/583 961/2330/583 966/2329/583
f 967/2336/584 968/2335/584 966/2334/584 965/2333/584
f 967/2340/585 964/2339/585 963/2338/585 968/2337/585
o cube
v 13.815625 1.065625 7.253125
v 13.815625 1.065625 7.121875
v 13.815625 -0.003124999999999989 7.253125
v 13.815625 -0.003124999999999989 7.121875
v 13.684375 1.065625 7.121875
v 13.684375 1.065625 7.253125
v 13.684375 -0.003124999999999989 7.121875
v 13.684375 -0.003124999999999989 7.253125
vt 0.34375 0.5625
vt 0.359375 0.5625
vt 0.359375 0.4296875
vt 0.34375 0.4296875
vt 0.359375 0.5625
vt 0.375 0.5625
vt 0.375 0.4296875
vt 0.359375 0.4296875
vt 0.375 0.5625
vt 0.390625 0.5625
vt 0.390625 0.4296875
vt 0.375 0.4296875
vt 0.390625 0.5625
vt 0.40625 0.5625
vt 0.40625 0.4296875
vt 0.390625 0.4296875
vt 0.03125 0.515625
vt 0.015625 0.515625
vt 0.015625 0.5
vt 0.03125 0.5
vn 0 0 -1
vn 1 0 0
vn 0 0 1
vn -1 0 0
vn 0 -1 0
usemtl m_9b2412ed-2719-8a29-f0e3-ccf8f48565b6
f 972/2344/586 975/2343/586 973/2342/586 970/2341/586
f 971/2348/587 972/2347/587 970/2346/587 969/2345/587
f 976/2352/588 971/2351/588 969/2350/588 974/2349/588
f 975/2356/589 976/2355/589 974/2354/589 973/2353/589
f 975/2360/590 972/2359/590 971/2358/590 976/2357/590
o cube
v 13.7484375 0.7484375000000001 7.2484375
v 13.7484375 0.7484375000000001 6.3765625
v 13.7484375 0.6890624999999999 7.2484375
v 13.7484375 0.6890624999999999 6.3765625
v 12.1265625 0.7484375000000001 6.3765625
v 12.1265625 0.7484375000000001 7.2484375
v 12.1265625 0.6890624999999999 6.3765625
v 12.1265625 0.6890624999999999 7.2484375
vt 0.46875 0.546875
vt 0.671875 0.546875
vt 0.671875 0.5390625
vt 0.46875 0.5390625
vt 0.4765625 0.609375
vt 0.5859375 0.609375
vt 0.5859375 0.6015625
vt 0.4765625 0.6015625
vt 0.46875 0.5390625
vt 0.671875 0.5390625
vt 0.671875 0.53125
vt 0.46875 0.53125
vt 0.4765625 0.6015625
vt 0.5859375 0.6015625
vt 0.5859375 0.59375
vt 0.4765625 0.59375
vt 0.421875 0.671875
vt 0.21875 0.671875
vt 0.21875 0.78125
vt 0.421875 0.78125
vt 0.203125 0.75
vt 0 0.75
vt 0 0.640625
vt 0.203125 0.640625
vn 0 0 -1
vn 1 0 0
vn 0 0 1
vn -1 0 0
vn 0 1 0
vn 0 -1 0
usemtl m_9b2412ed-2719-8a29-f0e3-ccf8f48565b6
f 980/2364/591 983/2363/591 981/2362/591 978/2361/591
f 979/2368/592 980/2367/592 978/2366/592 977/2365/592
f 984/2372/593 979/2371/593 977/2370/593 982/2369/593
f 983/2376/594 984/2375/594 982/2374/594 981/2373/594
f 982/2380/595 977/2379/595 978/2378/595 981/2377/595
f 983/2384/596 980/2383/596 979/2382/596 984/2381/596
o cube
v 13.0015625 0.9390624999999999 6.5015625
v 13.0015625 0.9390624999999999 6.3734375
v 13.0015625 -0.0015625000000000222 6.5015625
v 13.0015625 -0.0015625000000000222 6.3734375
v 12.8734375 0.9390624999999999 6.3734375
v 12.8734375 0.9390624999999999 6.5015625
v 12.8734375 -0.0015625000000000222 6.3734375
v 12.8734375 -0.0015625000000000222 6.5015625
vt 0.40625 0.5625
vt 0.421875 0.5625
vt 0.421875 0.4453125
vt 0.40625 0.4453125
vt 0.421875 0.5625
vt 0.4375 0.5625
vt 0.4375 0.4453125
vt 0.421875 0.4453125
vt 0.4375 0.5625
vt 0.453125 0.5625
vt 0.453125 0.4453125
vt 0.4375 0.4453125
vt 0.453125 0.5625
vt 0.46875 0.5625
vt 0.46875 0.4453125
vt 0.453125 0.4453125
vt 0.21875 0.671875
vt 0.203125 0.671875
vt 0.203125 0.6875
vt 0.21875 0.6875
vt 0.4921875 0.59375
vt 0.4765625 0.59375
vt 0.4765625 0.578125
vt 0.4921875 0.578125
vn 0 0 -1
vn 1 0 0
vn 0 0 1
vn -1 0 0
vn 0 1 0
vn 0 -1 0
usemtl m_9b2412ed-2719-8a29-f0e3-ccf8f48565b6
f 988/2388/597 991/2387/597 989/2386/597 986/2385/597
f 987/2392/598 988/2391/598 986/2390/598 985/2389/598
f 992/2396/599 987/2395/599 985/2394/599 990/2393/599
f 991/2400/600 992/2399/600 990/2398/600 989/2397/600
f 990/2404/601 985/2403/601 986/2402/601 989/2401/601
f 991/2408/602 988/2407/602 987/2406/602 992/2405/602
o cube
v 13.6875 0.6875 7.25
v 13.6875 0.6875 7.1875
v 13.6875 0.25 7.25
v 13.6875 0.25 7.1875
v 12.125 0.6875 7.1875
v 12.125 0.6875 7.25
v 12.125 0.25 7.1875
v 12.125 0.25 7.25
vt 0.203125 0.671875
vt 0.3984375 0.671875
vt 0.3984375 0.6171875
vt 0.203125 0.6171875
vt 0 0.640625
vt 0.1953125 0.640625
vt 0.1953125 0.5859375
vt 0 0.5859375
vn 0 0 -1
vn 0 0 1
usemtl m_9b2412ed-2719-8a29-f0e3-ccf8f48565b6
f 996/2412/603 999/2411/603 997/2410/603 994/2409/603
f 1000/2416/604 995/2415/604 993/2414/604 998/2413/604
o cube
v 12.1875 0.6875 7.125
v 12.1875 0.6875 6.5
v 12.1875 0.25 7.125
v 12.1875 0.25 6.5
v 12.125 0.6875 6.5
v 12.125 0.6875 7.125
v 12.125 0.25 6.5
v 12.125 0.25 7.125
vt 0.421875 1
vt 0.5 1
vt 0.5 0.9453125
vt 0.421875 0.9453125
vt 0.421875 0.9453125
vt 0.5 0.9453125
vt 0.5 0.890625
vt 0.421875 0.890625
vn 1 0 0
vn -1 0 0
usemtl m_9b2412ed-2719-8a29-f0e3-ccf8f48565b6
f 1003/2420/605 1004/2419/605 1002/2418/605 1001/2417/605
f 1007/2424/606 1008/2423/606 1006/2422/606 1005/2421/606
o cube
v 13.7484375 0.24843749999999998 7.2484375
v 13.7484375 0.24843749999999998 6.3765625
v 13.7484375 0.18906250000000002 7.2484375
v 13.7484375 0.18906250000000002 6.3765625
v 12.1265625 0.24843749999999998 6.3765625
v 12.1265625 0.24843749999999998 7.2484375
v 12.1265625 0.18906250000000002 6.3765625
v 12.1265625 0.18906250000000002 7.2484375
vt 0.46875 0.546875
vt 0.671875 0.546875
vt 0.671875 0.5390625
vt 0.46875 0.5390625
vt 0.4765625 0.609375
vt 0.5859375 0.609375
vt 0.5859375 0.6015625
vt 0.4765625 0.6015625
vt 0.46875 0.5390625
vt 0.671875 0.5390625
vt 0.671875 0.53125
vt 0.46875 0.53125
vt 0.4765625 0.6015625
vt 0.5859375 0.6015625
vt 0.5859375 0.59375
vt 0.4765625 0.59375
vt 0.421875 0.671875
vt 0.21875 0.671875
vt 0.21875 0.78125
vt 0.421875 0.78125
vt 0.203125 0.75
vt 0 0.75
vt 0 0.640625
vt 0.203125 0.640625
vn 0 0 -1
vn 1 0 0
vn 0 0 1
vn -1 0 0
vn 0 1 0
vn 0 -1 0
usemtl m_9b2412ed-2719-8a29-f0e3-ccf8f48565b6
f 1012/2428/607 1015/2427/607 1013/2426/607 1010/2425/607
f 1011/2432/608 1012/2431/608 1010/2430/608 1009/2429/608
f 1016/2436/609 1011/2435/609 1009/2434/609 1014/2433/609
f 1015/2440/610 1016/2439/610 1014/2438/610 1013/2437/610
f 1014/2444/611 1009/2443/611 1010/2442/611 1013/2441/611
f 1015/2448/612 1012/2447/612 1011/2446/612 1016/2445/612
o cube
v 13.75 0.6875 7.125
v 13.75 0.6875 6.5
v 13.75 0.25 7.125
v 13.75 0.25 6.5
v 13.6875 0.6875 6.5
v 13.6875 0.6875 7.125
v 13.6875 0.25 6.5
v 13.6875 0.25 7.125
vt 0.5 0.9453125
vt 0.421875 0.9453125
vt 0.421875 0.890625
vt 0.5 0.890625
vt 0.5 1
vt 0.421875 1
vt 0.421875 0.9453125
vt 0.5 0.9453125
vn 1 0 0
vn -1 0 0
usemtl m_9b2412ed-2719-8a29-f0e3-ccf8f48565b6
f 1019/2452/613 1020/2451/613 1018/2450/613 1017/2449/613
f 1023/2456/614 1024/2455/614 1022/2454/614 1021/2453/614
o cube
v 7.5625 0.75 6.375
v 7.5625 0.75 6.3125
v 7.5625 0.5 6.375
v 7.5625 0.5 6.3125
v 7.5 0.75 6.3125
v 7.5 0.75 6.375
v 7.5 0.5 6.3125
v 7.5 0.5 6.375
vt 0.4765625 0.5703125
vt 0.484375 0.5703125
vt 0.484375 0.5390625
vt 0.4765625 0.5390625
vt 0.4765625 0.5390625
vt 0.484375 0.5390625
vt 0.484375 0.5078125
vt 0.4765625 0.5078125
vt 0.484375 0.5703125
vt 0.4921875 0.5703125
vt 0.4921875 0.5390625
vt 0.484375 0.5390625
vt 0.484375 0.5390625
vt 0.4921875 0.5390625
vt 0.4921875 0.5078125
vt 0.484375 0.5078125
vt 0.5 0.625
vt 0.4921875 0.625
vt 0.4921875 0.6328125
vt 0.5 0.6328125
vt 0.5 0.625
vt 0.4921875 0.625
vt 0.4921875 0.6171875
vt 0.5 0.6171875
vn 0 0 -1
vn 1 0 0
vn 0 0 1
vn -1 0 0
vn 0 1 0
vn 0 -1 0
usemtl m_5ea6eab3-b86e-b00c-9b47-9df2cfaf2fbd
f 1028/2460/615 1031/2459/615 1029/2458/615 1026/2457/615
f 1027/2464/616 1028/2463/616 1026/2462/616 1025/2461/616
f 1032/2468/617 1027/2467/617 1025/2466/617 1030/2465/617
f 1031/2472/618 1032/2471/618 1030/2470/618 1029/2469/618
f 1030/2476/619 1025/2475/619 1026/2474/619 1029/2473/619
f 1031/2480/620 1028/2479/620 1027/2478/620 1032/2477/620
o cube
v 7.625 0.9375 6.4375
v 7.625 0.9375 6.375
v 7.625 0.3125 6.4375
v 7.625 0.3125 6.375
v 6.875 0.9375 6.375
v 6.875 0.9375 6.4375
v 6.875 0.3125 6.375
v 6.875 0.3125 6.4375
vt 0.375 0.703125
vt 0.46875 0.703125
vt 0.46875 0.625
vt 0.375 0.625
vt 0.28125 0.5234375
vt 0.2890625 0.5234375
vt 0.2890625 0.4453125
vt 0.28125 0.4453125
vt 0.375 0.625
vt 0.46875 0.625
vt 0.46875 0.546875
vt 0.375 0.546875
vt 0.2890625 0.5234375
vt 0.296875 0.5234375
vt 0.296875 0.4453125
vt 0.2890625 0.4453125
vt 0.375 0.5234375
vt 0.28125 0.5234375
vt 0.28125 0.53125
vt 0.375 0.53125
vt 0.5625 0.65625
vt 0.46875 0.65625
vt 0.46875 0.6484375
vt 0.5625 0.6484375
vn 0 0 -1
vn 1 0 0
vn 0 0 1
vn -1 0 0
vn 0 1 0
vn 0 -1 0
usemtl m_5ea6eab3-b86e-b00c-9b47-9df2cfaf2fbd
f 1036/2484/621 1039/2483/621 1037/2482/621 1034/2481/621
f 1035/2488/622 1036/2487/622 1034/2486/622 1033/2485/622
f 1040/2492/623 1035/2491/623 1033/2490/623 1038/2489/623
f 1039/2496/624 1040/2495/624 1038/2494/624 1037/2493/624
f 1038/2500/625 1033/2499/625 1034/2498/625 1037/2497/625
f 1039/2504/626 1036/2503/626 1035/2502/626 1040/2501/626
o cube
v 8.4375 0.9375 6.4375
v 8.4375 0.9375 6.375
v 8.4375 0.3125 6.4375
v 8.4375 0.3125 6.375
v 7.6875 0.9375 6.375
v 7.6875 0.9375 6.4375
v 7.6875 0.3125 6.375
v 7.6875 0.3125 6.4375
vt 0.1875 0.609375
vt 0.28125 0.609375
vt 0.28125 0.53125
vt 0.1875 0.53125
vt 0.296875 0.5234375
vt 0.3046875 0.5234375
vt 0.3046875 0.4453125
vt 0.296875 0.4453125
vt 0.28125 0.609375
vt 0.375 0.609375
vt 0.375 0.53125
vt 0.28125 0.53125
vt 0.3046875 0.5234375
vt 0.3125 0.5234375
vt 0.3125 0.4453125
vt 0.3046875 0.4453125
vt 0.5625 0.640625
vt 0.46875 0.640625
vt 0.46875 0.6484375
vt 0.5625 0.6484375
vt 0.5625 0.640625
vt 0.46875 0.640625
vt 0.46875 0.6328125
vt 0.5625 0.6328125
vn 0 0 -1
vn 1 0 0
vn 0 0 1
vn -1 0 0
vn 0 1 0
vn 0 -1 0
usemtl m_5ea6eab3-b86e-b00c-9b47-9df2cfaf2fbd
f 1044/2508/627 1047/2507/627 1045/2506/627 1042/2505/627
f 1043/2512/628 1044/2511/628 1042/2510/628 1041/2509/628
f 1048/2516/629 1043/2515/629 1041/2514/629 1046/2513/629
f 1047/2520/630 1048/2519/630 1046/2518/630 1045/2517/630
f 1046/2524/631 1041/2523/631 1042/2522/631 1045/2521/631
f 1047/2528/632 1044/2527/632 1043/2526/632 1048/2525/632
o cube
v 7.875 0.75 6.375
v 7.875 0.75 6.3125
v 7.875 0.5 6.375
v 7.875 0.5 6.3125
v 7.8125 0.75 6.3125
v 7.8125 0.75 6.375
v 7.8125 0.5 6.3125
v 7.8125 0.5 6.375
vt 0.3125 0.5078125
vt 0.3203125 0.5078125
vt 0.3203125 0.4765625
vt 0.3125 0.4765625
vt 0.3203125 0.5078125
vt 0.328125 0.5078125
vt 0.328125 0.4765625
vt 0.3203125 0.4765625
vt 0.328125 0.5078125
vt 0.3359375 0.5078125
vt 0.3359375 0.4765625
vt 0.328125 0.4765625
vt 0.3359375 0.5078125
vt 0.34375 0.5078125
vt 0.34375 0.4765625
vt 0.3359375 0.4765625
vt 0.5 0.609375
vt 0.4921875 0.609375
vt 0.4921875 0.6171875
vt 0.5 0.6171875
vt 0.5 0.609375
vt 0.4921875 0.609375
vt 0.4921875 0.6015625
vt 0.5 0.6015625
vn 0 0 -1
vn 1 0 0
vn 0 0 1
vn -1 0 0
vn 0 1 0
vn 0 -1 0
usemtl m_5ea6eab3-b86e-b00c-9b47-9df2cfaf2fbd
f 1052/2532/633 1055/2531/633 1053/2530/633 1050/2529/633
f 1051/2536/634 1052/2535/634 1050/2534/634 1049/2533/634
f 1056/2540/635 1051/2539/635 1049/2538/635 1054/2537/635
f 1055/2544/636 1056/2543/636 1054/2542/636 1053/2541/636
f 1054/2548/637 1049/2547/637 1050/2546/637 1053/2545/637
f 1055/2552/638 1052/2551/638 1051/2550/638 1056/2549/638
o cube
v 8.4375 1.0625 7.25
v 8.4375 1.0625 7.125
v 8.4375 0.9375 7.25
v 8.4375 0.9375 7.125
v 6.9375 1.0625 7.125
v 6.9375 1.0625 7.25
v 6.9375 0.9375 7.125
v 6.9375 0.9375 7.25
vt 0.40625 0.71875
vt 0.59375 0.71875
vt 0.59375 0.703125
vt 0.40625 0.703125
vt 0.1875 0.75
vt 0.203125 0.75
vt 0.203125 0.734375
vt 0.1875 0.734375
vt 0 0.578125
vt 0.1875 0.578125
vt 0.1875 0.5625
vt 0 0.5625
vt 0.203125 0.75
vt 0.21875 0.75
vt 0.21875 0.734375
vt 0.203125 0.734375
vt 0.609375 0.984375
vt 0.421875 0.984375
vt 0.421875 1
vt 0.609375 1
vt 0.609375 0.984375
vt 0.421875 0.984375
vt 0.421875 0.96875
vt 0.609375 0.96875
vn 0 0 -1
vn 1 0 0
vn 0 0 1
vn -1 0 0
vn 0 1 0
vn 0 -1 0
usemtl m_5ea6eab3-b86e-b00c-9b47-9df2cfaf2fbd
f 1060/2556/639 1063/2555/639 1061/2554/639 1058/2553/639
f 1059/2560/640 1060/2559/640 1058/2558/640 1057/2557/640
f 1064/2564/641 1059/2563/641 1057/2562/641 1062/2561/641
f 1063/2568/642 1064/2567/642 1062/2566/642 1061/2565/642
f 1062/2572/643 1057/2571/643 1058/2570/643 1061/2569/643
f 1063/2576/644 1060/2575/644 1059/2574/644 1064/2573/644
o cube
v 6.940625 1.065625 7.253125
v 6.940625 1.065625 7.121875
v 6.940625 -0.003124999999999989 7.253125
v 6.940625 -0.003124999999999989 7.121875
v 6.809375 1.065625 7.121875
v 6.809375 1.065625 7.253125
v 6.809375 -0.003124999999999989 7.121875
v 6.809375 -0.003124999999999989 7.253125
vt 0 0.5625
vt 0.015625 0.5625
vt 0.015625 0.4296875
vt 0 0.4296875
vt 0.015625 0.5625
vt 0.03125 0.5625
vt 0.03125 0.4296875
vt 0.015625 0.4296875
vt 0.03125 0.5625
vt 0.046875 0.5625
vt 0.046875 0.4296875
vt 0.03125 0.4296875
vt 0.046875 0.5625
vt 0.0625 0.5625
vt 0.0625 0.4296875
vt 0.046875 0.4296875
vt 0.203125 0.703125
vt 0.1875 0.703125
vt 0.1875 0.71875
vt 0.203125 0.71875
vt 0.21875 0.71875
vt 0.203125 0.71875
vt 0.203125 0.703125
vt 0.21875 0.703125
vn 0 0 -1
vn 1 0 0
vn 0 0 1
vn -1 0 0
vn 0 1 0
vn 0 -1 0
usemtl m_5ea6eab3-b86e-b00c-9b47-9df2cfaf2fbd
f 1068/2580/645 1071/2579/645 1069/2578/645 1066/2577/645
f 1067/2584/646 1068/2583/646 1066/2582/646 1065/2581/646
f 1072/2588/647 1067/2587/647 1065/2586/647 1070/2585/647
f 1071/2592/648 1072/2591/648 1070/2590/648 1069/2589/648
f 1070/2596/649 1065/2595/649 1066/2594/649 1069/2593/649
f 1071/2600/650 1068/2599/650 1067/2598/650 1072/2597/650
o cube
v 6.940625 1.065625 6.503125
v 6.940625 1.065625 6.371875
v 6.940625 -0.003124999999999989 6.503125
v 6.940625 -0.003124999999999989 6.371875
v 6.809375 1.065625 6.371875
v 6.809375 1.065625 6.503125
v 6.809375 -0.003124999999999989 6.371875
v 6.809375 -0.003124999999999989 6.503125
vt 0.0625 0.5625
vt 0.078125 0.5625
vt 0.078125 0.4296875
vt 0.0625 0.4296875
vt 0.078125 0.5625
vt 0.09375 0.5625
vt 0.09375 0.4296875
vt 0.078125 0.4296875
vt 0.09375 0.5625
vt 0.109375 0.5625
vt 0.109375 0.4296875
vt 0.09375 0.4296875
vt 0.109375 0.5625
vt 0.125 0.5625
vt 0.125 0.4296875
vt 0.109375 0.4296875
vt 0.328125 0.5078125
vt 0.3125 0.5078125
vt 0.3125 0.5234375
vt 0.328125 0.5234375
vt 0.34375 0.5234375
vt 0.328125 0.5234375
vt 0.328125 0.5078125
vt 0.34375 0.5078125
vn 0 0 -1
vn 1 0 0
vn 0 0 1
vn -1 0 0
vn 0 1 0
vn 0 -1 0
usemtl m_5ea6eab3-b86e-b00c-9b47-9df2cfaf2fbd
f 1076/2604/651 1079/2603/651 1077/2602/651 1074/2601/651
f 1075/2608/652 1076/2607/652 1074/2606/652 1073/2605/652
f 1080/2612/653 1075/2611/653 1073/2610/653 1078/2609/653
f 1079/2616/654 1080/2615/654 1078/2614/654 1077/2613/654
f 1078/2620/655 1073/2619/655 1074/2618/655 1077/2617/655
f 1079/2624/656 1076/2623/656 1075/2622/656 1080/2621/656
o cube
v 8.565625 1.065625 6.503125
v 8.565625 1.065625 6.371875
v 8.565625 -0.003124999999999989 6.503125
v 8.565625 -0.003124999999999989 6.371875
v 8.434375 1.065625 6.371875
v 8.434375 1.065625 6.503125
v 8.434375 -0.003124999999999989 6.371875
v 8.434375 -0.003124999999999989 6.503125
vt 0.375 0.546875
vt 0.390625 0.546875
vt 0.390625 0.4140625
vt 0.375 0.4140625
vt 0.390625 0.546875
vt 0.40625 0.546875
vt 0.40625 0.4140625
vt 0.390625 0.4140625
vt 0.40625 0.546875
vt 0.421875 0.546875
vt 0.421875 0.4140625
vt 0.40625 0.4140625
vt 0.421875 0.546875
vt 0.4375 0.546875
vt 0.4375 0.4140625
vt 0.421875 0.4140625
vt 0.4921875 0.6171875
vt 0.4765625 0.6171875
vt 0.4765625 0.6328125
vt 0.4921875 0.6328125
vt 0.4921875 0.6171875
vt 0.4765625 0.6171875
vt 0.4765625 0.6015625
vt 0.4921875 0.6015625
vn 0 0 -1
vn 1 0 0
vn 0 0 1
vn -1 0 0
vn 0 1 0
vn 0 -1 0
usemtl m_5ea6eab3-b86e-b00c-9b47-9df2cfaf2fbd
f 1084/2628/657 1087/2627/657 1085/2626/657 1082/2625/657
f 1083/2632/658 1084/2631/658 1082/2630/658 1081/2629/658
f 1088/2636/659 1083/2635/659 1081/2634/659 1086/2633/659
f 1087/2640/660 1088/2639/660 1086/2638/660 1085/2637/660
f 1086/2644/661 1081/2643/661 1082/2642/661 1085/2641/661
f 1087/2648/662 1084/2647/662 1083/2646/662 1088/2645/662
o cube
v 8.565625 1.065625 7.253125
v 8.565625 1.065625 7.121875
v 8.565625 -0.003124999999999989 7.253125
v 8.565625 -0.003124999999999989 7.121875
v 8.434375 1.065625 7.121875
v 8.434375 1.065625 7.253125
v 8.434375 -0.003124999999999989 7.121875
v 8.434375 -0.003124999999999989 7.253125
vt 0.4375 0.546875
vt 0.453125 0.546875
vt 0.453125 0.4140625
vt 0.4375 0.4140625
vt 0.453125 0.546875
vt 0.46875 0.546875
vt 0.46875 0.4140625
vt 0.453125 0.4140625
vt 0.1875 0.53125
vt 0.203125 0.53125
vt 0.203125 0.3984375
vt 0.1875 0.3984375
vt 0.203125 0.53125
vt 0.21875 0.53125
vt 0.21875 0.3984375
vt 0.203125 0.3984375
vt 0.4921875 0.5859375
vt 0.4765625 0.5859375
vt 0.4765625 0.6015625
vt 0.4921875 0.6015625
vt 0.4921875 0.5859375
vt 0.4765625 0.5859375
vt 0.4765625 0.5703125
vt 0.4921875 0.5703125
vn 0 0 -1
vn 1 0 0
vn 0 0 1
vn -1 0 0
vn 0 1 0
vn 0 -1 0
usemtl m_5ea6eab3-b86e-b00c-9b47-9df2cfaf2fbd
f 1092/2652/663 1095/2651/663 1093/2650/663 1090/2649/663
f 1091/2656/664 1092/2655/664 1090/2654/664 1089/2653/664
f 1096/2660/665 1091/2659/665 1089/2658/665 1094/2657/665
f 1095/2664/666 1096/2663/666 1094/2662/666 1093/2661/666
f 1094/2668/667 1089/2667/667 1090/2666/667 1093/2665/667
f 1095/2672/668 1092/2671/668 1091/2670/668 1096/2669/668
o cube
v 8.4375 1.0625 6.5
v 8.4375 1.0625 6.375
v 8.4375 0.9375 6.5
v 8.4375 0.9375 6.375
v 6.9375 1.0625 6.375
v 6.9375 1.0625 6.5
v 6.9375 0.9375 6.375
v 6.9375 0.9375 6.5
vt 0.421875 0.96875
vt 0.609375 0.96875
vt 0.609375 0.953125
vt 0.421875 0.953125
vt 0.1875 0.734375
vt 0.203125 0.734375
vt 0.203125 0.71875
vt 0.1875 0.71875
vt 0.421875 0.953125
vt 0.609375 0.953125
vt 0.609375 0.9375
vt 0.421875 0.9375
vt 0.203125 0.734375
vt 0.21875 0.734375
vt 0.21875 0.71875
vt 0.203125 0.71875
vt 0.609375 0.921875
vt 0.421875 0.921875
vt 0.421875 0.9375
vt 0.609375 0.9375
vt 0.609375 0.921875
vt 0.421875 0.921875
vt 0.421875 0.90625
vt 0.609375 0.90625
vn 0 0 -1
vn 1 0 0
vn 0 0 1
vn -1 0 0
vn 0 1 0
vn 0 -1 0
usemtl m_5ea6eab3-b86e-b00c-9b47-9df2cfaf2fbd
f 1100/2676/669 1103/2675/669 1101/2674/669 1098/2673/669
f 1099/2680/670 1100/2679/670 1098/2678/670 1097/2677/670
f 1104/2684/671 1099/2683/671 1097/2682/671 1102/2681/671
f 1103/2688/672 1104/2687/672 1102/2686/672 1101/2685/672
f 1102/2692/673 1097/2691/673 1098/2690/673 1101/2689/673
f 1103/2696/674 1100/2695/674 1099/2694/674 1104/2693/674
o cube
v 8.4375 0.1875 7.1875
v 8.4375 0.1875 7.125
v 8.4375 0.0625 7.1875
v 8.4375 0.0625 7.125
v 6.9375 0.1875 7.125
v 6.9375 0.1875 7.1875
v 6.9375 0.0625 7.125
v 6.9375 0.0625 7.1875
vt 0.421875 0.875
vt 0.609375 0.875
vt 0.609375 0.859375
vt 0.421875 0.859375
vt 0.359375 0.5078125
vt 0.3671875 0.5078125
vt 0.3671875 0.4921875
vt 0.359375 0.4921875
vt 0.421875 0.859375
vt 0.609375 0.859375
vt 0.609375 0.84375
vt 0.421875 0.84375
vt 0.3671875 0.5078125
vt 0.375 0.5078125
vt 0.375 0.4921875
vt 0.3671875 0.4921875
vt 0.65625 0.6796875
vt 0.46875 0.6796875
vt 0.46875 0.6875
vt 0.65625 0.6875
vt 0.65625 0.6796875
vt 0.46875 0.6796875
vt 0.46875 0.671875
vt 0.65625 0.671875
vn 0 0 -1
vn 1 0 0
vn 0 0 1
vn -1 0 0
vn 0 1 0
vn 0 -1 0
usemtl m_5ea6eab3-b86e-b00c-9b47-9df2cfaf2fbd
f 1108/2700/675 1111/2699/675 1109/2698/675 1106/2697/675
f 1107/2704/676 1108/2703/676 1106/2702/676 1105/2701/676
f 1112/2708/677 1107/2707/677 1105/2706/677 1110/2705/677
f 1111/2712/678 1112/2711/678 1110/2710/678 1109/2709/678
f 1110/2716/679 1105/2715/679 1106/2714/679 1109/2713/679
f 1111/2720/680 1108/2719/680 1107/2718/680 1112/2717/680
o cube
v 8.4375 0.1875 6.5
v 8.4375 0.1875 6.4375
v 8.4375 0.0625 6.5
v 8.4375 0.0625 6.4375
v 6.9375 0.1875 6.4375
v 6.9375 0.1875 6.5
v 6.9375 0.0625 6.4375
v 6.9375 0.0625 6.5
vt 0.421875 0.90625
vt 0.609375 0.90625
vt 0.609375 0.890625
vt 0.421875 0.890625
vt 0.34375 0.5078125
vt 0.3515625 0.5078125
vt 0.3515625 0.4921875
vt 0.34375 0.4921875
vt 0.421875 0.890625
vt 0.609375 0.890625
vt 0.609375 0.875
vt 0.421875 0.875
vt 0.3515625 0.5078125
vt 0.359375 0.5078125
vt 0.359375 0.4921875
vt 0.3515625 0.4921875
vt 0.65625 0.6953125
vt 0.46875 0.6953125
vt 0.46875 0.703125
vt 0.65625 0.703125
vt 0.65625 0.6953125
vt 0.46875 0.6953125
vt 0.46875 0.6875
vt 0.65625 0.6875
vn 0 0 -1
vn 1 0 0
vn 0 0 1
vn -1 0 0
vn 0 1 0
vn 0 -1 0
usemtl m_5ea6eab3-b86e-b00c-9b47-9df2cfaf2fbd
f 1116/2724/681 1119/2723/681 1117/2722/681 1114/2721/681
f 1115/2728/682 1116/2727/682 1114/2726/682 1113/2725/682
f 1120/2732/683 1115/2731/683 1113/2730/683 1118/2729/683
f 1119/2736/684 1120/2735/684 1118/2734/684 1117/2733/684
f 1118/2740/685 1113/2739/685 1114/2738/685 1117/2737/685
f 1119/2744/686 1116/2743/686 1115/2742/686 1120/2741/686
o cube
v 8.5640625 1.1890625 7.3140625
v 8.5640625 1.1890625 6.3109375
v 8.5640625 1.0609375 7.3140625
v 8.5640625 1.0609375 6.3109375
v 6.8109375 1.1890625 6.3109375
v 6.8109375 1.1890625 7.3140625
v 6.8109375 1.0609375 6.3109375
v 6.8109375 1.0609375 7.3140625
vt 0.40625 0.78125
vt 0.625 0.78125
vt 0.625 0.765625
vt 0.40625 0.765625
vt 0.421875 0.84375
vt 0.546875 0.84375
vt 0.546875 0.828125
vt 0.421875 0.828125
vt 0.40625 0.765625
vt 0.625 0.765625
vt 0.625 0.75
vt 0.40625 0.75
vt 0.421875 0.828125
vt 0.546875 0.828125
vt 0.546875 0.8125
vt 0.421875 0.8125
vt 0.21875 0.875
vt 0 0.875
vt 0 1
vt 0.21875 1
vt 0.21875 0.875
vt 0 0.875
vt 0 0.75
vt 0.21875 0.75
vn 0 0 -1
vn 1 0 0
vn 0 0 1
vn -1 0 0
vn 0 1 0
vn 0 -1 0
usemtl m_5ea6eab3-b86e-b00c-9b47-9df2cfaf2fbd
f 1124/2748/687 1127/2747/687 1125/2746/687 1122/2745/687
f 1123/2752/688 1124/2751/688 1122/2750/688 1121/2749/688
f 1128/2756/689 1123/2755/689 1121/2754/689 1126/2753/689
f 1127/2760/690 1128/2759/690 1126/2758/690 1125/2757/690
f 1126/2764/691 1121/2763/691 1122/2762/691 1125/2761/691
f 1127/2768/692 1124/2767/692 1123/2766/692 1128/2765/692
o cube
v 8.5 0.3125 7.25
v 8.5 0.3125 6.375
v 8.5 0.1875 7.25
v 8.5 0.1875 6.375
v 6.875 0.3125 6.375
v 6.875 0.3125 7.25
v 6.875 0.1875 6.375
v 6.875 0.1875 7.25
vt 0.40625 0.75
vt 0.609375 0.75
vt 0.609375 0.734375
vt 0.40625 0.734375
vt 0.421875 0.8125
vt 0.53125 0.8125
vt 0.53125 0.796875
vt 0.421875 0.796875
vt 0.40625 0.734375
vt 0.609375 0.734375
vt 0.609375 0.71875
vt 0.40625 0.71875
vt 0.421875 0.796875
vt 0.53125 0.796875
vt 0.53125 0.78125
vt 0.421875 0.78125
vt 0.421875 0.890625
vt 0.21875 0.890625
vt 0.21875 1
vt 0.421875 1
vt 0.421875 0.890625
vt 0.21875 0.890625
vt 0.21875 0.78125
vt 0.421875 0.78125
vn 0 0 -1
vn 1 0 0
vn 0 0 1
vn -1 0 0
vn 0 1 0
vn 0 -1 0
usemtl m_5ea6eab3-b86e-b00c-9b47-9df2cfaf2fbd
f 1132/2772/693 1135/2771/693 1133/2770/693 1130/2769/693
f 1131/2776/694 1132/2775/694 1130/2774/694 1129/2773/694
f 1136/2780/695 1131/2779/695 1129/2778/695 1134/2777/695
f 1135/2784/696 1136/2783/696 1134/2782/696 1133/2781/696
f 1134/2788/697 1129/2787/697 1130/2786/697 1133/2785/697
f 1135/2792/698 1132/2791/698 1131/2790/698 1136/2789/698
o cube
v 6.9375 1.0625 7.1875
v 6.9375 1.0625 6.4375
v 6.9375 0.3125 7.1875
v 6.9375 0.3125 6.4375
v 6.875 1.0625 6.4375
v 6.875 1.0625 7.1875
v 6.875 0.3125 6.4375
v 6.875 0.3125 7.1875
vt 0.21875 0.53125
vt 0.2265625 0.53125
vt 0.2265625 0.4375
vt 0.21875 0.4375
vt 0.1875 0.703125
vt 0.28125 0.703125
vt 0.28125 0.609375
vt 0.1875 0.609375
vt 0.2265625 0.53125
vt 0.234375 0.53125
vt 0.234375 0.4375
vt 0.2265625 0.4375
vt 0.28125 0.703125
vt 0.375 0.703125
vt 0.375 0.609375
vt 0.28125 0.609375
vt 0.2421875 0.4375
vt 0.234375 0.4375
vt 0.234375 0.53125
vt 0.2421875 0.53125
vt 0.25 0.53125
vt 0.2421875 0.53125
vt 0.2421875 0.4375
vt 0.25 0.4375
vn 0 0 -1
vn 1 0 0
vn 0 0 1
vn -1 0 0
vn 0 1 0
vn 0 -1 0
usemtl m_5ea6eab3-b86e-b00c-9b47-9df2cfaf2fbd
f 1140/2796/699 1143/2795/699 1141/2794/699 1138/2793/699
f 1139/2800/700 1140/2799/700 1138/2798/700 1137/2797/700
f 1144/2804/701 1139/2803/701 1137/2802/701 1142/2801/701
f 1143/2808/702 1144/2807/702 1142/2806/702 1141/2805/702
f 1142/2812/703 1137/2811/703 1138/2810/703 1141/2809/703
f 1143/2816/704 1140/2815/704 1139/2814/704 1144/2813/704
o cube
v 8.5 1.0625 7.1875
v 8.5 1.0625 6.4375
v 8.5 0.3125 7.1875
v 8.5 0.3125 6.4375
v 8.4375 1.0625 6.4375
v 8.4375 1.0625 7.1875
v 8.4375 0.3125 6.4375
v 8.4375 0.3125 7.1875
vt 0.25 0.53125
vt 0.2578125 0.53125
vt 0.2578125 0.4375
vt 0.25 0.4375
vt 0 0.671875
vt 0.09375 0.671875
vt 0.09375 0.578125
vt 0 0.578125
vt 0.2578125 0.53125
vt 0.265625 0.53125
vt 0.265625 0.4375
vt 0.2578125 0.4375
vt 0.09375 0.671875
vt 0.1875 0.671875
vt 0.1875 0.578125
vt 0.09375 0.578125
vt 0.2734375 0.4375
vt 0.265625 0.4375
vt 0.265625 0.53125
vt 0.2734375 0.53125
vt 0.28125 0.53125
vt 0.2734375 0.53125
vt 0.2734375 0.4375
vt 0.28125 0.4375
vn 0 0 -1
vn 1 0 0
vn 0 0 1
vn -1 0 0
vn 0 1 0
vn 0 -1 0
usemtl m_5ea6eab3-b86e-b00c-9b47-9df2cfaf2fbd
f 1148/2820/705 1151/2819/705 1149/2818/705 1146/2817/705
f 1147/2824/706 1148/2823/706 1146/2822/706 1145/2821/706
f 1152/2828/707 1147/2827/707 1145/2826/707 1150/2825/707
f 1151/2832/708 1152/2831/708 1150/2830/708 1149/2829/708
f 1150/2836/709 1145/2835/709 1146/2834/709 1149/2833/709
f 1151/2840/710 1148/2839/710 1147/2838/710 1152/2837/710
o cube
v 8.4375 0.9375 7.25
v 8.4375 0.9375 7.1875
v 8.4375 0.3125 7.25
v 8.4375 0.3125 7.1875
v 6.9375 0.9375 7.1875
v 6.9375 0.9375 7.25
v 6.9375 0.3125 7.1875
v 6.9375 0.3125 7.25
vt 0.21875 0.78125
vt 0.40625 0.78125
vt 0.40625 0.703125
vt 0.21875 0.703125
vt 0.46875 0.6328125
vt 0.4765625 0.6328125
vt 0.4765625 0.5546875
vt 0.46875 0.5546875
vt 0 0.75
vt 0.1875 0.75
vt 0.1875 0.671875
vt 0 0.671875
vt 0.46875 0.5546875
vt 0.4765625 0.5546875
vt 0.4765625 0.4765625
vt 0.46875 0.4765625
vt 0.65625 0.6640625
vt 0.46875 0.6640625
vt 0.46875 0.671875
vt 0.65625 0.671875
vt 0.65625 0.6640625
vt 0.46875 0.6640625
vt 0.46875 0.65625
vt 0.65625 0.65625
vn 0 0 -1
vn 1 0 0
vn 0 0 1
vn -1 0 0
vn 0 1 0
vn 0 -1 0
usemtl m_5ea6eab3-b86e-b00c-9b47-9df2cfaf2fbd
f 1156/2844/711 1159/2843/711 1157/2842/711 1154/2841/711
f 1155/2848/712 1156/2847/712 1154/2846/712 1153/2845/712
f 1160/2852/713 1155/2851/713 1153/2850/713 1158/2849/713
f 1159/2856/714 1160/2855/714 1158/2854/714 1157/2853/714
f 1158/2860/715 1153/2859/715 1154/2858/715 1157/2857/715
f 1159/2864/716 1156/2863/716 1155/2862/716 1160/2861/716
o cube
v 7.753125000000001 1.065625 6.503125
v 7.753125000000001 1.065625 6.371875
v 7.753125000000001 -0.003124999999999989 6.503125
v 7.753125000000001 -0.003124999999999989 6.371875
v 7.621874999999999 1.065625 6.371875
v 7.621874999999999 1.065625 6.503125
v 7.621874999999999 -0.003124999999999989 6.371875
v 7.621874999999999 -0.003124999999999989 6.503125
vt 0.125 0.5625
vt 0.140625 0.5625
vt 0.140625 0.4296875
vt 0.125 0.4296875
vt 0.140625 0.5625
vt 0.15625 0.5625
vt 0.15625 0.4296875
vt 0.140625 0.4296875
vt 0.15625 0.5625
vt 0.171875 0.5625
vt 0.171875 0.4296875
vt 0.15625 0.4296875
vt 0.171875 0.5625
vt 0.1875 0.5625
vt 0.1875 0.4296875
vt 0.171875 0.4296875
vt 0.359375 0.5078125
vt 0.34375 0.5078125
vt 0.34375 0.5234375
vt 0.359375 0.5234375
vt 0.375 0.5234375
vt 0.359375 0.5234375
vt 0.359375 0.5078125
vt 0.375 0.5078125
vn 0 0 -1
vn 1 0 0
vn 0 0 1
vn -1 0 0
vn 0 1 0
vn 0 -1 0
usemtl m_5ea6eab3-b86e-b00c-9b47-9df2cfaf2fbd
f 1164/2868/717 1167/2867/717 1165/2866/717 1162/2865/717
f 1163/2872/718 1164/2871/718 1162/2870/718 1161/2869/718
f 1168/2876/719 1163/2875/719 1161/2874/719 1166/2873/719
f 1167/2880/720 1168/2879/720 1166/2878/720 1165/2877/720
f 1166/2884/721 1161/2883/721 1162/2882/721 1165/2881/721
f 1167/2888/722 1164/2887/722 1163/2886/722 1168/2885/722
o cube
v 5.9390625 1.1890625 7.3140625
v 5.9390625 1.1890625 6.3109375
v 5.9390625 1.0609375 7.3140625
v 5.9390625 1.0609375 6.3109375
v 4.1859375 1.1890625 6.3109375
v 4.1859375 1.1890625 7.3140625
v 4.1859375 1.0609375 6.3109375
v 4.1859375 1.0609375 7.3140625
vt 0.4375 0.671875
vt 0.65625 0.671875
vt 0.65625 0.65625
vt 0.4375 0.65625
vt 0.4375 0.578125
vt 0.5625 0.578125
vt 0.5625 0.5625
vt 0.4375 0.5625
vt 0.4375 0.65625
vt 0.65625 0.65625
vt 0.65625 0.640625
vt 0.4375 0.640625
vt 0.4375 0.5625
vt 0.5625 0.5625
vt 0.5625 0.546875
vt 0.4375 0.546875
vt 0.21875 0.875
vt 0 0.875
vt 0 1
vt 0.21875 1
vt 0.21875 0.875
vt 0 0.875
vt 0 0.75
vt 0.21875 0.75
vn 0 0 -1
vn 1 0 0
vn 0 0 1
vn -1 0 0
vn 0 1 0
vn 0 -1 0
usemtl m_5118c3d7-23f0-0dd4-ef77-83aabe9bb36d
f 1172/2892/723 1175/2891/723 1173/2890/723 1170/2889/723
f 1171/2896/724 1172/2895/724 1170/2894/724 1169/2893/724
f 1176/2900/725 1171/2899/725 1169/2898/725 1174/2897/725
f 1175/2904/726 1176/2903/726 1174/2902/726 1173/2901/726
f 1174/2908/727 1169/2907/727 1170/2906/727 1173/2905/727
f 1175/2912/728 1172/2911/728 1171/2910/728 1176/2909/728
o cube
v 5.9375 0.5625 7.1875
v 5.9375 0.5625 6.4375
v 5.9375 0.4375 7.1875
v 5.9375 0.4375 6.4375
v 4.1875 0.5625 6.4375
v 4.1875 0.5625 7.1875
v 4.1875 0.4375 6.4375
v 4.1875 0.4375 7.1875
vt 0.328125 0.5390625
vt 0.421875 0.5390625
vt 0.421875 0.5234375
vt 0.328125 0.5234375
vt 0.421875 0.53125
vt 0.515625 0.53125
vt 0.515625 0.515625
vt 0.421875 0.515625
vt 0.4375 0.6875
vt 0.21875 0.6875
vt 0.21875 0.78125
vt 0.4375 0.78125
vt 0.21875 0.75
vt 0 0.75
vt 0 0.65625
vt 0.21875 0.65625
vn 1 0 0
vn -1 0 0
vn 0 1 0
vn 0 -1 0
usemtl m_5118c3d7-23f0-0dd4-ef77-83aabe9bb36d
f 1179/2916/729 1180/2915/729 1178/2914/729 1177/2913/729
f 1183/2920/730 1184/2919/730 1182/2918/730 1181/2917/730
f 1182/2924/731 1177/2923/731 1178/2922/731 1181/2921/731
f 1183/2928/732 1180/2927/732 1179/2926/732 1184/2925/732
o cube
v 5.9390625 1.0640625 7.3140625
v 5.9390625 1.0640625 7.1859375
v 5.9390625 0.4359375 7.3140625
v 5.9390625 0.4359375 7.1859375
v 4.1859375 1.0640625 7.1859375
v 4.1859375 1.0640625 7.3140625
v 4.1859375 0.4359375 7.1859375
v 4.1859375 0.4359375 7.3140625
vt 0.21875 0.6875
vt 0.4375 0.6875
vt 0.4375 0.609375
vt 0.21875 0.609375
vt 0.21875 0.5234375
vt 0.234375 0.5234375
vt 0.234375 0.4453125
vt 0.21875 0.4453125
vt 0 0.65625
vt 0.21875 0.65625
vt 0.21875 0.578125
vt 0 0.578125
vt 0.234375 0.5234375
vt 0.25 0.5234375
vt 0.25 0.4453125
vt 0.234375 0.4453125
vt 0.65625 0.640625
vt 0.4375 0.640625
vt 0.4375 0.625
vt 0.65625 0.625
vn 0 0 -1
vn 1 0 0
vn 0 0 1
vn -1 0 0
vn 0 -1 0
usemtl m_5118c3d7-23f0-0dd4-ef77-83aabe9bb36d
f 1188/2932/733 1191/2931/733 1189/2930/733 1186/2929/733
f 1187/2936/734 1188/2935/734 1186/2934/734 1185/2933/734
f 1192/2940/735 1187/2939/735 1185/2938/735 1190/2937/735
f 1191/2944/736 1192/2943/736 1190/2942/736 1189/2941/736
f 1191/2948/737 1188/2947/737 1187/2946/737 1192/2945/737
o cube
v 5.9390625 0.5640624999999999 6.4390625
v 5.9390625 0.5640624999999999 6.3109375
v 5.9390625 -0.0015625000000000222 6.4390625
v 5.9390625 -0.0015625000000000222 6.3109375
v 4.1859375 0.5640624999999999 6.3109375
v 4.1859375 0.5640624999999999 6.4390625
v 4.1859375 -0.0015625000000000222 6.3109375
v 4.1859375 -0.0015625000000000222 6.4390625
vt 0.21875 0.609375
vt 0.4375 0.609375
vt 0.4375 0.5390625
vt 0.21875 0.5390625
vt 0.25 0.5234375
vt 0.265625 0.5234375
vt 0.265625 0.453125
vt 0.25 0.453125
vt 0 0.578125
vt 0.21875 0.578125
vt 0.21875 0.5078125
vt 0 0.5078125
vt 0.265625 0.5234375
vt 0.28125 0.5234375
vt 0.28125 0.453125
vt 0.265625 0.453125
vt 0.65625 0.609375
vt 0.4375 0.609375
vt 0.4375 0.625
vt 0.65625 0.625
vt 0.65625 0.609375
vt 0.4375 0.609375
vt 0.4375 0.59375
vt 0.65625 0.59375
vn 0 0 -1
vn 1 0 0
vn 0 0 1
vn -1 0 0
vn 0 1 0
vn 0 -1 0
usemtl m_5118c3d7-23f0-0dd4-ef77-83aabe9bb36d
f 1196/2952/738 1199/2951/738 1197/2950/738 1194/2949/738
f 1195/2956/739 1196/2955/739 1194/2954/739 1193/2953/739
f 1200/2960/740 1195/2959/740 1193/2958/740 1198/2957/740
f 1199/2964/741 1200/2963/741 1198/2962/741 1197/2961/741
f 1198/2968/742 1193/2967/742 1194/2966/742 1197/2965/742
f 1199/2972/743 1196/2971/743 1195/2970/743 1200/2969/743
o cube
v 5.9390625 0.12656250000000002 7.3140625
v 5.9390625 0.12656250000000002 6.4359375
v 5.9390625 -0.0015625000000000222 7.3140625
v 5.9390625 -0.0015625000000000222 6.4359375
v 4.1859375 0.12656250000000002 6.4359375
v 4.1859375 0.12656250000000002 7.3140625
v 4.1859375 -0.0015625000000000222 6.4359375
v 4.1859375 -0.0015625000000000222 7.3140625
vt 0.4375 0.546875
vt 0.546875 0.546875
vt 0.546875 0.53125
vt 0.4375 0.53125
vt 0.4375 0.59375
vt 0.65625 0.59375
vt 0.65625 0.578125
vt 0.4375 0.578125
vt 0.21875 0.5390625
vt 0.328125 0.5390625
vt 0.328125 0.5234375
vt 0.21875 0.5234375
vt 0.4375 0.890625
vt 0.21875 0.890625
vt 0.21875 1
vt 0.4375 1
vt 0.4375 0.890625
vt 0.21875 0.890625
vt 0.21875 0.78125
vt 0.4375 0.78125
vn 1 0 0
vn 0 0 1
vn -1 0 0
vn 0 1 0
vn 0 -1 0
usemtl m_5118c3d7-23f0-0dd4-ef77-83aabe9bb36d
f 1203/2976/744 1204/2975/744 1202/2974/744 1201/2973/744
f 1208/2980/745 1203/2979/745 1201/2978/745 1206/2977/745
f 1207/2984/746 1208/2983/746 1206/2982/746 1205/2981/746
f 1206/2988/747 1201/2987/747 1202/2986/747 1205/2985/747
f 1207/2992/748 1204/2991/748 1203/2990/748 1208/2989/748
o cube
v 5.875 0.4375 7.25
v 5.875 0.4375 7.1875
v 5.875 0.125 7.25
v 5.875 0.125 7.1875
v 4.25 0.4375 7.1875
v 4.25 0.4375 7.25
v 4.25 0.125 7.1875
v 4.25 0.125 7.25
vt 0.4375 1
vt 0.640625 1
vt 0.640625 0.9609375
vt 0.4375 0.9609375
vt 0.296875 0.5234375
vt 0.3046875 0.5234375
vt 0.3046875 0.484375
vt 0.296875 0.484375
vt 0.4375 0.9609375
vt 0.640625 0.9609375
vt 0.640625 0.921875
vt 0.4375 0.921875
vt 0.3046875 0.5234375
vt 0.3125 0.5234375
vt 0.3125 0.484375
vt 0.3046875 0.484375
vn 0 0 -1
vn 1 0 0
vn 0 0 1
vn -1 0 0
usemtl m_5118c3d7-23f0-0dd4-ef77-83aabe9bb36d
f 1212/2996/749 1215/2995/749 1213/2994/749 1210/2993/749
f 1211/3000/750 1212/2999/750 1210/2998/750 1209/2997/750
f 1216/3004/751 1211/3003/751 1209/3002/751 1214/3001/751
f 1215/3008/752 1216/3007/752 1214/3006/752 1213/3005/752
o cube
v 4.3125 1.0625 7.1875
v 4.3125 1.0625 6.375
v 4.3125 0.5625 7.1875
v 4.3125 0.5625 6.375
v 4.25 1.0625 6.375
v 4.25 1.0625 7.1875
v 4.25 0.5625 6.375
v 4.25 0.5625 7.1875
vt 0.28125 0.5234375
vt 0.2890625 0.5234375
vt 0.2890625 0.4609375
vt 0.28125 0.4609375
vt 0.4375 0.921875
vt 0.5390625 0.921875
vt 0.5390625 0.859375
vt 0.4375 0.859375
vt 0.4375 0.859375
vt 0.5390625 0.859375
vt 0.5390625 0.796875
vt 0.4375 0.796875
vn 0 0 -1
vn 1 0 0
vn -1 0 0
usemtl m_5118c3d7-23f0-0dd4-ef77-83aabe9bb36d
f 1220/3012/753 1223/3011/753 1221/3010/753 1218/3009/753
f 1219/3016/754 1220/3015/754 1218/3014/754 1217/3013/754
f 1223/3020/755 1224/3019/755 1222/3018/755 1221/3017/755
o cube
v 5.875 1.0625 7.1875
v 5.875 1.0625 6.375
v 5.875 0.5625 7.1875
v 5.875 0.5625 6.375
v 5.8125 1.0625 6.375
v 5.8125 1.0625 7.1875
v 5.8125 0.5625 6.375
v 5.8125 0.5625 7.1875
vt 0.2890625 0.5234375
vt 0.296875 0.5234375
vt 0.296875 0.4609375
vt 0.2890625 0.4609375
vt 0.4375 0.796875
vt 0.5390625 0.796875
vt 0.5390625 0.734375
vt 0.4375 0.734375
vt 0.4375 0.734375
vt 0.5390625 0.734375
vt 0.5390625 0.671875
vt 0.4375 0.671875
vn 0 0 -1
vn 1 0 0
vn -1 0 0
usemtl m_5118c3d7-23f0-0dd4-ef77-83aabe9bb36d
f 1228/3024/756 1231/3023/756 1229/3022/756 1226/3021/756
f 1227/3028/757 1228/3027/757 1226/3026/757 1225/3025/757
f 1231/3032/758 1232/3031/758 1230/3030/758 1229/3029/758
o cube
v 3.1875 1.0625 7.25
v 3.1875 1.0625 7.125
v 3.1875 0.9375 7.25
v 3.1875 0.9375 7.125
v 1.6875 1.0625 7.125
v 1.6875 1.0625 7.25
v 1.6875 0.9375 7.125
v 1.6875 0.9375 7.25
vt 0 0.734375
vt 0.1875 0.734375
vt 0.1875 0.71875
vt 0 0.71875
vt 0.375 0.671875
vt 0.390625 0.671875
vt 0.390625 0.65625
vt 0.375 0.65625
vt 0.1875 0.734375
vt 0.375 0.734375
vt 0.375 0.71875
vt 0.1875 0.71875
vt 0.375 0.65625
vt 0.390625 0.65625
vt 0.390625 0.640625
vt 0.375 0.640625
vt 0.1875 0.703125
vt 0 0.703125
vt 0 0.71875
vt 0.1875 0.71875
vt 0.375 0.71875
vt 0.1875 0.71875
vt 0.1875 0.703125
vt 0.375 0.703125
vn 0 0 -1
vn 1 0 0
vn 0 0 1
vn -1 0 0
vn 0 1 0
vn 0 -1 0
usemtl m_da7ba96e-1cf9-4601-b74a-ae04c64ef2df
f 1236/3036/759 1239/3035/759 1237/3034/759 1234/3033/759
f 1235/3040/760 1236/3039/760 1234/3038/760 1233/3037/760
f 1240/3044/761 1235/3043/761 1233/3042/761 1238/3041/761
f 1239/3048/762 1240/3047/762 1238/3046/762 1237/3045/762
f 1238/3052/763 1233/3051/763 1234/3050/763 1237/3049/763
f 1239/3056/764 1236/3055/764 1235/3054/764 1240/3053/764
o cube
v 1.6906249999999998 1.065625 7.253125
v 1.6906249999999998 1.065625 7.121875
v 1.6906249999999998 -0.003124999999999989 7.253125
v 1.6906249999999998 -0.003124999999999989 7.121875
v 1.5593750000000002 1.065625 7.121875
v 1.5593750000000002 1.065625 7.253125
v 1.5593750000000002 -0.003124999999999989 7.121875
v 1.5593750000000002 -0.003124999999999989 7.253125
vt 0 0.640625
vt 0.015625 0.640625
vt 0.015625 0.5078125
vt 0 0.5078125
vt 0.015625 0.640625
vt 0.03125 0.640625
vt 0.03125 0.5078125
vt 0.015625 0.5078125
vt 0.03125 0.640625
vt 0.046875 0.640625
vt 0.046875 0.5078125
vt 0.03125 0.5078125
vt 0.046875 0.640625
vt 0.0625 0.640625
vt 0.0625 0.5078125
vt 0.046875 0.5078125
vt 0.265625 0.59375
vt 0.25 0.59375
vt 0.25 0.609375
vt 0.265625 0.609375
vt 0.28125 0.609375
vt 0.265625 0.609375
vt 0.265625 0.59375
vt 0.28125 0.59375
vn 0 0 -1
vn 1 0 0
vn 0 0 1
vn -1 0 0
vn 0 1 0
vn 0 -1 0
usemtl m_da7ba96e-1cf9-4601-b74a-ae04c64ef2df
f 1244/3060/765 1247/3059/765 1245/3058/765 1242/3057/765
f 1243/3064/766 1244/3063/766 1242/3062/766 1241/3061/766
f 1248/3068/767 1243/3067/767 1241/3066/767 1246/3065/767
f 1247/3072/768 1248/3071/768 1246/3070/768 1245/3069/768
f 1246/3076/769 1241/3075/769 1242/3074/769 1245/3073/769
f 1247/3080/770 1244/3079/770 1243/3078/770 1248/3077/770
o cube
v 1.6906249999999998 1.065625 6.503125
v 1.6906249999999998 1.065625 6.371875
v 1.6906249999999998 -0.003124999999999989 6.503125
v 1.6906249999999998 -0.003124999999999989 6.371875
v 1.5593750000000002 1.065625 6.371875
v 1.5593750000000002 1.065625 6.503125
v 1.5593750000000002 -0.003124999999999989 6.371875
v 1.5593750000000002 -0.003124999999999989 6.503125
vt 0.0625 0.640625
vt 0.078125 0.640625
vt 0.078125 0.5078125
vt 0.0625 0.5078125
vt 0.078125 0.640625
vt 0.09375 0.640625
vt 0.09375 0.5078125
vt 0.078125 0.5078125
vt 0.09375 0.640625
vt 0.109375 0.640625
vt 0.109375 0.5078125
vt 0.09375 0.5078125
vt 0.109375 0.640625
vt 0.125 0.640625
vt 0.125 0.5078125
vt 0.109375 0.5078125
vt 0.296875 0.59375
vt 0.28125 0.59375
vt 0.28125 0.609375
vt 0.296875 0.609375
vt 0.3125 0.609375
vt 0.296875 0.609375
vt 0.296875 0.59375
vt 0.3125 0.59375
vn 0 0 -1
vn 1 0 0
vn 0 0 1
vn -1 0 0
vn 0 1 0
vn 0 -1 0
usemtl m_da7ba96e-1cf9-4601-b74a-ae04c64ef2df
f 1252/3084/771 1255/3083/771 1253/3082/771 1250/3081/771
f 1251/3088/772 1252/3087/772 1250/3086/772 1249/3085/772
f 1256/3092/773 1251/3091/773 1249/3090/773 1254/3089/773
f 1255/3096/774 1256/3095/774 1254/3094/774 1253/3093/774
f 1254/3100/775 1249/3099/775 1250/3098/775 1253/3097/775
f 1255/3104/776 1252/3103/776 1251/3102/776 1256/3101/776
o cube
v 3.315625 1.065625 6.503125
v 3.315625 1.065625 6.371875
v 3.315625 -0.003124999999999989 6.503125
v 3.315625 -0.003124999999999989 6.371875
v 3.184375 1.065625 6.371875
v 3.184375 1.065625 6.503125
v 3.184375 -0.003124999999999989 6.371875
v 3.184375 -0.003124999999999989 6.503125
vt 0.125 0.640625
vt 0.140625 0.640625
vt 0.140625 0.5078125
vt 0.125 0.5078125
vt 0.140625 0.640625
vt 0.15625 0.640625
vt 0.15625 0.5078125
vt 0.140625 0.5078125
vt 0.15625 0.640625
vt 0.171875 0.640625
vt 0.171875 0.5078125
vt 0.15625 0.5078125
vt 0.171875 0.640625
vt 0.1875 0.640625
vt 0.1875 0.5078125
vt 0.171875 0.5078125
vt 0.328125 0.59375
vt 0.3125 0.59375
vt 0.3125 0.609375
vt 0.328125 0.609375
vt 0.34375 0.609375
vt 0.328125 0.609375
vt 0.328125 0.59375
vt 0.34375 0.59375
vn 0 0 -1
vn 1 0 0
vn 0 0 1
vn -1 0 0
vn 0 1 0
vn 0 -1 0
usemtl m_da7ba96e-1cf9-4601-b74a-ae04c64ef2df
f 1260/3108/777 1263/3107/777 1261/3106/777 1258/3105/777
f 1259/3112/778 1260/3111/778 1258/3110/778 1257/3109/778
f 1264/3116/779 1259/3115/779 1257/3114/779 1262/3113/779
f 1263/3120/780 1264/3119/780 1262/3118/780 1261/3117/780
f 1262/3124/781 1257/3123/781 1258/3122/781 1261/3121/781
f 1263/3128/782 1260/3127/782 1259/3126/782 1264/3125/782
o cube
v 3.315625 1.065625 7.253125
v 3.315625 1.065625 7.121875
v 3.315625 -0.003124999999999989 7.253125
v 3.315625 -0.003124999999999989 7.121875
v 3.184375 1.065625 7.121875
v 3.184375 1.065625 7.253125
v 3.184375 -0.003124999999999989 7.121875
v 3.184375 -0.003124999999999989 7.253125
vt 0.1875 0.640625
vt 0.203125 0.640625
vt 0.203125 0.5078125
vt 0.1875 0.5078125
vt 0.203125 0.640625
vt 0.21875 0.640625
vt 0.21875 0.5078125
vt 0.203125 0.5078125
vt 0.21875 0.640625
vt 0.234375 0.640625
vt 0.234375 0.5078125
vt 0.21875 0.5078125
vt 0.234375 0.640625
vt 0.25 0.640625
vt 0.25 0.5078125
vt 0.234375 0.5078125
vt 0.40625 0.65625
vt 0.390625 0.65625
vt 0.390625 0.671875
vt 0.40625 0.671875
vt 0.359375 0.609375
vt 0.34375 0.609375
vt 0.34375 0.59375
vt 0.359375 0.59375
vn 0 0 -1
vn 1 0 0
vn 0 0 1
vn -1 0 0
vn 0 1 0
vn 0 -1 0
usemtl m_da7ba96e-1cf9-4601-b74a-ae04c64ef2df
f 1268/3132/783 1271/3131/783 1269/3130/783 1266/3129/783
f 1267/3136/784 1268/3135/784 1266/3134/784 1265/3133/784
f 1272/3140/785 1267/3139/785 1265/3138/785 1270/3137/785
f 1271/3144/786 1272/3143/786 1270/3142/786 1269/3141/786
f 1270/3148/787 1265/3147/787 1266/3146/787 1269/3145/787
f 1271/3152/788 1268/3151/788 1267/3150/788 1272/3149/788
o cube
v 3.1875 1.0625 6.5
v 3.1875 1.0625 6.375
v 3.1875 0.9375 6.5
v 3.1875 0.9375 6.375
v 1.6875 1.0625 6.375
v 1.6875 1.0625 6.5
v 1.6875 0.9375 6.375
v 1.6875 0.9375 6.5
vt 0 0.703125
vt 0.1875 0.703125
vt 0.1875 0.6875
vt 0 0.6875
vt 0.375 0.640625
vt 0.390625 0.640625
vt 0.390625 0.625
vt 0.375 0.625
vt 0.1875 0.703125
vt 0.375 0.703125
vt 0.375 0.6875
vt 0.1875 0.6875
vt 0.375 0.625
vt 0.390625 0.625
vt 0.390625 0.609375
vt 0.375 0.609375
vt 0.1875 0.671875
vt 0 0.671875
vt 0 0.6875
vt 0.1875 0.6875
vt 0.375 0.6875
vt 0.1875 0.6875
vt 0.1875 0.671875
vt 0.375 0.671875
vn 0 0 -1
vn 1 0 0
vn 0 0 1
vn -1 0 0
vn 0 1 0
vn 0 -1 0
usemtl m_da7ba96e-1cf9-4601-b74a-ae04c64ef2df
f 1276/3156/789 1279/3155/789 1277/3154/789 1274/3153/789
f 1275/3160/790 1276/3159/790 1274/3158/790 1273/3157/790
f 1280/3164/791 1275/3163/791 1273/3162/791 1278/3161/791
f 1279/3168/792 1280/3167/792 1278/3166/792 1277/3165/792
f 1278/3172/793 1273/3171/793 1274/3170/793 1277/3169/793
f 1279/3176/794 1276/3175/794 1275/3174/794 1280/3173/794
o cube
v 3.1875 0.4375 7.1875
v 3.1875 0.4375 7.125
v 3.1875 0.3125 7.1875
v 3.1875 0.3125 7.125
v 1.6875 0.4375 7.125
v 1.6875 0.4375 7.1875
v 1.6875 0.3125 7.125
v 1.6875 0.3125 7.1875
vt 0 0.65625
vt 0.1875 0.65625
vt 0.1875 0.640625
vt 0 0.640625
vt 0.390625 0.640625
vt 0.3984375 0.640625
vt 0.3984375 0.625
vt 0.390625 0.625
vt 0.1875 0.65625
vt 0.375 0.65625
vt 0.375 0.640625
vt 0.1875 0.640625
vt 0.3671875 0.609375
vt 0.375 0.609375
vt 0.375 0.59375
vt 0.3671875 0.59375
vt 0.5625 0.6796875
vt 0.375 0.6796875
vt 0.375 0.6875
vt 0.5625 0.6875
vt 0.5625 0.6796875
vt 0.375 0.6796875
vt 0.375 0.671875
vt 0.5625 0.671875
vn 0 0 -1
vn 1 0 0
vn 0 0 1
vn -1 0 0
vn 0 1 0
vn 0 -1 0
usemtl m_da7ba96e-1cf9-4601-b74a-ae04c64ef2df
f 1284/3180/795 1287/3179/795 1285/3178/795 1282/3177/795
f 1283/3184/796 1284/3183/796 1282/3182/796 1281/3181/796
f 1288/3188/797 1283/3187/797 1281/3186/797 1286/3185/797
f 1287/3192/798 1288/3191/798 1286/3190/798 1285/3189/798
f 1286/3196/799 1281/3195/799 1282/3194/799 1285/3193/799
f 1287/3200/800 1284/3199/800 1283/3198/800 1288/3197/800
o cube
v 3.1875 0.4375 6.5
v 3.1875 0.4375 6.4375
v 3.1875 0.3125 6.5
v 3.1875 0.3125 6.4375
v 1.6875 0.4375 6.4375
v 1.6875 0.4375 6.5
v 1.6875 0.3125 6.4375
v 1.6875 0.3125 6.5
vt 0 0.671875
vt 0.1875 0.671875
vt 0.1875 0.65625
vt 0 0.65625
vt 0.390625 0.65625
vt 0.3984375 0.65625
vt 0.3984375 0.640625
vt 0.390625 0.640625
vt 0.1875 0.671875
vt 0.375 0.671875
vt 0.375 0.65625
vt 0.1875 0.65625
vt 0.359375 0.609375
vt 0.3671875 0.609375
vt 0.3671875 0.59375
vt 0.359375 0.59375
vt 0.5625 0.6953125
vt 0.375 0.6953125
vt 0.375 0.703125
vt 0.5625 0.703125
vt 0.5625 0.6953125
vt 0.375 0.6953125
vt 0.375 0.6875
vt 0.5625 0.6875
vn 0 0 -1
vn 1 0 0
vn 0 0 1
vn -1 0 0
vn 0 1 0
vn 0 -1 0
usemtl m_da7ba96e-1cf9-4601-b74a-ae04c64ef2df
f 1292/3204/801 1295/3203/801 1293/3202/801 1290/3201/801
f 1291/3208/802 1292/3207/802 1290/3206/802 1289/3205/802
f 1296/3212/803 1291/3211/803 1289/3210/803 1294/3209/803
f 1295/3216/804 1296/3215/804 1294/3214/804 1293/3213/804
f 1294/3220/805 1289/3219/805 1290/3218/805 1293/3217/805
f 1295/3224/806 1292/3223/806 1291/3222/806 1296/3221/806
o cube
v 3.3140625 1.1890625 7.3140625
v 3.3140625 1.1890625 6.3109375
v 3.3140625 1.0609375 7.3140625
v 3.3140625 1.0609375 6.3109375
v 1.5609375 1.1890625 6.3109375
v 1.5609375 1.1890625 7.3140625
v 1.5609375 1.0609375 6.3109375
v 1.5609375 1.0609375 7.3140625
vt 0.21875 0.78125
vt 0.4375 0.78125
vt 0.4375 0.765625
vt 0.21875 0.765625
vt 0.25 0.640625
vt 0.375 0.640625
vt 0.375 0.625
vt 0.25 0.625
vt 0.21875 0.765625
vt 0.4375 0.765625
vt 0.4375 0.75
vt 0.21875 0.75
vt 0.25 0.625
vt 0.375 0.625
vt 0.375 0.609375
vt 0.25 0.609375
vt 0.21875 0.875
vt 0 0.875
vt 0 1
vt 0.21875 1
vt 0.21875 0.875
vt 0 0.875
vt 0 0.75
vt 0.21875 0.75
vn 0 0 -1
vn 1 0 0
vn 0 0 1
vn -1 0 0
vn 0 1 0
vn 0 -1 0
usemtl m_da7ba96e-1cf9-4601-b74a-ae04c64ef2df
f 1300/3228/807 1303/3227/807 1301/3226/807 1298/3225/807
f 1299/3232/808 1300/3231/808 1298/3230/808 1297/3229/808
f 1304/3236/809 1299/3235/809 1297/3234/809 1302/3233/809
f 1303/3240/810 1304/3239/810 1302/3238/810 1301/3237/810
f 1302/3244/811 1297/3243/811 1298/3242/811 1301/3241/811
f 1303/3248/812 1300/3247/812 1299/3246/812 1304/3245/812
o cube
v 3.25 0.5625 7.25
v 3.25 0.5625 6.375
v 3.25 0.4375 7.25
v 3.25 0.4375 6.375
v 1.625 0.5625 6.375
v 1.625 0.5625 7.25
v 1.625 0.4375 6.375
v 1.625 0.4375 7.25
vt 0 0.75
vt 0.203125 0.75
vt 0.203125 0.734375
vt 0 0.734375
vt 0.375 0.734375
vt 0.484375 0.734375
vt 0.484375 0.71875
vt 0.375 0.71875
vt 0.203125 0.75
vt 0.40625 0.75
vt 0.40625 0.734375
vt 0.203125 0.734375
vt 0.375 0.71875
vt 0.484375 0.71875
vt 0.484375 0.703125
vt 0.375 0.703125
vt 0.421875 0.890625
vt 0.21875 0.890625
vt 0.21875 1
vt 0.421875 1
vt 0.421875 0.890625
vt 0.21875 0.890625
vt 0.21875 0.78125
vt 0.421875 0.78125
vn 0 0 -1
vn 1 0 0
vn 0 0 1
vn -1 0 0
vn 0 1 0
vn 0 -1 0
usemtl m_da7ba96e-1cf9-4601-b74a-ae04c64ef2df
f 1308/3252/813 1311/3251/813 1309/3250/813 1306/3249/813
f 1307/3256/814 1308/3255/814 1306/3254/814 1305/3253/814
f 1312/3260/815 1307/3259/815 1305/3258/815 1310/3257/815
f 1311/3264/816 1312/3263/816 1310/3262/816 1309/3261/816
f 1310/3268/817 1305/3267/817 1306/3266/817 1309/3265/817
f 1311/3272/818 1308/3271/818 1307/3270/818 1312/3269/818
o cube
v 3.375 1 5.3125
v 3.375 1 4.3125
v 3.375 0.875 5.3125
v 3.375 0.875 4.3125
v 1.5 1 4.3125
v 1.5 1 5.3125
v 1.5 0.875 4.3125
v 1.5 0.875 5.3125
vt 0.25 0.375
vt 0.71875 0.375
vt 0.71875 0.34375
vt 0.25 0.34375
vt 0.71875 0.375
vt 0.96875 0.375
vt 0.96875 0.34375
vt 0.71875 0.34375
vt 0.25 0.34375
vt 0.71875 0.34375
vt 0.71875 0.3125
vt 0.25 0.3125
vt 0.71875 0.34375
vt 0.96875 0.34375
vt 0.96875 0.3125
vt 0.71875 0.3125
vt 0.46875 0.75
vt 0 0.75
vt 0 1
vt 0.46875 1
vt 0.46875 0.75
vt 0 0.75
vt 0 0.5
vt 0.46875 0.5
vn 0 0 -1
vn 1 0 0
vn 0 0 1
vn -1 0 0
vn 0 1 0
vn 0 -1 0
usemtl m_2c9aff7f-040d-a16c-c3b7-a524c947a5f8
f 1316/3276/819 1319/3275/819 1317/3274/819 1314/3273/819
f 1315/3280/820 1316/3279/820 1314/3278/820 1313/3277/820
f 1320/3284/821 1315/3283/821 1313/3282/821 1318/3281/821
f 1319/3288/822 1320/3287/822 1318/3286/822 1317/3285/822
f 1318/3292/823 1313/3291/823 1314/3290/823 1317/3289/823
f 1319/3296/824 1316/3295/824 1315/3294/824 1320/3293/824
o cube
v 1.7026598166173543 0.37367368790484956 5.234782275345981
v 1.7017103011806176 0.36282067680066643 5.110257938084512
v 1.6701007833048047 0.0015222342150604806 5.267465678876352
v 1.669151267868068 -0.009330776889122594 5.142941341614884
v 1.577185963919149 0.3737151446441237 5.110257938084512
v 1.5781354793558862 0.38456815574830683 5.234782275345981
v 1.5446269306065998 0.0015636909543346178 5.142941341614884
v 1.545576446043337 0.012416702058517748 5.267465678876352
vt 0.625 0.25
vt 0.65625 0.25
vt 0.65625 0.15625
vt 0.625 0.15625
vt 0.65625 0.25
vt 0.6875 0.25
vt 0.6875 0.15625
vt 0.65625 0.15625
vt 0.6875 0.25
vt 0.71875 0.25
vt 0.71875 0.15625
vt 0.6875 0.15625
vt 0.71875 0.25
vt 0.75 0.25
vt 0.75 0.15625
vt 0.71875 0.15625
vt 0.84375 0.40625
vt 0.8125 0.40625
vt 0.8125 0.375
vt 0.84375 0.375
vn -0.007596123493895972 -0.08682408883346518 -0.9961946980917455
vn 0.9961946980917455 -0.0871557427476582 1.734723475976807e-18
vn 0.007596123493895972 0.08682408883346518 0.9961946980917455
vn -0.9961946980917455 0.0871557427476582 -1.734723475976807e-18
vn -0.08682408883346518 -0.9924038765061041 0.0871557427476582
usemtl m_2c9aff7f-040d-a16c-c3b7-a524c947a5f8
f 1324/3300/825 1327/3299/825 1325/3298/825 1322/3297/825
f 1323/3304/826 1324/3303/826 1322/3302/826 1321/3301/826
f 1328/3308/827 1323/3307/827 1321/3306/827 1326/3305/827
f 1327/3312/828 1328/3311/828 1326/3310/828 1325/3309/828
f 1327/3316/829 1324/3315/829 1323/3314/829 1328/3313/829
o cube
v 1.7305536856968362 0.5132253009461112 5.238091541179775
v 1.7293667914009148 0.4996590370658822 5.0824361196029395
v 1.7115609162645153 0.296136952960401 5.257156859905825
v 1.7103740219685943 0.282570689080172 5.10150143832899
v 1.5737113698240797 0.5132771218702039 5.0824361196029395
v 1.5748982641200007 0.5268433857504329 5.238091541179775
v 1.5547186003917588 0.2961887738844936 5.10150143832899
v 1.5559054946876802 0.30975503776472246 5.257156859905825
vt 0.78125 0.4375
vt 0.8125 0.4375
vt 0.8125 0.390625
vt 0.78125 0.390625
vt 0.78125 0.25
vt 0.8125 0.25
vt 0.8125 0.203125
vt 0.78125 0.203125
vt 0.78125 0.203125
vt 0.8125 0.203125
vt 0.8125 0.15625
vt 0.78125 0.15625
vt 0.8125 0.5
vt 0.84375 0.5
vt 0.84375 0.453125
vt 0.8125 0.453125
vt 0.875 0.40625
vt 0.84375 0.40625
vt 0.84375 0.375
vt 0.875 0.375
vn -0.007596123493895972 -0.08682408883346518 -0.9961946980917455
vn 0.9961946980917455 -0.0871557427476582 1.734723475976807e-18
vn 0.007596123493895972 0.08682408883346518 0.9961946980917455
vn -0.9961946980917455 0.0871557427476582 -1.734723475976807e-18
vn -0.08682408883346518 -0.9924038765061041 0.0871557427476582
usemtl m_2c9aff7f-040d-a16c-c3b7-a524c947a5f8
f 1332/3320/830 1335/3319/830 1333/3318/830 1330/3317/830
f 1331/3324/831 1332/3323/831 1330/3322/831 1329/3321/831
f 1336/3328/832 1331/3327/832 1329/3326/832 1334/3325/832
f 1335/3332/833 1336/3331/833 1334/3330/833 1333/3329/833
f 1335/3336/834 1332/3335/834 1331/3334/834 1336/3333/834
o cube
v 1.7017103011806176 0.36282067680066643 4.514742061915488
v 1.7026598166173543 0.37367368790484956 4.390217724654019
v 1.669151267868068 -0.009330776889122594 4.482058658385116
v 1.6701007833048047 0.0015222342150604806 4.357534321123648
v 1.5781354793558862 0.38456815574830683 4.390217724654019
v 1.577185963919149 0.3737151446441237 4.514742061915488
v 1.545576446043337 0.012416702058517748 4.357534321123648
v 1.5446269306065998 0.0015636909543346178 4.482058658385116
vt 0.75 0.25
vt 0.78125 0.25
vt 0.78125 0.15625
vt 0.75 0.15625
vt 0 0.21875
vt 0.03125 0.21875
vt 0.03125 0.125
vt 0 0.125
vt 0.03125 0.21875
vt 0.0625 0.21875
vt 0.0625 0.125
vt 0.03125 0.125
vt 0.0625 0.21875
vt 0.09375 0.21875
vt 0.09375 0.125
vt 0.0625 0.125
vt 0.6875 0.15625
vt 0.65625 0.15625
vt 0.65625 0.125
vt 0.6875 0.125
vn 0.007596123493895972 0.08682408883346518 -0.9961946980917455
vn 0.9961946980917455 -0.0871557427476582 -1.734723475976807e-18
vn -0.007596123493895972 -0.08682408883346518 0.9961946980917455
vn -0.9961946980917455 0.0871557427476582 1.734723475976807e-18
vn -0.08682408883346518 -0.9924038765061041 -0.0871557427476582
usemtl m_2c9aff7f-040d-a16c-c3b7-a524c947a5f8
f 1340/3340/835 1343/3339/835 1341/3338/835 1338/3337/835
f 1339/3344/836 1340/3343/836 1338/3342/836 1337/3341/836
f 1344/3348/837 1339/3347/837 1337/3346/837 1342/3345/837
f 1343/3352/838 1344/3351/838 1342/3350/838 1341/3349/838
f 1343/3356/839 1340/3355/839 1339/3354/839 1344/3353/839
o cube
v 3.2978140360808506 0.3737151446441237 4.514742061915488
v 3.296864520644114 0.38456815574830683 4.390217724654019
v 3.3303730693934 0.0015636909543346178 4.482058658385116
v 3.329423553956663 0.012416702058517748 4.357534321123648
v 3.1723401833826457 0.37367368790484956 4.390217724654019
v 3.1732896988193824 0.36282067680066643 4.514742061915488
v 3.204899216695195 0.0015222342150604806 4.357534321123648
v 3.205848732131932 -0.009330776889122594 4.482058658385116
vt 0.09375 0.21875
vt 0.125 0.21875
vt 0.125 0.125
vt 0.09375 0.125
vt 0.125 0.21875
vt 0.15625 0.21875
vt 0.15625 0.125
vt 0.125 0.125
vt 0.15625 0.21875
vt 0.1875 0.21875
vt 0.1875 0.125
vt 0.15625 0.125
vt 0.1875 0.21875
vt 0.21875 0.21875
vt 0.21875 0.125
vt 0.1875 0.125
vt 0.71875 0.15625
vt 0.6875 0.15625
vt 0.6875 0.125
vt 0.71875 0.125
vn -0.007596123493895972 0.08682408883346518 -0.9961946980917455
vn 0.9961946980917455 0.0871557427476582 1.734723475976807e-18
vn 0.007596123493895972 -0.08682408883346518 0.9961946980917455
vn -0.9961946980917455 -0.0871557427476582 -1.734723475976807e-18
vn 0.08682408883346518 -0.9924038765061041 -0.0871557427476582
usemtl m_2c9aff7f-040d-a16c-c3b7-a524c947a5f8
f 1348/3360/840 1351/3359/840 1349/3358/840 1346/3357/840
f 1347/3364/841 1348/3363/841 1346/3362/841 1345/3361/841
f 1352/3368/842 1347/3367/842 1345/3366/842 1350/3365/842
f 1351/3372/843 1352/3371/843 1350/3370/843 1349/3369/843
f 1351/3376/844 1348/3375/844 1347/3374/844 1352/3373/844
o cube
v 3.3001017358799993 0.5268433857504329 5.238091541179775
v 3.3012886301759203 0.5132771218702039 5.0824361196029395
v 3.3190945053123198 0.30975503776472246 5.257156859905825
v 3.3202813996082408 0.2961887738844936 5.10150143832899
v 3.1456332085990852 0.4996590370658822 5.0824361196029395
v 3.144446314303164 0.5132253009461112 5.238091541179775
v 3.1646259780314057 0.282570689080172 5.10150143832899
v 3.163439083735484 0.296136952960401 5.257156859905825
vt 0.8125 0.453125
vt 0.84375 0.453125
vt 0.84375 0.40625
vt 0.8125 0.40625
vt 0.8125 0.28125
vt 0.84375 0.28125
vt 0.84375 0.234375
vt 0.8125 0.234375
vt 0.8125 0.234375
vt 0.84375 0.234375
vt 0.84375 0.1875
vt 0.8125 0.1875
vt 0.8125 0.1875
vt 0.84375 0.1875
vt 0.84375 0.140625
vt 0.8125 0.140625
vt 0.875 0.28125
vt 0.84375 0.28125
vt 0.84375 0.25
vt 0.875 0.25
vn 0.007596123493895972 -0.08682408883346518 -0.9961946980917455
vn 0.9961946980917455 0.0871557427476582 -1.734723475976807e-18
vn -0.007596123493895972 0.08682408883346518 0.9961946980917455
vn -0.9961946980917455 -0.0871557427476582 1.734723475976807e-18
vn 0.08682408883346518 -0.9924038765061041 0.0871557427476582
usemtl m_2c9aff7f-040d-a16c-c3b7-a524c947a5f8
f 1356/3380/845 1359/3379/845 1357/3378/845 1354/3377/845
f 1355/3384/846 1356/3383/846 1354/3382/846 1353/3381/846
f 1360/3388/847 1355/3387/847 1353/3386/847 1358/3385/847
f 1359/3392/848 1360/3391/848 1358/3390/848 1357/3389/848
f 1359/3396/849 1356/3395/849 1355/3394/849 1360/3393/849
o cube
v 3.296864520644114 0.38456815574830683 5.234782275345981
v 3.2978140360808506 0.3737151446441237 5.110257938084512
v 3.329423553956663 0.012416702058517748 5.267465678876352
v 3.3303730693934 0.0015636909543346178 5.142941341614884
v 3.1732896988193824 0.36282067680066643 5.110257938084512
v 3.1723401833826457 0.37367368790484956 5.234782275345981
v 3.205848732131932 -0.009330776889122594 5.142941341614884
v 3.204899216695195 0.0015222342150604806 5.267465678876352
vt 0.21875 0.21875
vt 0.25 0.21875
vt 0.25 0.125
vt 0.21875 0.125
vt 0.25 0.21875
vt 0.28125 0.21875
vt 0.28125 0.125
vt 0.25 0.125
vt 0.28125 0.21875
vt 0.3125 0.21875
vt 0.3125 0.125
vt 0.28125 0.125
vt 0.3125 0.21875
vt 0.34375 0.21875
vt 0.34375 0.125
vt 0.3125 0.125
vt 0.75 0.15625
vt 0.71875 0.15625
vt 0.71875 0.125
vt 0.75 0.125
vn 0.007596123493895972 -0.08682408883346518 -0.9961946980917455
vn 0.9961946980917455 0.0871557427476582 -1.734723475976807e-18
vn -0.007596123493895972 0.08682408883346518 0.9961946980917455
vn -0.9961946980917455 -0.0871557427476582 1.734723475976807e-18
vn 0.08682408883346518 -0.9924038765061041 0.0871557427476582
usemtl m_2c9aff7f-040d-a16c-c3b7-a524c947a5f8
f 1364/3400/850 1367/3399/850 1365/3398/850 1362/3397/850
f 1363/3404/851 1364/3403/851 1362/3402/851 1361/3401/851
f 1368/3408/852 1363/3407/852 1361/3406/852 1366/3405/852
f 1367/3412/853 1368/3411/853 1366/3410/853 1365/3409/853
f 1367/3416/854 1364/3415/854 1363/3414/854 1368/3413/854
o cube
v 1.7293667914009148 0.4996590370658822 4.5425638803970605
v 1.7305536856968362 0.5132253009461112 4.386908458820225
v 1.7103740219685943 0.282570689080172 4.52349856167101
v 1.7115609162645153 0.296136952960401 4.367843140094175
v 1.5748982641200007 0.5268433857504329 4.386908458820225
v 1.5737113698240797 0.5132771218702039 4.5425638803970605
v 1.5559054946876802 0.30975503776472246 4.367843140094175
v 1.5547186003917588 0.2961887738844936 4.52349856167101
vt 0.46875 0.15625
vt 0.5 0.15625
vt 0.5 0.109375
vt 0.46875 0.109375
vt 0.84375 0.5
vt 0.875 0.5
vt 0.875 0.453125
vt 0.84375 0.453125
vt 0.84375 0.453125
vt 0.875 0.453125
vt 0.875 0.40625
vt 0.84375 0.40625
vt 0.625 0.15625
vt 0.65625 0.15625
vt 0.65625 0.109375
vt 0.625 0.109375
vt 0.875 0.25
vt 0.84375 0.25
vt 0.84375 0.21875
vt 0.875 0.21875
vn 0.007596123493895972 0.08682408883346518 -0.9961946980917455
vn 0.9961946980917455 -0.0871557427476582 -1.734723475976807e-18
vn -0.007596123493895972 -0.08682408883346518 0.9961946980917455
vn -0.9961946980917455 0.0871557427476582 1.734723475976807e-18
vn -0.08682408883346518 -0.9924038765061041 -0.0871557427476582
usemtl m_2c9aff7f-040d-a16c-c3b7-a524c947a5f8
f 1372/3420/855 1375/3419/855 1373/3418/855 1370/3417/855
f 1371/3424/856 1372/3423/856 1370/3422/856 1369/3421/856
f 1376/3428/857 1371/3427/857 1369/3426/857 1374/3425/857
f 1375/3432/858 1376/3431/858 1374/3430/858 1373/3429/858
f 1375/3436/859 1372/3435/859 1371/3434/859 1376/3433/859
o cube
v 3.3012886301759203 0.5132771218702039 4.5425638803970605
v 3.3001017358799993 0.5268433857504329 4.386908458820225
v 3.3202813996082408 0.2961887738844936 4.52349856167101
v 3.3190945053123198 0.30975503776472246 4.367843140094175
v 3.144446314303164 0.5132253009461112 4.386908458820225
v 3.1456332085990852 0.4996590370658822 4.5425638803970605
v 3.163439083735484 0.296136952960401 4.367843140094175
v 3.1646259780314057 0.282570689080172 4.52349856167101
vt 0.34375 0.15625
vt 0.375 0.15625
vt 0.375 0.109375
vt 0.34375 0.109375
vt 0.375 0.15625
vt 0.40625 0.15625
vt 0.40625 0.109375
vt 0.375 0.109375
vt 0.40625 0.15625
vt 0.4375 0.15625
vt 0.4375 0.109375
vt 0.40625 0.109375
vt 0.4375 0.15625
vt 0.46875 0.15625
vt 0.46875 0.109375
vt 0.4375 0.109375
vt 0.78125 0.15625
vt 0.75 0.15625
vt 0.75 0.125
vt 0.78125 0.125
vn -0.007596123493895972 0.08682408883346518 -0.9961946980917455
vn 0.9961946980917455 0.0871557427476582 1.734723475976807e-18
vn 0.007596123493895972 -0.08682408883346518 0.9961946980917455
vn -0.9961946980917455 -0.0871557427476582 -1.734723475976807e-18
vn 0.08682408883346518 -0.9924038765061041 -0.0871557427476582
usemtl m_2c9aff7f-040d-a16c-c3b7-a524c947a5f8
f 1380/3440/860 1383/3439/860 1381/3438/860 1378/3437/860
f 1379/3444/861 1380/3443/861 1378/3442/861 1377/3441/861
f 1384/3448/862 1379/3447/862 1377/3446/862 1382/3445/862
f 1383/3452/863 1384/3451/863 1382/3450/863 1381/3449/863
f 1383/3456/864 1380/3455/864 1379/3454/864 1384/3453/864
o cube
v 3.375 0.625 5.3125
v 3.375 0.625 4.3125
v 3.375 0.5 5.3125
v 3.375 0.5 4.3125
v 1.5 0.625 4.3125
v 1.5 0.625 5.3125
v 1.5 0.5 4.3125
v 1.5 0.5 5.3125
vt 0 0.3125
vt 0.46875 0.3125
vt 0.46875 0.28125
vt 0 0.28125
vt 0 0.25
vt 0.25 0.25
vt 0.25 0.21875
vt 0 0.21875
vt 0.46875 0.3125
vt 0.9375 0.3125
vt 0.9375 0.28125
vt 0.46875 0.28125
vt 0.25 0.25
vt 0.5 0.25
vt 0.5 0.21875
vt 0.25 0.21875
vt 0.9375 0.75
vt 0.46875 0.75
vt 0.46875 1
vt 0.9375 1
vt 0.9375 0.75
vt 0.46875 0.75
vt 0.46875 0.5
vt 0.9375 0.5
vn 0 0 -1
vn 1 0 0
vn 0 0 1
vn -1 0 0
vn 0 1 0
vn 0 -1 0
usemtl m_2c9aff7f-040d-a16c-c3b7-a524c947a5f8
f 1388/3460/865 1391/3459/865 1389/3458/865 1386/3457/865
f 1387/3464/866 1388/3463/866 1386/3462/866 1385/3461/866
f 1392/3468/867 1387/3467/867 1385/3466/867 1390/3465/867
f 1391/3472/868 1392/3471/868 1390/3470/868 1389/3469/868
f 1390/3476/869 1385/3475/869 1386/3474/869 1389/3473/869
f 1391/3480/870 1388/3479/870 1387/3478/870 1392/3477/870
o cube
v 3.25 0.875 5.3125
v 3.25 0.875 5.1875
v 3.25 0.625 5.3125
v 3.25 0.625 5.1875
v 1.625 0.875 5.1875
v 1.625 0.875 5.3125
v 1.625 0.625 5.1875
v 1.625 0.625 5.3125
vt 0 0.5
vt 0.40625 0.5
vt 0.40625 0.4375
vt 0 0.4375
vt 0.75 0.4375
vt 0.78125 0.4375
vt 0.78125 0.375
vt 0.75 0.375
vt 0.40625 0.5
vt 0.8125 0.5
vt 0.8125 0.4375
vt 0.40625 0.4375
vt 0.34375 0.21875
vt 0.375 0.21875
vt 0.375 0.15625
vt 0.34375 0.15625
vt 0.40625 0.25
vt 0 0.25
vt 0 0.28125
vt 0.40625 0.28125
vt 0.8125 0.28125
vt 0.40625 0.28125
vt 0.40625 0.25
vt 0.8125 0.25
vn 0 0 -1
vn 1 0 0
vn 0 0 1
vn -1 0 0
vn 0 1 0
vn 0 -1 0
usemtl m_2c9aff7f-040d-a16c-c3b7-a524c947a5f8
f 1396/3484/871 1399/3483/871 1397/3482/871 1394/3481/871
f 1395/3488/872 1396/3487/872 1394/3486/872 1393/3485/872
f 1400/3492/873 1395/3491/873 1393/3490/873 1398/3489/873
f 1399/3496/874 1400/3495/874 1398/3494/874 1397/3493/874
f 1398/3500/875 1393/3499/875 1394/3498/875 1397/3497/875
f 1399/3504/876 1396/3503/876 1395/3502/876 1400/3501/876
o cube
v 1.625 0.875 5.3125
v 1.625 0.875 4.3125
v 1.625 0.625 5.3125
v 1.625 0.625 4.3125
v 1.5 0.875 4.3125
v 1.5 0.875 5.3125
v 1.5 0.625 4.3125
v 1.5 0.625 5.3125
vt 0.375 0.21875
vt 0.40625 0.21875
vt 0.40625 0.15625
vt 0.375 0.15625
vt 0 0.4375
vt 0.25 0.4375
vt 0.25 0.375
vt 0 0.375
vt 0.40625 0.21875
vt 0.4375 0.21875
vt 0.4375 0.15625
vt 0.40625 0.15625
vt 0.25 0.4375
vt 0.5 0.4375
vt 0.5 0.375
vt 0.25 0.375
vt 0.53125 0
vt 0.5 0
vt 0.5 0.25
vt 0.53125 0.25
vt 0.5625 0.25
vt 0.53125 0.25
vt 0.53125 0
vt 0.5625 0
vn 0 0 -1
vn 1 0 0
vn 0 0 1
vn -1 0 0
vn 0 1 0
vn 0 -1 0
usemtl m_2c9aff7f-040d-a16c-c3b7-a524c947a5f8
f 1404/3508/877 1407/3507/877 1405/3506/877 1402/3505/877
f 1403/3512/878 1404/3511/878 1402/3510/878 1401/3509/878
f 1408/3516/879 1403/3515/879 1401/3514/879 1406/3513/879
f 1407/3520/880 1408/3519/880 1406/3518/880 1405/3517/880
f 1406/3524/881 1401/3523/881 1402/3522/881 1405/3521/881
f 1407/3528/882 1404/3527/882 1403/3526/882 1408/3525/882
o cube
v 3.375 0.875 5.3125
v 3.375 0.875 4.3125
v 3.375 0.625 5.3125
v 3.375 0.625 4.3125
v 3.25 0.875 4.3125
v 3.25 0.875 5.3125
v 3.25 0.625 4.3125
v 3.25 0.625 5.3125
vt 0.4375 0.21875
vt 0.46875 0.21875
vt 0.46875 0.15625
vt 0.4375 0.15625
vt 0.5 0.4375
vt 0.75 0.4375
vt 0.75 0.375
vt 0.5 0.375
vt 0.46875 0.21875
vt 0.5 0.21875
vt 0.5 0.15625
vt 0.46875 0.15625
vt 0 0.375
vt 0.25 0.375
vt 0.25 0.3125
vt 0 0.3125
vt 0.59375 0
vt 0.5625 0
vt 0.5625 0.25
vt 0.59375 0.25
vt 0.625 0.25
vt 0.59375 0.25
vt 0.59375 0
vt 0.625 0
vn 0 0 -1
vn 1 0 0
vn 0 0 1
vn -1 0 0
vn 0 1 0
vn 0 -1 0
usemtl m_2c9aff7f-040d-a16c-c3b7-a524c947a5f8
f 1412/3532/883 1415/3531/883 1413/3530/883 1410/3529/883
f 1411/3536/884 1412/3535/884 1410/3534/884 1409/3533/884
f 1416/3540/885 1411/3539/885 1409/3538/885 1414/3537/885
f 1415/3544/886 1416/3543/886 1414/3542/886 1413/3541/886
f 1414/3548/887 1409/3547/887 1410/3546/887 1413/3545/887
f 1415/3552/888 1412/3551/888 1411/3550/888 1416/3549/888
o cube
v 4.3125 0.3125 4.5107825671546795
v 4.3125 0.3125 4.3857825671546795
v 4.3125 0.0625 4.5107825671546795
v 4.3125 0.0625 4.3857825671546795
v 4.1875 0.3125 4.3857825671546795
v 4.1875 0.3125 4.5107825671546795
v 4.1875 0.0625 4.3857825671546795
v 4.1875 0.0625 4.5107825671546795
vt 0.0625 0.1875
vt 0.09375 0.1875
vt 0.09375 0.125
vt 0.0625 0.125
vt 0.09375 0.1875
vt 0.125 0.1875
vt 0.125 0.125
vt 0.09375 0.125
vt 0.125 0.1875
vt 0.15625 0.1875
vt 0.15625 0.125
vt 0.125 0.125
vt 0.15625 0.1875
vt 0.1875 0.1875
vt 0.1875 0.125
vt 0.15625 0.125
vn 0 0 -1
vn 1 0 0
vn 0 0 1
vn -1 0 0
usemtl m_54da9a6c-a128-946f-b6df-9037e2011822
f 1420/3556/889 1423/3555/889 1421/3554/889 1418/3553/889
f 1419/3560/890 1420/3559/890 1418/3558/890 1417/3557/890
f 1424/3564/891 1419/3563/891 1417/3562/891 1422/3561/891
f 1423/3568/892 1424/3567/892 1422/3566/892 1421/3565/892
o cube
v 4.328125 0.21875 4.5264075671546795
v 4.328125 0.21875 4.3701575671546795
v 4.328125 0 4.5264075671546795
v 4.328125 0 4.3701575671546795
v 4.171875 0.21875 4.3701575671546795
v 4.171875 0.21875 4.5264075671546795
v 4.171875 0 4.3701575671546795
v 4.171875 0 4.5264075671546795
vt 0.5625 0.1875
vt 0.59375 0.1875
vt 0.59375 0.140625
vt 0.5625 0.140625
vt 0.59375 0.1875
vt 0.625 0.1875
vt 0.625 0.140625
vt 0.59375 0.140625
vt 0.625 0.1875
vt 0.65625 0.1875
vt 0.65625 0.140625
vt 0.625 0.140625
vt 0.65625 0.1875
vt 0.6875 0.1875
vt 0.6875 0.140625
vt 0.65625 0.140625
vt 0.875 0.140625
vt 0.84375 0.140625
vt 0.84375 0.109375
vt 0.875 0.109375
vn 0 0 -1
vn 1 0 0
vn 0 0 1
vn -1 0 0
vn 0 -1 0
usemtl m_54da9a6c-a128-946f-b6df-9037e2011822
f 1428/3572/893 1431/3571/893 1429/3570/893 1426/3569/893
f 1427/3576/894 1428/3575/894 1426/3574/894 1425/3573/894
f 1432/3580/895 1427/3579/895 1425/3578/895 1430/3577/895
f 1431/3584/896 1432/3583/896 1430/3582/896 1429/3581/896
f 1431/3588/897 1428/3587/897 1427/3586/897 1432/3585/897
o cube
v 5.953125 0.21875 5.2548424328453205
v 5.953125 0.21875 5.0985924328453205
v 5.953125 0 5.2548424328453205
v 5.953125 0 5.0985924328453205
v 5.796875 0.21875 5.0985924328453205
v 5.796875 0.21875 5.2548424328453205
v 5.796875 0 5.0985924328453205
v 5.796875 0 5.2548424328453205
vt 0.8125 0.1875
vt 0.84375 0.1875
vt 0.84375 0.140625
vt 0.8125 0.140625
vt 0.84375 0.1875
vt 0.875 0.1875
vt 0.875 0.140625
vt 0.84375 0.140625
vt 0.5625 0.140625
vt 0.59375 0.140625
vt 0.59375 0.09375
vt 0.5625 0.09375
vt 0.59375 0.140625
vt 0.625 0.140625
vt 0.625 0.09375
vt 0.59375 0.09375
vt 0.125 0.125
vt 0.09375 0.125
vt 0.09375 0.09375
vt 0.125 0.09375
vn 0 0 -1
vn 1 0 0
vn 0 0 1
vn -1 0 0
vn 0 -1 0
usemtl m_54da9a6c-a128-946f-b6df-9037e2011822
f 1436/3592/898 1439/3591/898 1437/3590/898 1434/3589/898
f 1435/3596/899 1436/3595/899 1434/3594/899 1433/3593/899
f 1440/3600/900 1435/3599/900 1433/3598/900 1438/3597/900
f 1439/3604/901 1440/3603/901 1438/3602/901 1437/3601/901
f 1439/3608/902 1436/3607/902 1435/3606/902 1440/3605/902
o cube
v 5.9375 0.3125 5.2392174328453205
v 5.9375 0.3125 5.1142174328453205
v 5.9375 0.0625 5.2392174328453205
v 5.9375 0.0625 5.1142174328453205
v 5.8125 0.3125 5.1142174328453205
v 5.8125 0.3125 5.2392174328453205
v 5.8125 0.0625 5.1142174328453205
v 5.8125 0.0625 5.2392174328453205
vt 0.3125 0.1875
vt 0.34375 0.1875
vt 0.34375 0.125
vt 0.3125 0.125
vt 0.34375 0.1875
vt 0.375 0.1875
vt 0.375 0.125
vt 0.34375 0.125
vt 0.375 0.1875
vt 0.40625 0.1875
vt 0.40625 0.125
vt 0.375 0.125
vt 0.40625 0.1875
vt 0.4375 0.1875
vt 0.4375 0.125
vt 0.40625 0.125
vn 0 0 -1
vn 1 0 0
vn 0 0 1
vn -1 0 0
usemtl m_54da9a6c-a128-946f-b6df-9037e2011822
f 1444/3612/903 1447/3611/903 1445/3610/903 1442/3609/903
f 1443/3616/904 1444/3615/904 1442/3614/904 1441/3613/904
f 1448/3620/905 1443/3619/905 1441/3618/905 1446/3617/905
f 1447/3624/906 1448/3623/906 1446/3622/906 1445/3621/906
o cube
v 4.328125 0.21875 5.2548424328453205
v 4.328125 0.21875 5.0985924328453205
v 4.328125 0 5.2548424328453205
v 4.328125 0 5.0985924328453205
v 4.171875 0.21875 5.0985924328453205
v 4.171875 0.21875 5.2548424328453205
v 4.171875 0 5.0985924328453205
v 4.171875 0 5.2548424328453205
vt 0.6875 0.1875
vt 0.71875 0.1875
vt 0.71875 0.140625
vt 0.6875 0.140625
vt 0.71875 0.1875
vt 0.75 0.1875
vt 0.75 0.140625
vt 0.71875 0.140625
vt 0.75 0.1875
vt 0.78125 0.1875
vt 0.78125 0.140625
vt 0.75 0.140625
vt 0.78125 0.1875
vt 0.8125 0.1875
vt 0.8125 0.140625
vt 0.78125 0.140625
vt 0.09375 0.125
vt 0.0625 0.125
vt 0.0625 0.09375
vt 0.09375 0.09375
vn 0 0 -1
vn 1 0 0
vn 0 0 1
vn -1 0 0
vn 0 -1 0
usemtl m_54da9a6c-a128-946f-b6df-9037e2011822
f 1452/3628/907 1455/3627/907 1453/3626/907 1450/3625/907
f 1451/3632/908 1452/3631/908 1450/3630/908 1449/3629/908
f 1456/3636/909 1451/3635/909 1449/3634/909 1454/3633/909
f 1455/3640/910 1456/3639/910 1454/3638/910 1453/3637/910
f 1455/3644/911 1452/3643/911 1451/3642/911 1456/3641/911
o cube
v 4.3125 0.3125 5.2392174328453205
v 4.3125 0.3125 5.1142174328453205
v 4.3125 0.0625 5.2392174328453205
v 4.3125 0.0625 5.1142174328453205
v 4.1875 0.3125 5.1142174328453205
v 4.1875 0.3125 5.2392174328453205
v 4.1875 0.0625 5.1142174328453205
v 4.1875 0.0625 5.2392174328453205
vt 0.1875 0.1875
vt 0.21875 0.1875
vt 0.21875 0.125
vt 0.1875 0.125
vt 0.21875 0.1875
vt 0.25 0.1875
vt 0.25 0.125
vt 0.21875 0.125
vt 0.25 0.1875
vt 0.28125 0.1875
vt 0.28125 0.125
vt 0.25 0.125
vt 0.28125 0.1875
vt 0.3125 0.1875
vt 0.3125 0.125
vt 0.28125 0.125
vn 0 0 -1
vn 1 0 0
vn 0 0 1
vn -1 0 0
usemtl m_54da9a6c-a128-946f-b6df-9037e2011822
f 1460/3648/912 1463/3647/912 1461/3646/912 1458/3645/912
f 1459/3652/913 1460/3651/913 1458/3650/913 1457/3649/913
f 1464/3656/914 1459/3655/914 1457/3654/914 1462/3653/914
f 1463/3660/915 1464/3659/915 1462/3658/915 1461/3657/915
o cube
v 5.9375 0.3125 4.5107825671546795
v 5.9375 0.3125 4.3857825671546795
v 5.9375 0.0625 4.5107825671546795
v 5.9375 0.0625 4.3857825671546795
v 5.8125 0.3125 4.3857825671546795
v 5.8125 0.3125 4.5107825671546795
v 5.8125 0.0625 4.3857825671546795
v 5.8125 0.0625 4.5107825671546795
vt 0.4375 0.1875
vt 0.46875 0.1875
vt 0.46875 0.125
vt 0.4375 0.125
vt 0.46875 0.1875
vt 0.5 0.1875
vt 0.5 0.125
vt 0.46875 0.125
vt 0.5 0.1875
vt 0.53125 0.1875
vt 0.53125 0.125
vt 0.5 0.125
vt 0.53125 0.1875
vt 0.5625 0.1875
vt 0.5625 0.125
vt 0.53125 0.125
vn 0 0 -1
vn 1 0 0
vn 0 0 1
vn -1 0 0
usemtl m_54da9a6c-a128-946f-b6df-9037e2011822
f 1468/3664/916 1471/3663/916 1469/3662/916 1466/3661/916
f 1467/3668/917 1468/3667/917 1466/3666/917 1465/3665/917
f 1472/3672/918 1467/3671/918 1465/3670/918 1470/3669/918
f 1471/3676/919 1472/3675/919 1470/3674/919 1469/3673/919
o cube
v 5.953125 0.21875 4.5264075671546795
v 5.953125 0.21875 4.3701575671546795
v 5.953125 0 4.5264075671546795
v 5.953125 0 4.3701575671546795
v 5.796875 0.21875 4.3701575671546795
v 5.796875 0.21875 4.5264075671546795
v 5.796875 0 4.3701575671546795
v 5.796875 0 4.5264075671546795
vt 0.625 0.140625
vt 0.65625 0.140625
vt 0.65625 0.09375
vt 0.625 0.09375
vt 0.65625 0.140625
vt 0.6875 0.140625
vt 0.6875 0.09375
vt 0.65625 0.09375
vt 0.6875 0.140625
vt 0.71875 0.140625
vt 0.71875 0.09375
vt 0.6875 0.09375
vt 0.71875 0.140625
vt 0.75 0.140625
vt 0.75 0.09375
vt 0.71875 0.09375
vt 0.15625 0.125
vt 0.125 0.125
vt 0.125 0.09375
vt 0.15625 0.09375
vn 0 0 -1
vn 1 0 0
vn 0 0 1
vn -1 0 0
vn 0 -1 0
usemtl m_54da9a6c-a128-946f-b6df-9037e2011822
f 1476/3680/920 1479/3679/920 1477/3678/920 1474/3677/920
f 1475/3684/921 1476/3683/921 1474/3682/921 1473/3681/921
f 1480/3688/922 1475/3687/922 1473/3686/922 1478/3685/922
f 1479/3692/923 1480/3691/923 1478/3690/923 1477/3689/923
f 1479/3696/924 1476/3695/924 1475/3694/924 1480/3693/924
o cube
v 5 0.8125 4.3857825671546795
v 5 0.8125 4.3232825671546795
v 5 0.5 4.3857825671546795
v 5 0.5 4.3232825671546795
v 4.9375 0.8125 4.3232825671546795
v 4.9375 0.8125 4.3857825671546795
v 4.9375 0.5 4.3232825671546795
v 4.9375 0.5 4.3857825671546795
vt 0.75 0.140625
vt 0.765625 0.140625
vt 0.765625 0.0625
vt 0.75 0.0625
vt 0.765625 0.140625
vt 0.78125 0.140625
vt 0.78125 0.0625
vt 0.765625 0.0625
vt 0.78125 0.140625
vt 0.796875 0.140625
vt 0.796875 0.0625
vt 0.78125 0.0625
vt 0.171875 0.109375
vt 0.15625 0.109375
vt 0.15625 0.125
vt 0.171875 0.125
vt 0.1875 0.125
vt 0.171875 0.125
vt 0.171875 0.109375
vt 0.1875 0.109375
vn 0 0 -1
vn 1 0 0
vn -1 0 0
vn 0 1 0
vn 0 -1 0
usemtl m_54da9a6c-a128-946f-b6df-9037e2011822
f 1484/3700/925 1487/3699/925 1485/3698/925 1482/3697/925
f 1483/3704/926 1484/3703/926 1482/3702/926 1481/3701/926
f 1487/3708/927 1488/3707/927 1486/3706/927 1485/3705/927
f 1486/3712/928 1481/3711/928 1482/3710/928 1485/3709/928
f 1487/3716/929 1484/3715/929 1483/3714/929 1488/3713/929
o cube
v 5.1875 0.8125 4.3857825671546795
v 5.1875 0.8125 4.3232825671546795
v 5.1875 0.5 4.3857825671546795
v 5.1875 0.5 4.3232825671546795
v 5.125 0.8125 4.3232825671546795
v 5.125 0.8125 4.3857825671546795
v 5.125 0.5 4.3232825671546795
v 5.125 0.5 4.3857825671546795
vt 0.796875 0.140625
vt 0.8125 0.140625
vt 0.8125 0.0625
vt 0.796875 0.0625
vt 0.8125 0.140625
vt 0.828125 0.140625
vt 0.828125 0.0625
vt 0.8125 0.0625
vt 0.828125 0.140625
vt 0.84375 0.140625
vt 0.84375 0.0625
vt 0.828125 0.0625
vt 0.203125 0.109375
vt 0.1875 0.109375
vt 0.1875 0.125
vt 0.203125 0.125
vt 0.21875 0.125
vt 0.203125 0.125
vt 0.203125 0.109375
vt 0.21875 0.109375
vn 0 0 -1
vn 1 0 0
vn -1 0 0
vn 0 1 0
vn 0 -1 0
usemtl m_54da9a6c-a128-946f-b6df-9037e2011822
f 1492/3720/930 1495/3719/930 1493/3718/930 1490/3717/930
f 1491/3724/931 1492/3723/931 1490/3722/931 1489/3721/931
f 1495/3728/932 1496/3727/932 1494/3726/932 1493/3725/932
f 1494/3732/933 1489/3731/933 1490/3730/933 1493/3729/933
f 1495/3736/934 1492/3735/934 1491/3734/934 1496/3733/934
o cube
v 6 1 5.3125
v 6 1 4.3125
v 6 0.875 5.3125
v 6 0.875 4.3125
v 4.125 1 4.3125
v 4.125 1 5.3125
v 4.125 0.875 4.3125
v 4.125 0.875 5.3125
vt 0 0.28125
vt 0.46875 0.28125
vt 0.46875 0.25
vt 0 0.25
vt 0 0.21875
vt 0.25 0.21875
vt 0.25 0.1875
vt 0 0.1875
vt 0.46875 0.28125
vt 0.9375 0.28125
vt 0.9375 0.25
vt 0.46875 0.25
vt 0.25 0.21875
vt 0.5 0.21875
vt 0.5 0.1875
vt 0.25 0.1875
vt 0.46875 0.75
vt 0 0.75
vt 0 1
vt 0.46875 1
vt 0.46875 0.75
vt 0 0.75
vt 0 0.5
vt 0.46875 0.5
vn 0 0 -1
vn 1 0 0
vn 0 0 1
vn -1 0 0
vn 0 1 0
vn 0 -1 0
usemtl m_54da9a6c-a128-946f-b6df-9037e2011822
f 1500/3740/935 1503/3739/935 1501/3738/935 1498/3737/935
f 1499/3744/936 1500/3743/936 1498/3742/936 1497/3741/936
f 1504/3748/937 1499/3747/937 1497/3746/937 1502/3745/937
f 1503/3752/938 1504/3751/938 1502/3750/938 1501/3749/938
f 1502/3756/939 1497/3755/939 1498/3754/939 1501/3753/939
f 1503/3760/940 1500/3759/940 1499/3758/940 1504/3757/940
o cube
v 6 0.4375 5.3125
v 6 0.4375 4.3125
v 6 0.3125 5.3125
v 6 0.3125 4.3125
v 4.125 0.4375 4.3125
v 4.125 0.4375 5.3125
v 4.125 0.3125 4.3125
v 4.125 0.3125 5.3125
vt 0 0.25
vt 0.46875 0.25
vt 0.46875 0.21875
vt 0 0.21875
vt 0.5 0.21875
vt 0.75 0.21875
vt 0.75 0.1875
vt 0.5 0.1875
vt 0.46875 0.25
vt 0.9375 0.25
vt 0.9375 0.21875
vt 0.46875 0.21875
vt 0.75 0.21875
vt 1 0.21875
vt 1 0.1875
vt 0.75 0.1875
vt 0.9375 0.75
vt 0.46875 0.75
vt 0.46875 1
vt 0.9375 1
vt 0.9375 0.75
vt 0.46875 0.75
vt 0.46875 0.5
vt 0.9375 0.5
vn 0 0 -1
vn 1 0 0
vn 0 0 1
vn -1 0 0
vn 0 1 0
vn 0 -1 0
usemtl m_54da9a6c-a128-946f-b6df-9037e2011822
f 1508/3764/941 1511/3763/941 1509/3762/941 1506/3761/941
f 1507/3768/942 1508/3767/942 1506/3766/942 1505/3765/942
f 1512/3772/943 1507/3771/943 1505/3770/943 1510/3769/943
f 1511/3776/944 1512/3775/944 1510/3774/944 1509/3773/944
f 1510/3780/945 1505/3779/945 1506/3778/945 1509/3777/945
f 1511/3784/946 1508/3783/946 1507/3782/946 1512/3781/946
o cube
v 5.9375 0.875 5.25
v 5.9375 0.875 4.375
v 5.9375 0.4375 5.25
v 5.9375 0.4375 4.375
v 4.1875 0.875 4.375
v 4.1875 0.875 5.25
v 4.1875 0.4375 4.375
v 4.1875 0.4375 5.25
vt 0 0.390625
vt 0.4375 0.390625
vt 0.4375 0.28125
vt 0 0.28125
vt 0.4375 0.390625
vt 0.65625 0.390625
vt 0.65625 0.28125
vt 0.4375 0.28125
vt 0.65625 0.390625
vt 0.875 0.390625
vt 0.875 0.28125
vt 0.65625 0.28125
vn 0 0 -1
vn 1 0 0
vn -1 0 0
usemtl m_54da9a6c-a128-946f-b6df-9037e2011822
f 1516/3788/947 1519/3787/947 1517/3786/947 1514/3785/947
f 1515/3792/948 1516/3791/948 1514/3790/948 1513/3789/948
f 1519/3796/949 1520/3795/949 1518/3794/949 1517/3793/949
o cube
v 6 0.875 5.3125
v 6 0.875 5.1875
v 6 0.4375 5.3125
v 6 0.4375 5.1875
v 4.125 0.875 5.1875
v 4.125 0.875 5.3125
v 4.125 0.4375 5.1875
v 4.125 0.4375 5.3125
vt 0 0.5
vt 0.46875 0.5
vt 0.46875 0.390625
vt 0 0.390625
vt 0 0.1875
vt 0.03125 0.1875
vt 0.03125 0.078125
vt 0 0.078125
vt 0.46875 0.5
vt 0.9375 0.5
vt 0.9375 0.390625
vt 0.46875 0.390625
vt 0.03125 0.1875
vt 0.0625 0.1875
vt 0.0625 0.078125
vt 0.03125 0.078125
vn 0 0 -1
vn 1 0 0
vn 0 0 1
vn -1 0 0
usemtl m_54da9a6c-a128-946f-b6df-9037e2011822
f 1524/3800/950 1527/3799/950 1525/3798/950 1522/3797/950
f 1523/3804/951 1524/3803/951 1522/3802/951 1521/3801/951
f 1528/3808/952 1523/3807/952 1521/3806/952 1526/3805/952
f 1527/3812/953 1528/3811/953 1526/3810/953 1525/3809/953
o cube
v 6.9375 0.75 4.5107825671546795
v 6.9375 0.75 4.3857825671546795
v 6.9375 0.0625 4.5107825671546795
v 6.9375 0.0625 4.3857825671546795
v 6.8125 0.75 4.3857825671546795
v 6.8125 0.75 4.5107825671546795
v 6.8125 0.0625 4.3857825671546795
v 6.8125 0.0625 4.5107825671546795
vt 0 0.46875
vt 0.03125 0.46875
vt 0.03125 0.296875
vt 0 0.296875
vt 0.03125 0.46875
vt 0.0625 0.46875
vt 0.0625 0.296875
vt 0.03125 0.296875
vt 0.0625 0.46875
vt 0.09375 0.46875
vt 0.09375 0.296875
vt 0.0625 0.296875
vt 0.09375 0.46875
vt 0.125 0.46875
vt 0.125 0.296875
vt 0.09375 0.296875
vn 0 0 -1
vn 1 0 0
vn 0 0 1
vn -1 0 0
usemtl m_baae1734-56a2-1a7c-ea9e-f20109bda23a
f 1532/3816/954 1535/3815/954 1533/3814/954 1530/3813/954
f 1531/3820/955 1532/3819/955 1530/3818/955 1529/3817/955
f 1536/3824/956 1531/3823/956 1529/3822/956 1534/3821/956
f 1535/3828/957 1536/3827/957 1534/3826/957 1533/3825/957
o cube
v 6.953125 0.21875 4.5264075671546795
v 6.953125 0.21875 4.3701575671546795
v 6.953125 0 4.5264075671546795
v 6.953125 0 4.3701575671546795
v 6.796875 0.21875 4.3701575671546795
v 6.796875 0.21875 4.5264075671546795
v 6.796875 0 4.3701575671546795
v 6.796875 0 4.5264075671546795
vt 0.5 0.46875
vt 0.53125 0.46875
vt 0.53125 0.421875
vt 0.5 0.421875
vt 0.53125 0.46875
vt 0.5625 0.46875
vt 0.5625 0.421875
vt 0.53125 0.421875
vt 0.5625 0.46875
vt 0.59375 0.46875
vt 0.59375 0.421875
vt 0.5625 0.421875
vt 0.5 0.421875
vt 0.53125 0.421875
vt 0.53125 0.375
vt 0.5 0.375
vt 0.65625 0.359375
vt 0.625 0.359375
vt 0.625 0.328125
vt 0.65625 0.328125
vn 0 0 -1
vn 1 0 0
vn 0 0 1
vn -1 0 0
vn 0 -1 0
usemtl m_baae1734-56a2-1a7c-ea9e-f20109bda23a
f 1540/3832/958 1543/3831/958 1541/3830/958 1538/3829/958
f 1539/3836/959 1540/3835/959 1538/3834/959 1537/3833/959
f 1544/3840/960 1539/3839/960 1537/3838/960 1542/3837/960
f 1543/3844/961 1544/3843/961 1542/3842/961 1541/3841/961
f 1543/3848/962 1540/3847/962 1539/3846/962 1544/3845/962
o cube
v 8.578125 0.21875 5.2548424328453205
v 8.578125 0.21875 5.0985924328453205
v 8.578125 0 5.2548424328453205
v 8.578125 0 5.0985924328453205
v 8.421875 0.21875 5.0985924328453205
v 8.421875 0.21875 5.2548424328453205
v 8.421875 0 5.0985924328453205
v 8.421875 0 5.2548424328453205
vt 0.59375 0.40625
vt 0.625 0.40625
vt 0.625 0.359375
vt 0.59375 0.359375
vt 0.5 0.375
vt 0.53125 0.375
vt 0.53125 0.328125
vt 0.5 0.328125
vt 0.625 0.5
vt 0.65625 0.5
vt 0.65625 0.453125
vt 0.625 0.453125
vt 0.53125 0.375
vt 0.5625 0.375
vt 0.5625 0.328125
vt 0.53125 0.328125
vt 0.6875 0.46875
vt 0.65625 0.46875
vt 0.65625 0.4375
vt 0.6875 0.4375
vn 0 0 -1
vn 1 0 0
vn 0 0 1
vn -1 0 0
vn 0 -1 0
usemtl m_baae1734-56a2-1a7c-ea9e-f20109bda23a
f 1548/3852/963 1551/3851/963 1549/3850/963 1546/3849/963
f 1547/3856/964 1548/3855/964 1546/3854/964 1545/3853/964
f 1552/3860/965 1547/3859/965 1545/3858/965 1550/3857/965
f 1551/3864/966 1552/3863/966 1550/3862/966 1549/3861/966
f 1551/3868/967 1548/3867/967 1547/3866/967 1552/3865/967
o cube
v 8.5625 0.75 5.2392174328453205
v 8.5625 0.75 5.1142174328453205
v 8.5625 0.0625 5.2392174328453205
v 8.5625 0.0625 5.1142174328453205
v 8.4375 0.75 5.1142174328453205
v 8.4375 0.75 5.2392174328453205
v 8.4375 0.0625 5.1142174328453205
v 8.4375 0.0625 5.2392174328453205
vt 0.25 0.46875
vt 0.28125 0.46875
vt 0.28125 0.296875
vt 0.25 0.296875
vt 0.28125 0.46875
vt 0.3125 0.46875
vt 0.3125 0.296875
vt 0.28125 0.296875
vt 0.3125 0.46875
vt 0.34375 0.46875
vt 0.34375 0.296875
vt 0.3125 0.296875
vt 0.34375 0.46875
vt 0.375 0.46875
vt 0.375 0.296875
vt 0.34375 0.296875
vn 0 0 -1
vn 1 0 0
vn 0 0 1
vn -1 0 0
usemtl m_baae1734-56a2-1a7c-ea9e-f20109bda23a
f 1556/3872/968 1559/3871/968 1557/3870/968 1554/3869/968
f 1555/3876/969 1556/3875/969 1554/3874/969 1553/3873/969
f 1560/3880/970 1555/3879/970 1553/3878/970 1558/3877/970
f 1559/3884/971 1560/3883/971 1558/3882/971 1557/3881/971
o cube
v 6.953125 0.21875 5.2548424328453205
v 6.953125 0.21875 5.0985924328453205
v 6.953125 0 5.2548424328453205
v 6.953125 0 5.0985924328453205
v 6.796875 0.21875 5.0985924328453205
v 6.796875 0.21875 5.2548424328453205
v 6.796875 0 5.0985924328453205
v 6.796875 0 5.2548424328453205
vt 0.53125 0.421875
vt 0.5625 0.421875
vt 0.5625 0.375
vt 0.53125 0.375
vt 0.5625 0.421875
vt 0.59375 0.421875
vt 0.59375 0.375
vt 0.5625 0.375
vt 0.59375 0.5
vt 0.625 0.5
vt 0.625 0.453125
vt 0.59375 0.453125
vt 0.59375 0.453125
vt 0.625 0.453125
vt 0.625 0.40625
vt 0.59375 0.40625
vt 0.6875 0.5
vt 0.65625 0.5
vt 0.65625 0.46875
vt 0.6875 0.46875
vn 0 0 -1
vn 1 0 0
vn 0 0 1
vn -1 0 0
vn 0 -1 0
usemtl m_baae1734-56a2-1a7c-ea9e-f20109bda23a
f 1564/3888/972 1567/3887/972 1565/3886/972 1562/3885/972
f 1563/3892/973 1564/3891/973 1562/3890/973 1561/3889/973
f 1568/3896/974 1563/3895/974 1561/3894/974 1566/3893/974
f 1567/3900/975 1568/3899/975 1566/3898/975 1565/3897/975
f 1567/3904/976 1564/3903/976 1563/3902/976 1568/3901/976
o cube
v 6.9375 0.75 5.2392174328453205
v 6.9375 0.75 5.1142174328453205
v 6.9375 0.0625 5.2392174328453205
v 6.9375 0.0625 5.1142174328453205
v 6.8125 0.75 5.1142174328453205
v 6.8125 0.75 5.2392174328453205
v 6.8125 0.0625 5.1142174328453205
v 6.8125 0.0625 5.2392174328453205
vt 0.125 0.46875
vt 0.15625 0.46875
vt 0.15625 0.296875
vt 0.125 0.296875
vt 0.15625 0.46875
vt 0.1875 0.46875
vt 0.1875 0.296875
vt 0.15625 0.296875
vt 0.1875 0.46875
vt 0.21875 0.46875
vt 0.21875 0.296875
vt 0.1875 0.296875
vt 0.21875 0.46875
vt 0.25 0.46875
vt 0.25 0.296875
vt 0.21875 0.296875
vn 0 0 -1
vn 1 0 0
vn 0 0 1
vn -1 0 0
usemtl m_baae1734-56a2-1a7c-ea9e-f20109bda23a
f 1572/3908/977 1575/3907/977 1573/3906/977 1570/3905/977
f 1571/3912/978 1572/3911/978 1570/3910/978 1569/3909/978
f 1576/3916/979 1571/3915/979 1569/3914/979 1574/3913/979
f 1575/3920/980 1576/3919/980 1574/3918/980 1573/3917/980
o cube
v 8.5625 0.75 4.5107825671546795
v 8.5625 0.75 4.3857825671546795
v 8.5625 0.0625 4.5107825671546795
v 8.5625 0.0625 4.3857825671546795
v 8.4375 0.75 4.3857825671546795
v 8.4375 0.75 4.5107825671546795
v 8.4375 0.0625 4.3857825671546795
v 8.4375 0.0625 4.5107825671546795
vt 0.375 0.46875
vt 0.40625 0.46875
vt 0.40625 0.296875
vt 0.375 0.296875
vt 0.40625 0.46875
vt 0.4375 0.46875
vt 0.4375 0.296875
vt 0.40625 0.296875
vt 0.4375 0.46875
vt 0.46875 0.46875
vt 0.46875 0.296875
vt 0.4375 0.296875
vt 0.46875 0.46875
vt 0.5 0.46875
vt 0.5 0.296875
vt 0.46875 0.296875
vn 0 0 -1
vn 1 0 0
vn 0 0 1
vn -1 0 0
usemtl m_baae1734-56a2-1a7c-ea9e-f20109bda23a
f 1580/3924/981 1583/3923/981 1581/3922/981 1578/3921/981
f 1579/3928/982 1580/3927/982 1578/3926/982 1577/3925/982
f 1584/3932/983 1579/3931/983 1577/3930/983 1582/3929/983
f 1583/3936/984 1584/3935/984 1582/3934/984 1581/3933/984
o cube
v 8.578125 0.21875 4.5264075671546795
v 8.578125 0.21875 4.3701575671546795
v 8.578125 0 4.5264075671546795
v 8.578125 0 4.3701575671546795
v 8.421875 0.21875 4.3701575671546795
v 8.421875 0.21875 4.5264075671546795
v 8.421875 0 4.3701575671546795
v 8.421875 0 4.5264075671546795
vt 0.625 0.453125
vt 0.65625 0.453125
vt 0.65625 0.40625
vt 0.625 0.40625
vt 0.5625 0.375
vt 0.59375 0.375
vt 0.59375 0.328125
vt 0.5625 0.328125
vt 0.625 0.40625
vt 0.65625 0.40625
vt 0.65625 0.359375
vt 0.625 0.359375
vt 0.59375 0.359375
vt 0.625 0.359375
vt 0.625 0.3125
vt 0.59375 0.3125
vt 0.6875 0.4375
vt 0.65625 0.4375
vt 0.65625 0.40625
vt 0.6875 0.40625
vn 0 0 -1
vn 1 0 0
vn 0 0 1
vn -1 0 0
vn 0 -1 0
usemtl m_baae1734-56a2-1a7c-ea9e-f20109bda23a
f 1588/3940/985 1591/3939/985 1589/3938/985 1586/3937/985
f 1587/3944/986 1588/3943/986 1586/3942/986 1585/3941/986
f 1592/3948/987 1587/3947/987 1585/3946/987 1590/3945/987
f 1591/3952/988 1592/3951/988 1590/3950/988 1589/3949/988
f 1591/3956/989 1588/3955/989 1587/3954/989 1592/3953/989
o cube
v 8.625 1 5.3125
v 8.625 1 4.3125
v 8.625 0.875 5.3125
v 8.625 0.875 4.3125
v 6.75 1 4.3125
v 6.75 1 5.3125
v 6.75 0.875 4.3125
v 6.75 0.875 5.3125
vt 0.46875 0.78125
vt 0.9375 0.78125
vt 0.9375 0.75
vt 0.46875 0.75
vt 0.46875 0.59375
vt 0.71875 0.59375
vt 0.71875 0.5625
vt 0.46875 0.5625
vt 0.46875 0.75
vt 0.9375 0.75
vt 0.9375 0.71875
vt 0.46875 0.71875
vt 0.46875 0.5625
vt 0.71875 0.5625
vt 0.71875 0.53125
vt 0.46875 0.53125
vt 0.46875 0.75
vt 0 0.75
vt 0 1
vt 0.46875 1
vt 0.46875 0.75
vt 0 0.75
vt 0 0.5
vt 0.46875 0.5
vn 0 0 -1
vn 1 0 0
vn 0 0 1
vn -1 0 0
vn 0 1 0
vn 0 -1 0
usemtl m_baae1734-56a2-1a7c-ea9e-f20109bda23a
f 1596/3960/990 1599/3959/990 1597/3958/990 1594/3957/990
f 1595/3964/991 1596/3963/991 1594/3962/991 1593/3961/991
f 1600/3968/992 1595/3967/992 1593/3966/992 1598/3965/992
f 1599/3972/993 1600/3971/993 1598/3970/993 1597/3969/993
f 1598/3976/994 1593/3975/994 1594/3974/994 1597/3973/994
f 1599/3980/995 1596/3979/995 1595/3978/995 1600/3977/995
o cube
v 8.5625 0.875 5.25
v 8.5625 0.875 4.375
v 8.5625 0.75 5.25
v 8.5625 0.75 4.375
v 6.8125 0.875 4.375
v 6.8125 0.875 5.25
v 6.8125 0.75 4.375
v 6.8125 0.75 5.25
vt 0.46875 0.71875
vt 0.90625 0.71875
vt 0.90625 0.6875
vt 0.46875 0.6875
vt 0.46875 0.53125
vt 0.6875 0.53125
vt 0.6875 0.5
vt 0.46875 0.5
vt 0.46875 0.6875
vt 0.90625 0.6875
vt 0.90625 0.65625
vt 0.46875 0.65625
vt 0 0.5
vt 0.21875 0.5
vt 0.21875 0.46875
vt 0 0.46875
vt 0.90625 1
vt 0.46875 1
vt 0.46875 0.78125
vt 0.90625 0.78125
vn 0 0 -1
vn 1 0 0
vn 0 0 1
vn -1 0 0
vn 0 -1 0
usemtl m_baae1734-56a2-1a7c-ea9e-f20109bda23a
f 1604/3984/996 1607/3983/996 1605/3982/996 1602/3981/996
f 1603/3988/997 1604/3987/997 1602/3986/997 1601/3985/997
f 1608/3992/998 1603/3991/998 1601/3990/998 1606/3989/998
f 1607/3996/999 1608/3995/999 1606/3994/999 1605/3993/999
f 1607/4000/1000 1604/3999/1000 1603/3998/1000 1608/3997/1000
o cube
v 8.5 0.5625 5.1875
v 8.5 0.5625 4.4375
v 8.5 0.4375 5.1875
v 8.5 0.4375 4.4375
v 6.875 0.5625 4.4375
v 6.875 0.5625 5.1875
v 6.875 0.4375 4.4375
v 6.875 0.4375 5.1875
vt 0.46875 0.65625
vt 0.875 0.65625
vt 0.875 0.625
vt 0.46875 0.625
vt 0.21875 0.5
vt 0.40625 0.5
vt 0.40625 0.46875
vt 0.21875 0.46875
vt 0.46875 0.625
vt 0.875 0.625
vt 0.875 0.59375
vt 0.46875 0.59375
vt 0.40625 0.5
vt 0.59375 0.5
vt 0.59375 0.46875
vt 0.40625 0.46875
vn 0 0 -1
vn 1 0 0
vn 0 0 1
vn -1 0 0
usemtl m_baae1734-56a2-1a7c-ea9e-f20109bda23a
f 1612/4004/1001 1615/4003/1001 1613/4002/1001 1610/4001/1001
f 1611/4008/1002 1612/4007/1002 1610/4006/1002 1609/4005/1002
f 1616/4012/1003 1611/4011/1003 1609/4010/1003 1614/4009/1003
f 1615/4016/1004 1616/4015/1004 1614/4014/1004 1613/4013/1004
o cube
v 9.5625 0.1875 4.5107825671546795
v 9.5625 0.1875 4.3857825671546795
v 9.5625 0 4.5107825671546795
v 9.5625 0 4.3857825671546795
v 9.4375 0.1875 4.3857825671546795
v 9.4375 0.1875 4.5107825671546795
v 9.4375 0 4.3857825671546795
v 9.4375 0 4.5107825671546795
vt 0.1171875 0.640625
vt 0.1328125 0.640625
vt 0.1328125 0.6171875
vt 0.1171875 0.6171875
vt 0.1328125 0.640625
vt 0.1484375 0.640625
vt 0.1484375 0.6171875
vt 0.1328125 0.6171875
vt 0.1484375 0.640625
vt 0.1640625 0.640625
vt 0.1640625 0.6171875
vt 0.1484375 0.6171875
vt 0.1640625 0.640625
vt 0.1796875 0.640625
vt 0.1796875 0.6171875
vt 0.1640625 0.6171875
vt 0.484375 0.765625
vt 0.46875 0.765625
vt 0.46875 0.75
vt 0.484375 0.75
vn 0 0 -1
vn 1 0 0
vn 0 0 1
vn -1 0 0
vn 0 -1 0
usemtl m_51092d4e-ec95-6d29-1289-fd89894ce5ec
f 1620/4020/1005 1623/4019/1005 1621/4018/1005 1618/4017/1005
f 1619/4024/1006 1620/4023/1006 1618/4022/1006 1617/4021/1006
f 1624/4028/1007 1619/4027/1007 1617/4026/1007 1622/4025/1007
f 1623/4032/1008 1624/4031/1008 1622/4030/1008 1621/4029/1008
f 1623/4036/1009 1620/4035/1009 1619/4034/1009 1624/4033/1009
o cube
v 11.1875 0.1875 5.2392174328453205
v 11.1875 0.1875 5.1142174328453205
v 11.1875 0 5.2392174328453205
v 11.1875 0 5.1142174328453205
v 11.0625 0.1875 5.1142174328453205
v 11.0625 0.1875 5.2392174328453205
v 11.0625 0 5.1142174328453205
v 11.0625 0 5.2392174328453205
vt 0.1796875 0.640625
vt 0.1953125 0.640625
vt 0.1953125 0.6171875
vt 0.1796875 0.6171875
vt 0.1953125 0.640625
vt 0.2109375 0.640625
vt 0.2109375 0.6171875
vt 0.1953125 0.6171875
vt 0.1328125 0.5234375
vt 0.1484375 0.5234375
vt 0.1484375 0.5
vt 0.1328125 0.5
vt 0.1484375 0.5234375
vt 0.1640625 0.5234375
vt 0.1640625 0.5
vt 0.1484375 0.5
vt 0.3046875 0.5234375
vt 0.2890625 0.5234375
vt 0.2890625 0.5078125
vt 0.3046875 0.5078125
vn 0 0 -1
vn 1 0 0
vn 0 0 1
vn -1 0 0
vn 0 -1 0
usemtl m_51092d4e-ec95-6d29-1289-fd89894ce5ec
f 1628/4040/1010 1631/4039/1010 1629/4038/1010 1626/4037/1010
f 1627/4044/1011 1628/4043/1011 1626/4042/1011 1625/4041/1011
f 1632/4048/1012 1627/4047/1012 1625/4046/1012 1630/4045/1012
f 1631/4052/1013 1632/4051/1013 1630/4050/1013 1629/4049/1013
f 1631/4056/1014 1628/4055/1014 1627/4054/1014 1632/4053/1014
o cube
v 9.5625 0.1875 5.2392174328453205
v 9.5625 0.1875 5.1142174328453205
v 9.5625 0 5.2392174328453205
v 9.5625 0 5.1142174328453205
v 9.4375 0.1875 5.1142174328453205
v 9.4375 0.1875 5.2392174328453205
v 9.4375 0 5.1142174328453205
v 9.4375 0 5.2392174328453205
vt 0.1640625 0.5234375
vt 0.1796875 0.5234375
vt 0.1796875 0.5
vt 0.1640625 0.5
vt 0.1796875 0.5234375
vt 0.1953125 0.5234375
vt 0.1953125 0.5
vt 0.1796875 0.5
vt 0.1953125 0.5234375
vt 0.2109375 0.5234375
vt 0.2109375 0.5
vt 0.1953125 0.5
vt 0.2109375 0.5234375
vt 0.2265625 0.5234375
vt 0.2265625 0.5
vt 0.2109375 0.5
vt 0.3203125 0.5234375
vt 0.3046875 0.5234375
vt 0.3046875 0.5078125
vt 0.3203125 0.5078125
vn 0 0 -1
vn 1 0 0
vn 0 0 1
vn -1 0 0
vn 0 -1 0
usemtl m_51092d4e-ec95-6d29-1289-fd89894ce5ec
f 1636/4060/1015 1639/4059/1015 1637/4058/1015 1634/4057/1015
f 1635/4064/1016 1636/4063/1016 1634/4062/1016 1633/4061/1016
f 1640/4068/1017 1635/4067/1017 1633/4066/1017 1638/4065/1017
f 1639/4072/1018 1640/4071/1018 1638/4070/1018 1637/4069/1018
f 1639/4076/1019 1636/4075/1019 1635/4074/1019 1640/4073/1019
o cube
v 11.1875 0.1875 4.5107825671546795
v 11.1875 0.1875 4.3857825671546795
v 11.1875 0 4.5107825671546795
v 11.1875 0 4.3857825671546795
v 11.0625 0.1875 4.3857825671546795
v 11.0625 0.1875 4.5107825671546795
v 11.0625 0 4.3857825671546795
v 11.0625 0 4.5107825671546795
vt 0.2265625 0.5234375
vt 0.2421875 0.5234375
vt 0.2421875 0.5
vt 0.2265625 0.5
vt 0.2421875 0.5234375
vt 0.2578125 0.5234375
vt 0.2578125 0.5
vt 0.2421875 0.5
vt 0.2578125 0.5234375
vt 0.2734375 0.5234375
vt 0.2734375 0.5
vt 0.2578125 0.5
vt 0.2734375 0.5234375
vt 0.2890625 0.5234375
vt 0.2890625 0.5
vt 0.2734375 0.5
vt 0.3359375 0.5234375
vt 0.3203125 0.5234375
vt 0.3203125 0.5078125
vt 0.3359375 0.5078125
vn 0 0 -1
vn 1 0 0
vn 0 0 1
vn -1 0 0
vn 0 -1 0
usemtl m_51092d4e-ec95-6d29-1289-fd89894ce5ec
f 1644/4080/1020 1647/4079/1020 1645/4078/1020 1642/4077/1020
f 1643/4084/1021 1644/4083/1021 1642/4082/1021 1641/4081/1021
f 1648/4088/1022 1643/4087/1022 1641/4086/1022 1646/4085/1022
f 1647/4092/1023 1648/4091/1023 1646/4090/1023 1645/4089/1023
f 1647/4096/1024 1644/4095/1024 1643/4094/1024 1648/4093/1024
o cube
v 11.25 1 5.3125
v 11.25 1 4.3125
v 11.25 0.875 5.3125
v 11.25 0.875 4.3125
v 9.375 1 4.3125
v 9.375 1 5.3125
v 9.375 0.875 4.3125
v 9.375 0.875 5.3125
vt 0.453125 0.6796875
vt 0.6875 0.6796875
vt 0.6875 0.6640625
vt 0.453125 0.6640625
vt 0.46875 1
vt 0.59375 1
vt 0.59375 0.984375
vt 0.46875 0.984375
vt 0.453125 0.6640625
vt 0.6875 0.6640625
vt 0.6875 0.6484375
vt 0.453125 0.6484375
vt 0.46875 0.984375
vt 0.59375 0.984375
vt 0.59375 0.96875
vt 0.46875 0.96875
vt 0.234375 0.875
vt 0 0.875
vt 0 1
vt 0.234375 1
vt 0.234375 0.875
vt 0 0.875
vt 0 0.75
vt 0.234375 0.75
vn 0 0 -1
vn 1 0 0
vn 0 0 1
vn -1 0 0
vn 0 1 0
vn 0 -1 0
usemtl m_51092d4e-ec95-6d29-1289-fd89894ce5ec
f 1652/4100/1025 1655/4099/1025 1653/4098/1025 1650/4097/1025
f 1651/4104/1026 1652/4103/1026 1650/4102/1026 1649/4101/1026
f 1656/4108/1027 1651/4107/1027 1649/4106/1027 1654/4105/1027
f 1655/4112/1028 1656/4111/1028 1654/4110/1028 1653/4109/1028
f 1654/4116/1029 1649/4115/1029 1650/4114/1029 1653/4113/1029
f 1655/4120/1030 1652/4119/1030 1651/4118/1030 1656/4117/1030
o cube
v 11.1875 0.875 5.25
v 11.1875 0.875 4.375
v 11.1875 0.75 5.25
v 11.1875 0.75 4.375
v 9.4375 0.875 4.375
v 9.4375 0.875 5.25
v 9.4375 0.75 4.375
v 9.4375 0.75 5.25
vt 0.1171875 0.5390625
vt 0.3359375 0.5390625
vt 0.3359375 0.5234375
vt 0.1171875 0.5234375
vt 0.46875 0.9375
vt 0.578125 0.9375
vt 0.578125 0.921875
vt 0.46875 0.921875
vt 0.3359375 0.5390625
vt 0.5546875 0.5390625
vt 0.5546875 0.5234375
vt 0.3359375 0.5234375
vt 0.46875 0.921875
vt 0.578125 0.921875
vt 0.578125 0.90625
vt 0.46875 0.90625
vt 0.21875 0.75
vt 0 0.75
vt 0 0.640625
vt 0.21875 0.640625
vn 0 0 -1
vn 1 0 0
vn 0 0 1
vn -1 0 0
vn 0 -1 0
usemtl m_51092d4e-ec95-6d29-1289-fd89894ce5ec
f 1660/4124/1031 1663/4123/1031 1661/4122/1031 1658/4121/1031
f 1659/4128/1032 1660/4127/1032 1658/4126/1032 1657/4125/1032
f 1664/4132/1033 1659/4131/1033 1657/4130/1033 1662/4129/1033
f 1663/4136/1034 1664/4135/1034 1662/4134/1034 1661/4133/1034
f 1663/4140/1035 1660/4139/1035 1659/4138/1035 1664/4137/1035
o cube
v 11.25 0.3125 5.3125
v 11.25 0.3125 4.3125
v 11.25 0.1875 5.3125
v 11.25 0.1875 4.3125
v 9.375 0.3125 4.3125
v 9.375 0.3125 5.3125
v 9.375 0.1875 4.3125
v 9.375 0.1875 5.3125
vt 0.453125 0.6484375
vt 0.6875 0.6484375
vt 0.6875 0.6328125
vt 0.453125 0.6328125
vt 0.46875 0.96875
vt 0.59375 0.96875
vt 0.59375 0.953125
vt 0.46875 0.953125
vt 0.453125 0.6328125
vt 0.6875 0.6328125
vt 0.6875 0.6171875
vt 0.453125 0.6171875
vt 0.46875 0.953125
vt 0.59375 0.953125
vt 0.59375 0.9375
vt 0.46875 0.9375
vt 0.46875 0.875
vt 0.234375 0.875
vt 0.234375 1
vt 0.46875 1
vt 0.46875 0.875
vt 0.234375 0.875
vt 0.234375 0.75
vt 0.46875 0.75
vn 0 0 -1
vn 1 0 0
vn 0 0 1
vn -1 0 0
vn 0 1 0
vn 0 -1 0
usemtl m_51092d4e-ec95-6d29-1289-fd89894ce5ec
f 1668/4144/1036 1671/4143/1036 1669/4142/1036 1666/4141/1036
f 1667/4148/1037 1668/4147/1037 1666/4146/1037 1665/4145/1037
f 1672/4152/1038 1667/4151/1038 1665/4150/1038 1670/4149/1038
f 1671/4156/1039 1672/4155/1039 1670/4154/1039 1669/4153/1039
f 1670/4160/1040 1665/4159/1040 1666/4158/1040 1669/4157/1040
f 1671/4164/1041 1668/4163/1041 1667/4162/1041 1672/4161/1041
o cube
v 9.5 0.875 5.25
v 9.5 0.875 4.3125
v 9.5 0.3125 5.25
v 9.5 0.3125 4.3125
v 9.375 0.875 4.3125
v 9.375 0.875 5.25
v 9.375 0.3125 4.3125
v 9.375 0.3125 5.25
vt 0.46875 0.90625
vt 0.484375 0.90625
vt 0.484375 0.8359375
vt 0.46875 0.8359375
vt 0 0.640625
vt 0.1171875 0.640625
vt 0.1171875 0.5703125
vt 0 0.5703125
vt 0.1171875 0.609375
vt 0.234375 0.609375
vt 0.234375 0.5390625
vt 0.1171875 0.5390625
vn 0 0 -1
vn 1 0 0
vn -1 0 0
usemtl m_51092d4e-ec95-6d29-1289-fd89894ce5ec
f 1676/4168/1042 1679/4167/1042 1677/4166/1042 1674/4165/1042
f 1675/4172/1043 1676/4171/1043 1674/4170/1043 1673/4169/1043
f 1679/4176/1044 1680/4175/1044 1678/4174/1044 1677/4173/1044
o cube
v 11.25 0.875 5.25
v 11.25 0.875 4.3125
v 11.25 0.3125 5.25
v 11.25 0.3125 4.3125
v 11.125 0.875 4.3125
v 11.125 0.875 5.25
v 11.125 0.3125 4.3125
v 11.125 0.3125 5.25
vt 0.46875 0.8359375
vt 0.484375 0.8359375
vt 0.484375 0.765625
vt 0.46875 0.765625
vt 0.234375 0.609375
vt 0.3515625 0.609375
vt 0.3515625 0.5390625
vt 0.234375 0.5390625
vt 0.3515625 0.609375
vt 0.46875 0.609375
vt 0.46875 0.5390625
vt 0.3515625 0.5390625
vn 0 0 -1
vn 1 0 0
vn -1 0 0
usemtl m_51092d4e-ec95-6d29-1289-fd89894ce5ec
f 1684/4180/1045 1687/4179/1045 1685/4178/1045 1682/4177/1045
f 1683/4184/1046 1684/4183/1046 1682/4182/1046 1681/4181/1046
f 1687/4188/1047 1688/4187/1047 1686/4186/1047 1685/4185/1047
o cube
v 10.375 0.875 5.25
v 10.375 0.875 4.3125
v 10.375 0.3125 5.25
v 10.375 0.3125 4.3125
v 10.25 0.875 4.3125
v 10.25 0.875 5.25
v 10.25 0.3125 4.3125
v 10.25 0.3125 5.25
vt 0.46875 0.6171875
vt 0.484375 0.6171875
vt 0.484375 0.546875
vt 0.46875 0.546875
vt 0 0.5703125
vt 0.1171875 0.5703125
vt 0.1171875 0.5
vt 0 0.5
vt 0.453125 0.75
vt 0.5703125 0.75
vt 0.5703125 0.6796875
vt 0.453125 0.6796875
vn 0 0 -1
vn 1 0 0
vn -1 0 0
usemtl m_51092d4e-ec95-6d29-1289-fd89894ce5ec
f 1692/4192/1048 1695/4191/1048 1693/4190/1048 1690/4189/1048
f 1691/4196/1049 1692/4195/1049 1690/4194/1049 1689/4193/1049
f 1695/4200/1050 1696/4199/1050 1694/4198/1050 1693/4197/1050
o cube
v 11.25 0.875 5.3125
v 11.25 0.875 5.25
v 11.25 0.3125 5.3125
v 11.25 0.3125 5.25
v 9.375 0.875 5.25
v 9.375 0.875 5.3125
v 9.375 0.3125 5.25
v 9.375 0.3125 5.3125
vt 0.21875 0.75
vt 0.453125 0.75
vt 0.453125 0.6796875
vt 0.21875 0.6796875
vt 0.1171875 0.5234375
vt 0.125 0.5234375
vt 0.125 0.453125
vt 0.1171875 0.453125
vt 0.21875 0.6796875
vt 0.453125 0.6796875
vt 0.453125 0.609375
vt 0.21875 0.609375
vt 0.125 0.5234375
vt 0.1328125 0.5234375
vt 0.1328125 0.453125
vt 0.125 0.453125
vn 0 0 -1
vn 1 0 0
vn 0 0 1
vn -1 0 0
usemtl m_51092d4e-ec95-6d29-1289-fd89894ce5ec
f 1700/4204/1051 1703/4203/1051 1701/4202/1051 1698/4201/1051
f 1699/4208/1052 1700/4207/1052 1698/4206/1052 1697/4205/1052
f 1704/4212/1053 1699/4211/1053 1697/4210/1053 1702/4209/1053
f 1703/4216/1054 1704/4215/1054 1702/4214/1054 1701/4213/1054
o cube
v 13.875 1 5.3125
v 13.875 1 4.3125
v 13.875 0.875 5.3125
v 13.875 0.875 4.3125
v 12 1 4.3125
v 12 1 5.3125
v 12 0.875 4.3125
v 12 0.875 5.3125
vt 0 0.5
vt 0.46875 0.5
vt 0.46875 0.46875
vt 0 0.46875
vt 0 0.4375
vt 0.25 0.4375
vt 0.25 0.40625
vt 0 0.40625
vt 0.46875 0.5
vt 0.9375 0.5
vt 0.9375 0.46875
vt 0.46875 0.46875
vt 0.25 0.4375
vt 0.5 0.4375
vt 0.5 0.40625
vt 0.25 0.40625
vt 0.46875 0.75
vt 0 0.75
vt 0 1
vt 0.46875 1
vt 0.46875 0.75
vt 0 0.75
vt 0 0.5
vt 0.46875 0.5
vn 0 0 -1
vn 1 0 0
vn 0 0 1
vn -1 0 0
vn 0 1 0
vn 0 -1 0
usemtl m_9b7635d4-ee38-4be2-469f-cdef0dfc6899
f 1708/4220/1055 1711/4219/1055 1709/4218/1055 1706/4217/1055
f 1707/4224/1056 1708/4223/1056 1706/4222/1056 1705/4221/1056
f 1712/4228/1057 1707/4227/1057 1705/4226/1057 1710/4225/1057
f 1711/4232/1058 1712/4231/1058 1710/4230/1058 1709/4229/1058
f 1710/4236/1059 1705/4235/1059 1706/4234/1059 1709/4233/1059
f 1711/4240/1060 1708/4239/1060 1707/4238/1060 1712/4237/1060
o cube
v 13.875 0.4375 5.3125
v 13.875 0.4375 4.3125
v 13.875 0.3125 5.3125
v 13.875 0.3125 4.3125
v 12 0.4375 4.3125
v 12 0.4375 5.3125
v 12 0.3125 4.3125
v 12 0.3125 5.3125
vt 0 0.46875
vt 0.46875 0.46875
vt 0.46875 0.4375
vt 0 0.4375
vt 0.5 0.4375
vt 0.75 0.4375
vt 0.75 0.40625
vt 0.5 0.40625
vt 0.46875 0.46875
vt 0.9375 0.46875
vt 0.9375 0.4375
vt 0.46875 0.4375
vt 0 0.40625
vt 0.25 0.40625
vt 0.25 0.375
vt 0 0.375
vt 0.9375 0.75
vt 0.46875 0.75
vt 0.46875 1
vt 0.9375 1
vt 0.9375 0.75
vt 0.46875 0.75
vt 0.46875 0.5
vt 0.9375 0.5
vn 0 0 -1
vn 1 0 0
vn 0 0 1
vn -1 0 0
vn 0 1 0
vn 0 -1 0
usemtl m_9b7635d4-ee38-4be2-469f-cdef0dfc6899
f 1716/4244/1061 1719/4243/1061 1717/4242/1061 1714/4241/1061
f 1715/4248/1062 1716/4247/1062 1714/4246/1062 1713/4245/1062
f 1720/4252/1063 1715/4251/1063 1713/4250/1063 1718/4249/1063
f 1719/4256/1064 1720/4255/1064 1718/4254/1064 1717/4253/1064
f 1718/4260/1065 1713/4259/1065 1714/4258/1065 1717/4257/1065
f 1719/4264/1066 1716/4263/1066 1715/4262/1066 1720/4261/1066
o cube
v 12.322233311065263 0.31164844562321803 5.240229509267709
v 12.321283795628526 0.3007954345190349 5.1157051720062405
v 12.295100783304806 0.0015222342150604806 5.267465678876352
v 12.294151267868068 -0.009330776889122594 5.142941341614884
v 12.196759458367058 0.31168990236249217 5.1157051720062405
v 12.197708973803795 0.3225429134666753 5.240229509267709
v 12.169626930606599 0.0015636909543346178 5.142941341614884
v 12.170576446043336 0.012416702058517748 5.267465678876352
vt 0.125 0.375
vt 0.15625 0.375
vt 0.15625 0.296875
vt 0.125 0.296875
vt 0.15625 0.375
vt 0.1875 0.375
vt 0.1875 0.296875
vt 0.15625 0.296875
vt 0.1875 0.375
vt 0.21875 0.375
vt 0.21875 0.296875
vt 0.1875 0.296875
vt 0.21875 0.375
vt 0.25 0.375
vt 0.25 0.296875
vt 0.21875 0.296875
vt 0.53125 0.25
vt 0.5 0.25
vt 0.5 0.21875
vt 0.53125 0.21875
vn -0.007596123493895972 -0.08682408883346518 -0.9961946980917455
vn 0.9961946980917455 -0.0871557427476582 1.734723475976807e-18
vn 0.007596123493895972 0.08682408883346518 0.9961946980917455
vn -0.9961946980917455 0.0871557427476582 -1.734723475976807e-18
vn -0.08682408883346518 -0.9924038765061041 0.0871557427476582
usemtl m_9b7635d4-ee38-4be2-469f-cdef0dfc6899
f 1724/4268/1067 1727/4267/1067 1725/4266/1067 1722/4265/1067
f 1723/4272/1068 1724/4271/1068 1722/4270/1068 1721/4269/1068
f 1728/4276/1069 1723/4275/1069 1721/4274/1069 1726/4273/1069
f 1727/4280/1070 1728/4279/1070 1726/4278/1070 1725/4277/1070
f 1727/4284/1071 1724/4283/1071 1723/4282/1071 1728/4281/1071
o cube
v 12.321283795628526 0.3007954345190349 4.5092948279937595
v 12.322233311065263 0.31164844562321803 4.384770490732291
v 12.294151267868068 -0.009330776889122594 4.482058658385116
v 12.295100783304806 0.0015222342150604806 4.357534321123648
v 12.197708973803795 0.3225429134666753 4.384770490732291
v 12.196759458367058 0.31168990236249217 4.5092948279937595
v 12.170576446043336 0.012416702058517748 4.357534321123648
v 12.169626930606599 0.0015636909543346178 4.482058658385116
vt 0.625 0.40625
vt 0.65625 0.40625
vt 0.65625 0.328125
vt 0.625 0.328125
vt 0.65625 0.40625
vt 0.6875 0.40625
vt 0.6875 0.328125
vt 0.65625 0.328125
vt 0.625 0.328125
vt 0.65625 0.328125
vt 0.65625 0.25
vt 0.625 0.25
vt 0.65625 0.328125
vt 0.6875 0.328125
vt 0.6875 0.25
vt 0.65625 0.25
vt 0.5625 0.25
vt 0.53125 0.25
vt 0.53125 0.21875
vt 0.5625 0.21875
vn 0.007596123493895972 0.08682408883346518 -0.9961946980917455
vn 0.9961946980917455 -0.0871557427476582 -1.734723475976807e-18
vn -0.007596123493895972 -0.08682408883346518 0.9961946980917455
vn -0.9961946980917455 0.0871557427476582 1.734723475976807e-18
vn -0.08682408883346518 -0.9924038765061041 -0.0871557427476582
usemtl m_9b7635d4-ee38-4be2-469f-cdef0dfc6899
f 1732/4288/1072 1735/4287/1072 1733/4286/1072 1730/4285/1072
f 1731/4292/1073 1732/4291/1073 1730/4290/1073 1729/4289/1073
f 1736/4296/1074 1731/4295/1074 1729/4294/1074 1734/4293/1074
f 1735/4300/1075 1736/4299/1075 1734/4298/1075 1733/4297/1075
f 1735/4304/1076 1732/4303/1076 1731/4302/1076 1736/4301/1076
o cube
v 13.678240541632942 0.31168990236249217 4.5092948279937595
v 13.677291026196205 0.3225429134666753 4.384770490732291
v 13.705373069393401 0.0015636909543346178 4.482058658385116
v 13.704423553956664 0.012416702058517748 4.357534321123648
v 13.552766688934737 0.31164844562321803 4.384770490732291
v 13.553716204371474 0.3007954345190349 4.5092948279937595
v 13.579899216695194 0.0015222342150604806 4.357534321123648
v 13.580848732131932 -0.009330776889122594 4.482058658385116
vt 0.6875 0.40625
vt 0.71875 0.40625
vt 0.71875 0.328125
vt 0.6875 0.328125
vt 0.6875 0.328125
vt 0.71875 0.328125
vt 0.71875 0.25
vt 0.6875 0.25
vt 0.125 0.296875
vt 0.15625 0.296875
vt 0.15625 0.21875
vt 0.125 0.21875
vt 0.15625 0.296875
vt 0.1875 0.296875
vt 0.1875 0.21875
vt 0.15625 0.21875
vt 0.59375 0.25
vt 0.5625 0.25
vt 0.5625 0.21875
vt 0.59375 0.21875
vn -0.007596123493895972 0.08682408883346518 -0.9961946980917455
vn 0.9961946980917455 0.0871557427476582 1.734723475976807e-18
vn 0.007596123493895972 -0.08682408883346518 0.9961946980917455
vn -0.9961946980917455 -0.0871557427476582 -1.734723475976807e-18
vn 0.08682408883346518 -0.9924038765061041 -0.0871557427476582
usemtl m_9b7635d4-ee38-4be2-469f-cdef0dfc6899
f 1740/4308/1077 1743/4307/1077 1741/4306/1077 1738/4305/1077
f 1739/4312/1078 1740/4311/1078 1738/4310/1078 1737/4309/1078
f 1744/4316/1079 1739/4315/1079 1737/4314/1079 1742/4313/1079
f 1743/4320/1080 1744/4319/1080 1742/4318/1080 1741/4317/1080
f 1743/4324/1081 1740/4323/1081 1739/4322/1081 1744/4321/1081
o cube
v 13.677291026196205 0.3225429134666753 5.240229509267709
v 13.678240541632942 0.31168990236249217 5.1157051720062405
v 13.704423553956664 0.012416702058517748 5.267465678876352
v 13.705373069393401 0.0015636909543346178 5.142941341614884
v 13.553716204371474 0.3007954345190349 5.1157051720062405
v 13.552766688934737 0.31164844562321803 5.240229509267709
v 13.580848732131932 -0.009330776889122594 5.142941341614884
v 13.579899216695194 0.0015222342150604806 5.267465678876352
vt 0.1875 0.296875
vt 0.21875 0.296875
vt 0.21875 0.21875
vt 0.1875 0.21875
vt 0.21875 0.296875
vt 0.25 0.296875
vt 0.25 0.21875
vt 0.21875 0.21875
vt 0.71875 0.40625
vt 0.75 0.40625
vt 0.75 0.328125
vt 0.71875 0.328125
vt 0.71875 0.328125
vt 0.75 0.328125
vt 0.75 0.25
vt 0.71875 0.25
vt 0.78125 0.4375
vt 0.75 0.4375
vt 0.75 0.40625
vt 0.78125 0.40625
vn 0.007596123493895972 -0.08682408883346518 -0.9961946980917455
vn 0.9961946980917455 0.0871557427476582 -1.734723475976807e-18
vn -0.007596123493895972 0.08682408883346518 0.9961946980917455
vn -0.9961946980917455 -0.0871557427476582 1.734723475976807e-18
vn 0.08682408883346518 -0.9924038765061041 0.0871557427476582
usemtl m_9b7635d4-ee38-4be2-469f-cdef0dfc6899
f 1748/4328/1082 1751/4327/1082 1749/4326/1082 1746/4325/1082
f 1747/4332/1083 1748/4331/1083 1746/4330/1083 1745/4329/1083
f 1752/4336/1084 1747/4335/1084 1745/4334/1084 1750/4333/1084
f 1751/4340/1085 1752/4339/1085 1750/4338/1085 1749/4337/1085
f 1751/4344/1086 1748/4343/1086 1747/4342/1086 1752/4341/1086
o cube
v 13.593666039957439 0.9602423395907276 4.5
v 13.593666039957439 0.9602423395907276 4.375
v 13.832843185185618 0.38281763177117345 4.5
v 13.832843185185618 0.38281763177117345 4.375
v 13.535923569175482 0.9363246250679094 4.375
v 13.535923569175482 0.9363246250679094 4.5
v 13.775100714403663 0.35889991724835535 4.375
v 13.775100714403663 0.35889991724835535 4.5
vt 0.328125 0.25
vt 0.34375 0.25
vt 0.34375 0.09375
vt 0.328125 0.09375
vt 0.40625 0.40625
vt 0.4375 0.40625
vt 0.4375 0.25
vt 0.40625 0.25
vt 0.3125 0.25
vt 0.328125 0.25
vt 0.328125 0.09375
vt 0.3125 0.09375
vt 0.375 0.40625
vt 0.40625 0.40625
vt 0.40625 0.25
vt 0.375 0.25
vn 0 0 -1
vn 0.9238795325112867 0.3826834323650897 0
vn 0 0 1
vn -0.9238795325112867 -0.3826834323650897 0
usemtl m_9b7635d4-ee38-4be2-469f-cdef0dfc6899
f 1756/4348/1087 1759/4347/1087 1757/4346/1087 1754/4345/1087
f 1755/4352/1088 1756/4351/1088 1754/4350/1088 1753/4349/1088
f 1760/4356/1089 1755/4355/1089 1753/4354/1089 1758/4353/1089
f 1759/4360/1090 1760/4359/1090 1758/4358/1090 1757/4357/1090
o cube
v 12.339076430824518 0.9363246250679094 4.5
v 12.339076430824518 0.9363246250679094 4.375
v 12.099899285596337 0.35889991724835535 4.5
v 12.099899285596337 0.35889991724835535 4.375
v 12.281333960042561 0.9602423395907276 4.375
v 12.281333960042561 0.9602423395907276 4.5
v 12.042156814814382 0.38281763177117345 4.375
v 12.042156814814382 0.38281763177117345 4.5
vt 0.359375 0.25
vt 0.375 0.25
vt 0.375 0.09375
vt 0.359375 0.09375
vt 0.46875 0.40625
vt 0.5 0.40625
vt 0.5 0.25
vt 0.46875 0.25
vt 0.34375 0.25
vt 0.359375 0.25
vt 0.359375 0.09375
vt 0.34375 0.09375
vt 0.4375 0.40625
vt 0.46875 0.40625
vt 0.46875 0.25
vt 0.4375 0.25
vn 0 0 -1
vn 0.9238795325112867 -0.3826834323650897 0
vn 0 0 1
vn -0.9238795325112867 0.3826834323650897 0
usemtl m_9b7635d4-ee38-4be2-469f-cdef0dfc6899
f 1764/4364/1091 1767/4363/1091 1765/4362/1091 1762/4361/1091
f 1763/4368/1092 1764/4367/1092 1762/4366/1092 1761/4365/1092
f 1768/4372/1093 1763/4371/1093 1761/4370/1093 1766/4369/1093
f 1767/4376/1094 1768/4375/1094 1766/4374/1094 1765/4373/1094
o cube
v 13.218666039957439 0.9602423395907276 4.5
v 13.218666039957439 0.9602423395907276 4.375
v 13.457843185185618 0.38281763177117345 4.5
v 13.457843185185618 0.38281763177117345 4.375
v 13.160923569175482 0.9363246250679094 4.375
v 13.160923569175482 0.9363246250679094 4.5
v 13.400100714403663 0.35889991724835535 4.375
v 13.400100714403663 0.35889991724835535 4.5
vt 0.453125 0.25
vt 0.46875 0.25
vt 0.46875 0.09375
vt 0.453125 0.09375
vt 0.03125 0.375
vt 0.0625 0.375
vt 0.0625 0.21875
vt 0.03125 0.21875
vt 0.4375 0.25
vt 0.453125 0.25
vt 0.453125 0.09375
vt 0.4375 0.09375
vt 0 0.375
vt 0.03125 0.375
vt 0.03125 0.21875
vt 0 0.21875
vn 0 0 -1
vn 0.9238795325112867 0.3826834323650897 0
vn 0 0 1
vn -0.9238795325112867 -0.3826834323650897 0
usemtl m_9b7635d4-ee38-4be2-469f-cdef0dfc6899
f 1772/4380/1095 1775/4379/1095 1773/4378/1095 1770/4377/1095
f 1771/4384/1096 1772/4383/1096 1770/4382/1096 1769/4381/1096
f 1776/4388/1097 1771/4387/1097 1769/4386/1097 1774/4385/1097
f 1775/4392/1098 1776/4391/1098 1774/4390/1098 1773/4389/1098
o cube
v 12.714076430824518 0.9363246250679094 4.5
v 12.714076430824518 0.9363246250679094 4.375
v 12.474899285596337 0.35889991724835535 4.5
v 12.474899285596337 0.35889991724835535 4.375
v 12.656333960042561 0.9602423395907276 4.375
v 12.656333960042561 0.9602423395907276 4.5
v 12.417156814814382 0.38281763177117345 4.375
v 12.417156814814382 0.38281763177117345 4.5
vt 0.484375 0.25
vt 0.5 0.25
vt 0.5 0.09375
vt 0.484375 0.09375
vt 0.09375 0.375
vt 0.125 0.375
vt 0.125 0.21875
vt 0.09375 0.21875
vt 0.46875 0.25
vt 0.484375 0.25
vt 0.484375 0.09375
vt 0.46875 0.09375
vt 0.0625 0.375
vt 0.09375 0.375
vt 0.09375 0.21875
vt 0.0625 0.21875
vn 0 0 -1
vn 0.9238795325112867 -0.3826834323650897 0
vn 0 0 1
vn -0.9238795325112867 0.3826834323650897 0
usemtl m_9b7635d4-ee38-4be2-469f-cdef0dfc6899
f 1780/4396/1099 1783/4395/1099 1781/4394/1099 1778/4393/1099
f 1779/4400/1100 1780/4399/1100 1778/4398/1100 1777/4397/1100
f 1784/4404/1101 1779/4403/1101 1777/4402/1101 1782/4401/1101
f 1783/4408/1102 1784/4407/1102 1782/4406/1102 1781/4405/1102
o cube
v 12.339076430824518 0.9363246250679094 5.25
v 12.339076430824518 0.9363246250679094 5.125
v 12.099899285596337 0.35889991724835535 5.25
v 12.099899285596337 0.35889991724835535 5.125
v 12.281333960042561 0.9602423395907276 5.125
v 12.281333960042561 0.9602423395907276 5.25
v 12.042156814814382 0.38281763177117345 5.125
v 12.042156814814382 0.38281763177117345 5.25
vt 0.3125 0.25
vt 0.328125 0.25
vt 0.328125 0.09375
vt 0.3125 0.09375
vt 0.375 0.40625
vt 0.40625 0.40625
vt 0.40625 0.25
vt 0.375 0.25
vt 0.328125 0.25
vt 0.34375 0.25
vt 0.34375 0.09375
vt 0.328125 0.09375
vt 0.40625 0.40625
vt 0.4375 0.40625
vt 0.4375 0.25
vt 0.40625 0.25
vn 0 0 -1
vn 0.9238795325112867 -0.3826834323650897 0
vn 0 0 1
vn -0.9238795325112867 0.3826834323650897 0
usemtl m_9b7635d4-ee38-4be2-469f-cdef0dfc6899
f 1788/4412/1103 1791/4411/1103 1789/4410/1103 1786/4409/1103
f 1787/4416/1104 1788/4415/1104 1786/4414/1104 1785/4413/1104
f 1792/4420/1105 1787/4419/1105 1785/4418/1105 1790/4417/1105
f 1791/4424/1106 1792/4423/1106 1790/4422/1106 1789/4421/1106
o cube
v 13.593666039957439 0.9602423395907276 5.25
v 13.593666039957439 0.9602423395907276 5.125
v 13.832843185185618 0.38281763177117345 5.25
v 13.832843185185618 0.38281763177117345 5.125
v 13.535923569175482 0.9363246250679094 5.125
v 13.535923569175482 0.9363246250679094 5.25
v 13.775100714403663 0.35889991724835535 5.125
v 13.775100714403663 0.35889991724835535 5.25
vt 0.34375 0.25
vt 0.359375 0.25
vt 0.359375 0.09375
vt 0.34375 0.09375
vt 0.4375 0.40625
vt 0.46875 0.40625
vt 0.46875 0.25
vt 0.4375 0.25
vt 0.359375 0.25
vt 0.375 0.25
vt 0.375 0.09375
vt 0.359375 0.09375
vt 0.46875 0.40625
vt 0.5 0.40625
vt 0.5 0.25
vt 0.46875 0.25
vn 0 0 -1
vn 0.9238795325112867 0.3826834323650897 0
vn 0 0 1
vn -0.9238795325112867 -0.3826834323650897 0
usemtl m_9b7635d4-ee38-4be2-469f-cdef0dfc6899
f 1796/4428/1107 1799/4427/1107 1797/4426/1107 1794/4425/1107
f 1795/4432/1108 1796/4431/1108 1794/4430/1108 1793/4429/1108
f 1800/4436/1109 1795/4435/1109 1793/4434/1109 1798/4433/1109
f 1799/4440/1110 1800/4439/1110 1798/4438/1110 1797/4437/1110
o cube
v 12.714076430824518 0.9363246250679094 5.25
v 12.714076430824518 0.9363246250679094 5.125
v 12.474899285596337 0.35889991724835535 5.25
v 12.474899285596337 0.35889991724835535 5.125
v 12.656333960042561 0.9602423395907276 5.125
v 12.656333960042561 0.9602423395907276 5.25
v 12.417156814814382 0.38281763177117345 5.125
v 12.417156814814382 0.38281763177117345 5.25
vt 0.4375 0.25
vt 0.453125 0.25
vt 0.453125 0.09375
vt 0.4375 0.09375
vt 0 0.375
vt 0.03125 0.375
vt 0.03125 0.21875
vt 0 0.21875
vt 0.453125 0.25
vt 0.46875 0.25
vt 0.46875 0.09375
vt 0.453125 0.09375
vt 0.03125 0.375
vt 0.0625 0.375
vt 0.0625 0.21875
vt 0.03125 0.21875
vn 0 0 -1
vn 0.9238795325112867 -0.3826834323650897 0
vn 0 0 1
vn -0.9238795325112867 0.3826834323650897 0
usemtl m_9b7635d4-ee38-4be2-469f-cdef0dfc6899
f 1804/4444/1111 1807/4443/1111 1805/4442/1111 1802/4441/1111
f 1803/4448/1112 1804/4447/1112 1802/4446/1112 1801/4445/1112
f 1808/4452/1113 1803/4451/1113 1801/4450/1113 1806/4449/1113
f 1807/4456/1114 1808/4455/1114 1806/4454/1114 1805/4453/1114
o cube
v 13.218666039957439 0.9602423395907276 5.25
v 13.218666039957439 0.9602423395907276 5.125
v 13.457843185185618 0.38281763177117345 5.25
v 13.457843185185618 0.38281763177117345 5.125
v 13.160923569175482 0.9363246250679094 5.125
v 13.160923569175482 0.9363246250679094 5.25
v 13.400100714403663 0.35889991724835535 5.125
v 13.400100714403663 0.35889991724835535 5.25
vt 0.46875 0.25
vt 0.484375 0.25
vt 0.484375 0.09375
vt 0.46875 0.09375
vt 0.0625 0.375
vt 0.09375 0.375
vt 0.09375 0.21875
vt 0.0625 0.21875
vt 0.484375 0.25
vt 0.5 0.25
vt 0.5 0.09375
vt 0.484375 0.09375
vt 0.09375 0.375
vt 0.125 0.375
vt 0.125 0.21875
vt 0.09375 0.21875
vn 0 0 -1
vn 0.9238795325112867 0.3826834323650897 0
vn 0 0 1
vn -0.9238795325112867 -0.3826834323650897 0
usemtl m_9b7635d4-ee38-4be2-469f-cdef0dfc6899
f 1812/4460/1115 1815/4459/1115 1813/4458/1115 1810/4457/1115
f 1811/4464/1116 1812/4463/1116 1810/4462/1116 1809/4461/1116
f 1816/4468/1117 1811/4467/1117 1809/4466/1117 1814/4465/1117
f 1815/4472/1118 1816/4471/1118 1814/4470/1118 1813/4469/1118
o cube
v 16.5 1 5.3125
v 16.5 1 4.3125
v 16.5 0.875 5.3125
v 16.5 0.875 4.3125
v 14.625 1 4.3125
v 14.625 1 5.3125
v 14.625 0.875 4.3125
v 14.625 0.875 5.3125
vt 0.46875 1
vt 0.9375 1
vt 0.9375 0.96875
vt 0.46875 0.96875
vt 0.46875 0.875
vt 0.71875 0.875
vt 0.71875 0.84375
vt 0.46875 0.84375
vt 0.46875 0.96875
vt 0.9375 0.96875
vt 0.9375 0.9375
vt 0.46875 0.9375
vt 0.46875 0.84375
vt 0.71875 0.84375
vt 0.71875 0.8125
vt 0.46875 0.8125
vt 0.46875 0.75
vt 0 0.75
vt 0 1
vt 0.46875 1
vt 0.46875 0.75
vt 0 0.75
vt 0 0.5
vt 0.46875 0.5
vn 0 0 -1
vn 1 0 0
vn 0 0 1
vn -1 0 0
vn 0 1 0
vn 0 -1 0
usemtl m_03ec3218-4710-2c0e-5806-16227afd76fe
f 1820/4476/1119 1823/4475/1119 1821/4474/1119 1818/4473/1119
f 1819/4480/1120 1820/4479/1120 1818/4478/1120 1817/4477/1120
f 1824/4484/1121 1819/4483/1121 1817/4482/1121 1822/4481/1121
f 1823/4488/1122 1824/4487/1122 1822/4486/1122 1821/4485/1122
f 1822/4492/1123 1817/4491/1123 1818/4490/1123 1821/4489/1123
f 1823/4496/1124 1820/4495/1124 1819/4494/1124 1824/4493/1124
o cube
v 14.8125 0.875 5.3125
v 14.8125 0.875 4.3125
v 14.8125 0.75 5.3125
v 14.8125 0.75 4.3125
v 14.6875 0.875 4.3125
v 14.6875 0.875 5.3125
v 14.6875 0.75 4.3125
v 14.6875 0.75 5.3125
vt 0.59375 0.46875
vt 0.625 0.46875
vt 0.625 0.4375
vt 0.59375 0.4375
vt 0.46875 0.8125
vt 0.71875 0.8125
vt 0.71875 0.78125
vt 0.46875 0.78125
vt 0.59375 0.4375
vt 0.625 0.4375
vt 0.625 0.40625
vt 0.59375 0.40625
vt 0.46875 0.78125
vt 0.71875 0.78125
vt 0.71875 0.75
vt 0.46875 0.75
vt 0.5 0.5
vt 0.46875 0.5
vt 0.46875 0.75
vt 0.5 0.75
vt 0.03125 0.5
vt 0 0.5
vt 0 0.25
vt 0.03125 0.25
vn 0 0 -1
vn 1 0 0
vn 0 0 1
vn -1 0 0
vn 0 1 0
vn 0 -1 0
usemtl m_03ec3218-4710-2c0e-5806-16227afd76fe
f 1828/4500/1125 1831/4499/1125 1829/4498/1125 1826/4497/1125
f 1827/4504/1126 1828/4503/1126 1826/4502/1126 1825/4501/1126
f 1832/4508/1127 1827/4507/1127 1825/4506/1127 1830/4505/1127
f 1831/4512/1128 1832/4511/1128 1830/4510/1128 1829/4509/1128
f 1830/4516/1129 1825/4515/1129 1826/4514/1129 1829/4513/1129
f 1831/4520/1130 1828/4519/1130 1827/4518/1130 1832/4517/1130
o cube
v 14.8125 0.125 5.3125
v 14.8125 0.125 4.3125
v 14.8125 0 5.3125
v 14.8125 0 4.3125
v 14.6875 0.125 4.3125
v 14.6875 0.125 5.3125
v 14.6875 0 4.3125
v 14.6875 0 5.3125
vt 0.59375 0.40625
vt 0.625 0.40625
vt 0.625 0.375
vt 0.59375 0.375
vt 0.03125 0.5
vt 0.28125 0.5
vt 0.28125 0.46875
vt 0.03125 0.46875
vt 0.625 0.625
vt 0.65625 0.625
vt 0.65625 0.59375
vt 0.625 0.59375
vt 0.5 0.75
vt 0.75 0.75
vt 0.75 0.71875
vt 0.5 0.71875
vt 0.3125 0.25
vt 0.28125 0.25
vt 0.28125 0.5
vt 0.3125 0.5
vt 0.53125 0.71875
vt 0.5 0.71875
vt 0.5 0.46875
vt 0.53125 0.46875
vn 0 0 -1
vn 1 0 0
vn 0 0 1
vn -1 0 0
vn 0 1 0
vn 0 -1 0
usemtl m_03ec3218-4710-2c0e-5806-16227afd76fe
f 1836/4524/1131 1839/4523/1131 1837/4522/1131 1834/4521/1131
f 1835/4528/1132 1836/4527/1132 1834/4526/1132 1833/4525/1132
f 1840/4532/1133 1835/4531/1133 1833/4530/1133 1838/4529/1133
f 1839/4536/1134 1840/4535/1134 1838/4534/1134 1837/4533/1134
f 1838/4540/1135 1833/4539/1135 1834/4538/1135 1837/4537/1135
f 1839/4544/1136 1836/4543/1136 1835/4542/1136 1840/4541/1136
o cube
v 14.8125 0.75 4.4375
v 14.8125 0.75 4.3125
v 14.8125 0.125 4.4375
v 14.8125 0.125 4.3125
v 14.6875 0.75 4.3125
v 14.6875 0.75 4.4375
v 14.6875 0.125 4.3125
v 14.6875 0.125 4.4375
vt 0.4375 0.5
vt 0.46875 0.5
vt 0.46875 0.34375
vt 0.4375 0.34375
vt 0.46875 0.5
vt 0.5 0.5
vt 0.5 0.34375
vt 0.46875 0.34375
vt 0.53125 0.625
vt 0.5625 0.625
vt 0.5625 0.46875
vt 0.53125 0.46875
vt 0.5 0.46875
vt 0.53125 0.46875
vt 0.53125 0.3125
vt 0.5 0.3125
vn 0 0 -1
vn 1 0 0
vn 0 0 1
vn -1 0 0
usemtl m_03ec3218-4710-2c0e-5806-16227afd76fe
f 1844/4548/1137 1847/4547/1137 1845/4546/1137 1842/4545/1137
f 1843/4552/1138 1844/4551/1138 1842/4550/1138 1841/4549/1138
f 1848/4556/1139 1843/4555/1139 1841/4554/1139 1846/4553/1139
f 1847/4560/1140 1848/4559/1140 1846/4558/1140 1845/4557/1140
o cube
v 14.8125 0.75 5.3125
v 14.8125 0.75 5.1875
v 14.8125 0.125 5.3125
v 14.8125 0.125 5.1875
v 14.6875 0.75 5.1875
v 14.6875 0.75 5.3125
v 14.6875 0.125 5.1875
v 14.6875 0.125 5.3125
vt 0.53125 0.46875
vt 0.5625 0.46875
vt 0.5625 0.3125
vt 0.53125 0.3125
vt 0.03125 0.4375
vt 0.0625 0.4375
vt 0.0625 0.28125
vt 0.03125 0.28125
vt 0.0625 0.4375
vt 0.09375 0.4375
vt 0.09375 0.28125
vt 0.0625 0.28125
vt 0.09375 0.4375
vt 0.125 0.4375
vt 0.125 0.28125
vt 0.09375 0.28125
vn 0 0 -1
vn 1 0 0
vn 0 0 1
vn -1 0 0
usemtl m_03ec3218-4710-2c0e-5806-16227afd76fe
f 1852/4564/1141 1855/4563/1141 1853/4562/1141 1850/4561/1141
f 1851/4568/1142 1852/4567/1142 1850/4566/1142 1849/4565/1142
f 1856/4572/1143 1851/4571/1143 1849/4570/1143 1854/4569/1143
f 1855/4576/1144 1856/4575/1144 1854/4574/1144 1853/4573/1144
o cube
v 16.4375 0.75 5.3125
v 16.4375 0.75 5.1875
v 16.4375 0.125 5.3125
v 16.4375 0.125 5.1875
v 16.3125 0.75 5.1875
v 16.3125 0.75 5.3125
v 16.3125 0.125 5.1875
v 16.3125 0.125 5.3125
vt 0.125 0.4375
vt 0.15625 0.4375
vt 0.15625 0.28125
vt 0.125 0.28125
vt 0.15625 0.4375
vt 0.1875 0.4375
vt 0.1875 0.28125
vt 0.15625 0.28125
vt 0.1875 0.4375
vt 0.21875 0.4375
vt 0.21875 0.28125
vt 0.1875 0.28125
vt 0.21875 0.4375
vt 0.25 0.4375
vt 0.25 0.28125
vt 0.21875 0.28125
vn 0 0 -1
vn 1 0 0
vn 0 0 1
vn -1 0 0
usemtl m_03ec3218-4710-2c0e-5806-16227afd76fe
f 1860/4580/1145 1863/4579/1145 1861/4578/1145 1858/4577/1145
f 1859/4584/1146 1860/4583/1146 1858/4582/1146 1857/4581/1146
f 1864/4588/1147 1859/4587/1147 1857/4586/1147 1862/4585/1147
f 1863/4592/1148 1864/4591/1148 1862/4590/1148 1861/4589/1148
o cube
v 16.4375 0.75 4.4375
v 16.4375 0.75 4.3125
v 16.4375 0.125 4.4375
v 16.4375 0.125 4.3125
v 16.3125 0.75 4.3125
v 16.3125 0.75 4.4375
v 16.3125 0.125 4.3125
v 16.3125 0.125 4.4375
vt 0.25 0.4375
vt 0.28125 0.4375
vt 0.28125 0.28125
vt 0.25 0.28125
vt 0.5625 0.625
vt 0.59375 0.625
vt 0.59375 0.46875
vt 0.5625 0.46875
vt 0.5625 0.46875
vt 0.59375 0.46875
vt 0.59375 0.3125
vt 0.5625 0.3125
vt 0.59375 0.625
vt 0.625 0.625
vt 0.625 0.46875
vt 0.59375 0.46875
vn 0 0 -1
vn 1 0 0
vn 0 0 1
vn -1 0 0
usemtl m_03ec3218-4710-2c0e-5806-16227afd76fe
f 1868/4596/1149 1871/4595/1149 1869/4594/1149 1866/4593/1149
f 1867/4600/1150 1868/4599/1150 1866/4598/1150 1865/4597/1150
f 1872/4604/1151 1867/4603/1151 1865/4602/1151 1870/4601/1151
f 1871/4608/1152 1872/4607/1152 1870/4606/1152 1869/4605/1152
o cube
v 16.4375 0.125 5.3125
v 16.4375 0.125 4.3125
v 16.4375 0 5.3125
v 16.4375 0 4.3125
v 16.3125 0.125 4.3125
v 16.3125 0.125 5.3125
v 16.3125 0 4.3125
v 16.3125 0 5.3125
vt 0.625 0.59375
vt 0.65625 0.59375
vt 0.65625 0.5625
vt 0.625 0.5625
vt 0.03125 0.46875
vt 0.28125 0.46875
vt 0.28125 0.4375
vt 0.03125 0.4375
vt 0.625 0.5625
vt 0.65625 0.5625
vt 0.65625 0.53125
vt 0.625 0.53125
vt 0.53125 0.71875
vt 0.78125 0.71875
vt 0.78125 0.6875
vt 0.53125 0.6875
vt 0.34375 0.25
vt 0.3125 0.25
vt 0.3125 0.5
vt 0.34375 0.5
vt 0.375 0.5
vt 0.34375 0.5
vt 0.34375 0.25
vt 0.375 0.25
vn 0 0 -1
vn 1 0 0
vn 0 0 1
vn -1 0 0
vn 0 1 0
vn 0 -1 0
usemtl m_03ec3218-4710-2c0e-5806-16227afd76fe
f 1876/4612/1153 1879/4611/1153 1877/4610/1153 1874/4609/1153
f 1875/4616/1154 1876/4615/1154 1874/4614/1154 1873/4613/1154
f 1880/4620/1155 1875/4619/1155 1873/4618/1155 1878/4617/1155
f 1879/4624/1156 1880/4623/1156 1878/4622/1156 1877/4621/1156
f 1878/4628/1157 1873/4627/1157 1874/4626/1157 1877/4625/1157
f 1879/4632/1158 1876/4631/1158 1875/4630/1158 1880/4629/1158
o cube
v 16.4375 0.875 5.3125
v 16.4375 0.875 4.3125
v 16.4375 0.75 5.3125
v 16.4375 0.75 4.3125
v 16.3125 0.875 4.3125
v 16.3125 0.875 5.3125
v 16.3125 0.75 4.3125
v 16.3125 0.75 5.3125
vt 0.625 0.53125
vt 0.65625 0.53125
vt 0.65625 0.5
vt 0.625 0.5
vt 0.53125 0.6875
vt 0.78125 0.6875
vt 0.78125 0.65625
vt 0.53125 0.65625
vt 0.625 0.5
vt 0.65625 0.5
vt 0.65625 0.46875
vt 0.625 0.46875
vt 0.53125 0.65625
vt 0.78125 0.65625
vt 0.78125 0.625
vt 0.53125 0.625
vt 0.40625 0.25
vt 0.375 0.25
vt 0.375 0.5
vt 0.40625 0.5
vt 0.4375 0.5
vt 0.40625 0.5
vt 0.40625 0.25
vt 0.4375 0.25
vn 0 0 -1
vn 1 0 0
vn 0 0 1
vn -1 0 0
vn 0 1 0
vn 0 -1 0
usemtl m_03ec3218-4710-2c0e-5806-16227afd76fe
f 1884/4636/1159 1887/4635/1159 1885/4634/1159 1882/4633/1159
f 1883/4640/1160 1884/4639/1160 1882/4638/1160 1881/4637/1160
f 1888/4644/1161 1883/4643/1161 1881/4642/1161 1886/4641/1161
f 1887/4648/1162 1888/4647/1162 1886/4646/1162 1885/4645/1162
f 1886/4652/1163 1881/4651/1163 1882/4650/1163 1885/4649/1163
f 1887/4656/1164 1884/4655/1164 1883/4654/1164 1888/4653/1164
o cube
v 16.3125 0.75 5.25
v 16.3125 0.75 4.375
v 16.3125 0.625 5.25
v 16.3125 0.625 4.375
v 14.8125 0.75 4.375
v 14.8125 0.75 5.25
v 14.8125 0.625 4.375
v 14.8125 0.625 5.25
vt 0.46875 0.9375
vt 0.84375 0.9375
vt 0.84375 0.90625
vt 0.46875 0.90625
vt 0.46875 0.90625
vt 0.84375 0.90625
vt 0.84375 0.875
vt 0.46875 0.875
vn 0 0 -1
vn 0 0 1
usemtl m_03ec3218-4710-2c0e-5806-16227afd76fe
f 1892/4660/1165 1895/4659/1165 1893/4658/1165 1890/4657/1165
f 1896/4664/1166 1891/4663/1166 1889/4662/1166 1894/4661/1166
o cube
v 2.406345132550788 0.8032277654257798 2.167068437254151
v 2.324684947246015 0.8510631944714162 2.085408251949378
v 2.169571838736827 -0.005166825521595919 1.93029514344019
v 2.0879116534320534 0.04266860352404023 1.848634958135417
v 2.147908251949378 0.8510631944714162 2.2621849472460145
v 2.2295684372541515 0.8032277654257798 2.343845132550788
v 1.911134958135417 0.04266860352404023 2.0254116534320534
v 1.9927951434401905 -0.005166825521595919 2.107071838736827
vt 0.53125 0.75
vt 0.59375 0.75
vt 0.59375 0.53125
vt 0.53125 0.53125
vt 0.71875 0.625
vt 0.75 0.625
vt 0.75 0.40625
vt 0.71875 0.40625
vt 0.46875 0.46875
vt 0.53125 0.46875
vt 0.53125 0.25
vt 0.46875 0.25
vt 0.75 0.625
vt 0.78125 0.625
vt 0.78125 0.40625
vt 0.75 0.40625
vt 0.84375 0.59375
vt 0.78125 0.59375
vt 0.78125 0.5625
vt 0.84375 0.5625
vn -0.6532814824381884 0.38268343236508984 -0.6532814824381883
vn 0.7071067811865475 0 -0.7071067811865476
vn 0.6532814824381884 -0.38268343236508984 0.6532814824381883
vn -0.7071067811865475 0 0.7071067811865476
vn -0.2705980500730985 -0.9238795325112867 -0.27059805007309845
usemtl m_98af27a4-126a-9b6c-3282-8580289e286d
f 1900/4668/1167 1903/4667/1167 1901/4666/1167 1898/4665/1167
f 1899/4672/1168 1900/4671/1168 1898/4670/1168 1897/4669/1168
f 1904/4676/1169 1899/4675/1169 1897/4674/1169 1902/4673/1169
f 1903/4680/1170 1904/4679/1170 1902/4678/1170 1901/4677/1170
f 1903/4684/1171 1900/4683/1171 1899/4682/1171 1904/4681/1171
o cube
v 2.727091748050622 0.8510631944714162 2.487815052753985
v 2.6454315627458485 0.80322776542578 2.406154867449212
v 2.9638650418645835 0.04266860352404023 2.724588346567946
v 2.88220485655981 -0.005166825521595919 2.642928161263173
v 2.468654867449212 0.80322776542578 2.5829315627458485
v 2.5503150527539855 0.8510631944714162 2.664591748050622
v 2.705428161263173 -0.005166825521595919 2.8197048565598095
v 2.7870883465679466 0.04266860352404023 2.901365041864583
vt 0.53125 0.53125
vt 0.59375 0.53125
vt 0.59375 0.3125
vt 0.53125 0.3125
vt 0.46875 0.25
vt 0.5 0.25
vt 0.5 0.03125
vt 0.46875 0.03125
vt 0.59375 0.75
vt 0.65625 0.75
vt 0.65625 0.53125
vt 0.59375 0.53125
vt 0.5 0.25
vt 0.53125 0.25
vt 0.53125 0.03125
vt 0.5 0.03125
vt 0.84375 0.53125
vt 0.78125 0.53125
vt 0.78125 0.5
vt 0.84375 0.5
vn -0.6532814824381884 -0.38268343236508984 -0.6532814824381883
vn 0.7071067811865475 0 -0.7071067811865476
vn 0.6532814824381884 0.38268343236508984 0.6532814824381883
vn -0.7071067811865475 0 0.7071067811865476
vn 0.2705980500730985 -0.9238795325112867 0.27059805007309845
usemtl m_98af27a4-126a-9b6c-3282-8580289e286d
f 1908/4688/1172 1911/4687/1172 1909/4686/1172 1906/4685/1172
f 1907/4692/1173 1908/4691/1173 1906/4690/1173 1905/4689/1173
f 1912/4696/1174 1907/4695/1174 1905/4694/1174 1910/4693/1174
f 1911/4700/1175 1912/4699/1175 1910/4698/1175 1909/4697/1175
f 1911/4704/1176 1908/4703/1176 1907/4702/1176 1912/4701/1176
o cube
v 2.406345132550788 0.8032277654257798 2.5829315627458485
v 2.2295684372541515 0.8032277654257798 2.406154867449212
v 2.169571838736827 -0.005166825521595919 2.81970485655981
v 1.9927951434401905 -0.005166825521595919 2.642928161263173
v 2.147908251949378 0.8510631944714162 2.4878150527539855
v 2.324684947246015 0.8510631944714162 2.664591748050622
v 1.911134958135417 0.04266860352404023 2.7245883465679466
v 2.0879116534320534 0.04266860352404023 2.9013650418645835
vt 0.65625 0.25
vt 0.6875 0.25
vt 0.6875 0.03125
vt 0.65625 0.03125
vt 0.59375 0.53125
vt 0.65625 0.53125
vt 0.65625 0.3125
vt 0.59375 0.3125
vt 0.6875 0.25
vt 0.71875 0.25
vt 0.71875 0.03125
vt 0.6875 0.03125
vt 0.65625 0.75
vt 0.71875 0.75
vt 0.71875 0.53125
vt 0.65625 0.53125
vt 0.8125 0.5
vt 0.78125 0.5
vt 0.78125 0.4375
vt 0.8125 0.4375
vn -0.7071067811865476 0 -0.7071067811865475
vn 0.6532814824381882 -0.3826834323650897 -0.6532814824381883
vn 0.7071067811865476 0 0.7071067811865475
vn -0.6532814824381882 0.3826834323650897 0.6532814824381883
vn -0.27059805007309845 -0.9238795325112867 0.2705980500730985
usemtl m_98af27a4-126a-9b6c-3282-8580289e286d
f 1916/4708/1177 1919/4707/1177 1917/4706/1177 1914/4705/1177
f 1915/4712/1178 1916/4711/1178 1914/4710/1178 1913/4709/1178
f 1920/4716/1179 1915/4715/1179 1913/4714/1179 1918/4713/1179
f 1919/4720/1180 1920/4719/1180 1918/4718/1180 1917/4717/1180
f 1919/4724/1181 1916/4723/1181 1915/4722/1181 1920/4721/1181
o cube
v 2.727091748050622 0.8510631944714162 2.262184947246015
v 2.5503150527539855 0.8510631944714162 2.085408251949378
v 2.9638650418645835 0.04266860352404023 2.0254116534320534
v 2.7870883465679466 0.04266860352404023 1.848634958135417
v 2.468654867449212 0.80322776542578 2.1670684372541515
v 2.6454315627458485 0.80322776542578 2.3438451325507885
v 2.705428161263173 -0.005166825521595919 1.9302951434401905
v 2.88220485655981 -0.005166825521595919 2.107071838736827
vt 0.71875 0.25
vt 0.75 0.25
vt 0.75 0.03125
vt 0.71875 0.03125
vt 0.65625 0.53125
vt 0.71875 0.53125
vt 0.71875 0.3125
vt 0.65625 0.3125
vt 0.75 0.25
vt 0.78125 0.25
vt 0.78125 0.03125
vt 0.75 0.03125
vt 0.53125 0.3125
vt 0.59375 0.3125
vt 0.59375 0.09375
vt 0.53125 0.09375
vt 0.8125 0.21875
vt 0.78125 0.21875
vt 0.78125 0.15625
vt 0.8125 0.15625
vn -0.7071067811865476 0 -0.7071067811865475
vn 0.6532814824381882 0.3826834323650897 -0.6532814824381883
vn 0.7071067811865476 0 0.7071067811865475
vn -0.6532814824381882 -0.3826834323650897 0.6532814824381883
vn 0.27059805007309845 -0.9238795325112867 -0.2705980500730985
usemtl m_98af27a4-126a-9b6c-3282-8580289e286d
f 1924/4728/1182 1927/4727/1182 1925/4726/1182 1922/4725/1182
f 1923/4732/1183 1924/4731/1183 1922/4730/1183 1921/4729/1183
f 1928/4736/1184 1923/4735/1184 1921/4734/1184 1926/4733/1184
f 1927/4740/1185 1928/4739/1185 1926/4738/1185 1925/4737/1185
f 1927/4744/1186 1924/4743/1186 1923/4742/1186 1928/4741/1186
o cube
v 2.899329116462464 0.12343749999999998 2.662262129857035
v 2.150237870142965 0.12343749999999998 1.913170883537536
v 2.899329116462464 0.0015625000000000222 2.662262129857035
v 2.150237870142965 0.0015625000000000222 1.913170883537536
v 1.975670883537536 0.12343749999999998 2.087737870142965
v 2.724762129857035 0.12343749999999998 2.836829116462464
v 1.975670883537536 0.0015625000000000222 2.087737870142965
v 2.724762129857035 0.0015625000000000222 2.836829116462464
vt 0.796875 1
vt 0.859375 1
vt 0.859375 0.96875
vt 0.796875 0.96875
vt 0.71875 0.75
vt 0.984375 0.75
vt 0.984375 0.71875
vt 0.71875 0.71875
vt 0.71875 0.71875
vt 0.984375 0.71875
vt 0.984375 0.6875
vt 0.71875 0.6875
vt 0.53125 0.734375
vt 0.46875 0.734375
vt 0.46875 1
vt 0.53125 1
vt 0.53125 0.734375
vt 0.46875 0.734375
vt 0.46875 0.46875
vt 0.53125 0.46875
vn -0.7071067811865476 0 -0.7071067811865475
vn 0.7071067811865475 0 -0.7071067811865476
vn -0.7071067811865475 0 0.7071067811865476
vn 0 1 0
vn 0 -1 0
usemtl m_98af27a4-126a-9b6c-3282-8580289e286d
f 1932/4748/1187 1935/4747/1187 1933/4746/1187 1930/4745/1187
f 1931/4752/1188 1932/4751/1188 1930/4750/1188 1929/4749/1188
f 1935/4756/1189 1936/4755/1189 1934/4754/1189 1933/4753/1189
f 1934/4760/1190 1929/4759/1190 1930/4758/1190 1933/4757/1190
f 1935/4764/1191 1932/4763/1191 1931/4762/1191 1936/4761/1191
o cube
v 2.8971194077712563 0.12187499999999996 2.087737870142965
v 2.724762129857035 0.12187499999999996 1.9153805922287441
v 2.8971194077712563 0.0031250000000000444 2.087737870142965
v 2.724762129857035 0.0031250000000000444 1.9153805922287441
v 1.9778805922287441 0.12187499999999996 2.6622621298570346
v 2.1502378701429654 0.12187499999999996 2.834619407771256
v 1.9778805922287441 0.0031250000000000444 2.6622621298570346
v 2.1502378701429654 0.0031250000000000444 2.834619407771256
vt 0.71875 0.6875
vt 0.984375 0.6875
vt 0.984375 0.65625
vt 0.71875 0.65625
vt 0.796875 0.96875
vt 0.859375 0.96875
vt 0.859375 0.9375
vt 0.796875 0.9375
vt 0.71875 0.65625
vt 0.984375 0.65625
vt 0.984375 0.625
vt 0.71875 0.625
vt 0.796875 0.9375
vt 0.53125 0.9375
vt 0.53125 1
vt 0.796875 1
vt 0.796875 0.9375
vt 0.53125 0.9375
vt 0.53125 0.875
vt 0.796875 0.875
vn -0.7071067811865476 0 -0.7071067811865475
vn 0.7071067811865475 0 -0.7071067811865476
vn 0.7071067811865476 0 0.7071067811865475
vn 0 1 0
vn 0 -1 0
usemtl m_98af27a4-126a-9b6c-3282-8580289e286d
f 1940/4768/1192 1943/4767/1192 1941/4766/1192 1938/4765/1192
f 1939/4772/1193 1940/4771/1193 1938/4770/1193 1937/4769/1193
f 1944/4776/1194 1939/4775/1194 1937/4774/1194 1942/4773/1194
f 1942/4780/1195 1937/4779/1195 1938/4778/1195 1941/4777/1195
f 1943/4784/1196 1940/4783/1196 1939/4782/1196 1944/4781/1196
o cube
v 3.375 1 3.3125
v 3.375 1 1.4375
v 3.375 0.875 3.3125
v 3.375 0.875 1.4375
v 1.5 1 1.4375
v 1.5 1 3.3125
v 1.5 0.875 1.4375
v 1.5 0.875 3.3125
vt 0.53125 0.875
vt 1 0.875
vt 1 0.84375
vt 0.53125 0.84375
vt 0.53125 0.84375
vt 1 0.84375
vt 1 0.8125
vt 0.53125 0.8125
vt 0.53125 0.8125
vt 1 0.8125
vt 1 0.78125
vt 0.53125 0.78125
vt 0.53125 0.78125
vt 1 0.78125
vt 1 0.75
vt 0.53125 0.75
vt 0.46875 0.53125
vt 0 0.53125
vt 0 1
vt 0.46875 1
vt 0.46875 0.53125
vt 0 0.53125
vt 0 0.0625
vt 0.46875 0.0625
vn 0 0 -1
vn 1 0 0
vn 0 0 1
vn -1 0 0
vn 0 1 0
vn 0 -1 0
usemtl m_98af27a4-126a-9b6c-3282-8580289e286d
f 1948/4788/1197 1951/4787/1197 1949/4786/1197 1946/4785/1197
f 1947/4792/1198 1948/4791/1198 1946/4790/1198 1945/4789/1198
f 1952/4796/1199 1947/4795/1199 1945/4794/1199 1950/4793/1199
f 1951/4800/1200 1952/4799/1200 1950/4798/1200 1949/4797/1200
f 1950/4804/1201 1945/4803/1201 1946/4802/1201 1949/4801/1201
f 1951/4808/1202 1948/4807/1202 1947/4806/1202 1952/4805/1202
o cube
v 2.559375 0.871875 2.653125
v 2.559375 0.871875 2.096875
v 2.559375 0.753125 2.653125
v 2.559375 0.753125 2.096875
v 2.315625 0.871875 2.096875
v 2.315625 0.871875 2.653125
v 2.315625 0.753125 2.096875
v 2.315625 0.753125 2.653125
vt 0.78125 0.5625
vt 0.84375 0.5625
vt 0.84375 0.53125
vt 0.78125 0.53125
vt 0.71875 0.40625
vt 0.859375 0.40625
vt 0.859375 0.375
vt 0.71875 0.375
vt 0.71875 0.375
vt 0.859375 0.375
vt 0.859375 0.34375
vt 0.71875 0.34375
vt 0.65625 0.3125
vt 0.59375 0.3125
vt 0.59375 0.171875
vt 0.65625 0.171875
vn 0 0 -1
vn 1 0 0
vn -1 0 0
vn 0 -1 0
usemtl m_98af27a4-126a-9b6c-3282-8580289e286d
f 1956/4812/1203 1959/4811/1203 1957/4810/1203 1954/4809/1203
f 1955/4816/1204 1956/4815/1204 1954/4814/1204 1953/4813/1204
f 1959/4820/1205 1960/4819/1205 1958/4818/1205 1957/4817/1205
f 1959/4824/1206 1956/4823/1206 1955/4822/1206 1960/4821/1206
o cube
v 2.7171875 0.8734375000000001 2.4984375
v 2.7171875 0.8734375000000001 2.2515625
v 2.7171875 0.7515624999999999 2.4984375
v 2.7171875 0.7515624999999999 2.2515625
v 2.1578125 0.8734375000000001 2.2515625
v 2.1578125 0.8734375000000001 2.4984375
v 2.1578125 0.7515624999999999 2.2515625
v 2.1578125 0.7515624999999999 2.4984375
vt 0.71875 0.34375
vt 0.859375 0.34375
vt 0.859375 0.3125
vt 0.71875 0.3125
vt 0.78125 0.4375
vt 0.84375 0.4375
vt 0.84375 0.40625
vt 0.78125 0.40625
vt 0.78125 0.625
vt 0.921875 0.625
vt 0.921875 0.59375
vt 0.78125 0.59375
vt 0.78125 0.25
vt 0.84375 0.25
vt 0.84375 0.21875
vt 0.78125 0.21875
vt 0.796875 0.3125
vt 0.65625 0.3125
vt 0.65625 0.25
vt 0.796875 0.25
vn 0 0 -1
vn 1 0 0
vn 0 0 1
vn -1 0 0
vn 0 -1 0
usemtl m_98af27a4-126a-9b6c-3282-8580289e286d
f 1964/4828/1207 1967/4827/1207 1965/4826/1207 1962/4825/1207
f 1963/4832/1208 1964/4831/1208 1962/4830/1208 1961/4829/1208
f 1968/4836/1209 1963/4835/1209 1961/4834/1209 1966/4833/1209
f 1967/4840/1210 1968/4839/1210 1966/4838/1210 1965/4837/1210
f 1967/4844/1211 1964/4843/1211 1963/4842/1211 1968/4841/1211
o cube
v 6.9375 0.75 1.63578256715468
v 6.9375 0.75 1.51078256715468
v 6.9375 0.0625 1.63578256715468
v 6.9375 0.0625 1.51078256715468
v 6.8125 0.75 1.51078256715468
v 6.8125 0.75 1.63578256715468
v 6.8125 0.0625 1.51078256715468
v 6.8125 0.0625 1.63578256715468
vt 0.453125 0.828125
vt 0.46875 0.828125
vt 0.46875 0.7421875
vt 0.453125 0.7421875
vt 0.234375 0.546875
vt 0.25 0.546875
vt 0.25 0.4609375
vt 0.234375 0.4609375
vt 0.25 0.546875
vt 0.265625 0.546875
vt 0.265625 0.4609375
vt 0.25 0.4609375
vt 0.453125 0.7421875
vt 0.46875 0.7421875
vt 0.46875 0.65625
vt 0.453125 0.65625
vt 0.484375 0.8046875
vt 0.46875 0.8046875
vt 0.46875 0.7890625
vt 0.484375 0.7890625
vn 0 0 -1
vn 1 0 0
vn 0 0 1
vn -1 0 0
vn 0 -1 0
usemtl m_3d67ea30-6e80-95db-a4e7-1493fb7dcdcb
f 1972/4848/1212 1975/4847/1212 1973/4846/1212 1970/4845/1212
f 1971/4852/1213 1972/4851/1213 1970/4850/1213 1969/4849/1213
f 1976/4856/1214 1971/4855/1214 1969/4854/1214 1974/4853/1214
f 1975/4860/1215 1976/4859/1215 1974/4858/1215 1973/4857/1215
f 1975/4864/1216 1972/4863/1216 1971/4862/1216 1976/4861/1216
o cube
v 6.953125 0.21875 1.65140756715468
v 6.953125 0.21875 1.49515756715468
v 6.953125 0 1.65140756715468
v 6.953125 0 1.49515756715468
v 6.796875 0.21875 1.49515756715468
v 6.796875 0.21875 1.65140756715468
v 6.796875 0 1.49515756715468
v 6.796875 0 1.65140756715468
vt 0.4375 0.546875
vt 0.453125 0.546875
vt 0.453125 0.5234375
vt 0.4375 0.5234375
vt 0.453125 0.546875
vt 0.46875 0.546875
vt 0.46875 0.5234375
vt 0.453125 0.5234375
vt 0 0.53125
vt 0.015625 0.53125
vt 0.015625 0.5078125
vt 0 0.5078125
vt 0.015625 0.53125
vt 0.03125 0.53125
vt 0.03125 0.5078125
vt 0.015625 0.5078125
vt 0.21875 0.53125
vt 0.203125 0.53125
vt 0.203125 0.515625
vt 0.21875 0.515625
vn 0 0 -1
vn 1 0 0
vn 0 0 1
vn -1 0 0
vn 0 -1 0
usemtl m_3d67ea30-6e80-95db-a4e7-1493fb7dcdcb
f 1980/4868/1217 1983/4867/1217 1981/4866/1217 1978/4865/1217
f 1979/4872/1218 1980/4871/1218 1978/4870/1218 1977/4869/1218
f 1984/4876/1219 1979/4875/1219 1977/4874/1219 1982/4873/1219
f 1983/4880/1220 1984/4879/1220 1982/4878/1220 1981/4877/1220
f 1983/4884/1221 1980/4883/1221 1979/4882/1221 1984/4881/1221
o cube
v 8.578125 0.21875 3.25484243284532
v 8.578125 0.21875 3.09859243284532
v 8.578125 0 3.25484243284532
v 8.578125 0 3.09859243284532
v 8.421875 0.21875 3.09859243284532
v 8.421875 0.21875 3.25484243284532
v 8.421875 0 3.09859243284532
v 8.421875 0 3.25484243284532
vt 0.03125 0.53125
vt 0.046875 0.53125
vt 0.046875 0.5078125
vt 0.03125 0.5078125
vt 0.046875 0.53125
vt 0.0625 0.53125
vt 0.0625 0.5078125
vt 0.046875 0.5078125
vt 0.0625 0.53125
vt 0.078125 0.53125
vt 0.078125 0.5078125
vt 0.0625 0.5078125
vt 0.078125 0.53125
vt 0.09375 0.53125
vt 0.09375 0.5078125
vt 0.078125 0.5078125
vt 0.484375 0.7890625
vt 0.46875 0.7890625
vt 0.46875 0.7734375
vt 0.484375 0.7734375
vn 0 0 -1
vn 1 0 0
vn 0 0 1
vn -1 0 0
vn 0 -1 0
usemtl m_3d67ea30-6e80-95db-a4e7-1493fb7dcdcb
f 1988/4888/1222 1991/4887/1222 1989/4886/1222 1986/4885/1222
f 1987/4892/1223 1988/4891/1223 1986/4890/1223 1985/4889/1223
f 1992/4896/1224 1987/4895/1224 1985/4894/1224 1990/4893/1224
f 1991/4900/1225 1992/4899/1225 1990/4898/1225 1989/4897/1225
f 1991/4904/1226 1988/4903/1226 1987/4902/1226 1992/4901/1226
o cube
v 8.5625 0.75 3.23921743284532
v 8.5625 0.75 3.11421743284532
v 8.5625 0.0625 3.23921743284532
v 8.5625 0.0625 3.11421743284532
v 8.4375 0.75 3.11421743284532
v 8.4375 0.75 3.23921743284532
v 8.4375 0.0625 3.11421743284532
v 8.4375 0.0625 3.23921743284532
vt 0.265625 0.546875
vt 0.28125 0.546875
vt 0.28125 0.4609375
vt 0.265625 0.4609375
vt 0.28125 0.546875
vt 0.296875 0.546875
vt 0.296875 0.4609375
vt 0.28125 0.4609375
vt 0.296875 0.546875
vt 0.3125 0.546875
vt 0.3125 0.4609375
vt 0.296875 0.4609375
vt 0.3125 0.546875
vt 0.328125 0.546875
vt 0.328125 0.4609375
vt 0.3125 0.4609375
vt 0.234375 0.53125
vt 0.21875 0.53125
vt 0.21875 0.515625
vt 0.234375 0.515625
vn 0 0 -1
vn 1 0 0
vn 0 0 1
vn -1 0 0
vn 0 -1 0
usemtl m_3d67ea30-6e80-95db-a4e7-1493fb7dcdcb
f 1996/4908/1227 1999/4907/1227 1997/4906/1227 1994/4905/1227
f 1995/4912/1228 1996/4911/1228 1994/4910/1228 1993/4909/1228
f 2000/4916/1229 1995/4915/1229 1993/4914/1229 1998/4913/1229
f 1999/4920/1230 2000/4919/1230 1998/4918/1230 1997/4917/1230
f 1999/4924/1231 1996/4923/1231 1995/4922/1231 2000/4921/1231
o cube
v 6.953125 0.21875 3.25484243284532
v 6.953125 0.21875 3.09859243284532
v 6.953125 0 3.25484243284532
v 6.953125 0 3.09859243284532
v 6.796875 0.21875 3.09859243284532
v 6.796875 0.21875 3.25484243284532
v 6.796875 0 3.09859243284532
v 6.796875 0 3.25484243284532
vt 0.09375 0.53125
vt 0.109375 0.53125
vt 0.109375 0.5078125
vt 0.09375 0.5078125
vt 0.109375 0.53125
vt 0.125 0.53125
vt 0.125 0.5078125
vt 0.109375 0.5078125
vt 0.125 0.53125
vt 0.140625 0.53125
vt 0.140625 0.5078125
vt 0.125 0.5078125
vt 0.140625 0.53125
vt 0.15625 0.53125
vt 0.15625 0.5078125
vt 0.140625 0.5078125
vt 0.484375 0.7734375
vt 0.46875 0.7734375
vt 0.46875 0.7578125
vt 0.484375 0.7578125
vn 0 0 -1
vn 1 0 0
vn 0 0 1
vn -1 0 0
vn 0 -1 0
usemtl m_3d67ea30-6e80-95db-a4e7-1493fb7dcdcb
f 2004/4928/1232 2007/4927/1232 2005/4926/1232 2002/4925/1232
f 2003/4932/1233 2004/4931/1233 2002/4930/1233 2001/4929/1233
f 2008/4936/1234 2003/4935/1234 2001/4934/1234 2006/4933/1234
f 2007/4940/1235 2008/4939/1235 2006/4938/1235 2005/4937/1235
f 2007/4944/1236 2004/4943/1236 2003/4942/1236 2008/4941/1236
o cube
v 6.9375 0.75 3.23921743284532
v 6.9375 0.75 3.11421743284532
v 6.9375 0.0625 3.23921743284532
v 6.9375 0.0625 3.11421743284532
v 6.8125 0.75 3.11421743284532
v 6.8125 0.75 3.23921743284532
v 6.8125 0.0625 3.11421743284532
v 6.8125 0.0625 3.23921743284532
vt 0.328125 0.546875
vt 0.34375 0.546875
vt 0.34375 0.4609375
vt 0.328125 0.4609375
vt 0.34375 0.546875
vt 0.359375 0.546875
vt 0.359375 0.4609375
vt 0.34375 0.4609375
vt 0.453125 0.65625
vt 0.46875 0.65625
vt 0.46875 0.5703125
vt 0.453125 0.5703125
vt 0.359375 0.546875
vt 0.375 0.546875
vt 0.375 0.4609375
vt 0.359375 0.4609375
vt 0.484375 0.7578125
vt 0.46875 0.7578125
vt 0.46875 0.7421875
vt 0.484375 0.7421875
vn 0 0 -1
vn 1 0 0
vn 0 0 1
vn -1 0 0
vn 0 -1 0
usemtl m_3d67ea30-6e80-95db-a4e7-1493fb7dcdcb
f 2012/4948/1237 2015/4947/1237 2013/4946/1237 2010/4945/1237
f 2011/4952/1238 2012/4951/1238 2010/4950/1238 2009/4949/1238
f 2016/4956/1239 2011/4955/1239 2009/4954/1239 2014/4953/1239
f 2015/4960/1240 2016/4959/1240 2014/4958/1240 2013/4957/1240
f 2015/4964/1241 2012/4963/1241 2011/4962/1241 2016/4961/1241
o cube
v 8.5625 0.75 1.63578256715468
v 8.5625 0.75 1.51078256715468
v 8.5625 0.0625 1.63578256715468
v 8.5625 0.0625 1.51078256715468
v 8.4375 0.75 1.51078256715468
v 8.4375 0.75 1.63578256715468
v 8.4375 0.0625 1.51078256715468
v 8.4375 0.0625 1.63578256715468
vt 0.375 0.546875
vt 0.390625 0.546875
vt 0.390625 0.4609375
vt 0.375 0.4609375
vt 0.390625 0.546875
vt 0.40625 0.546875
vt 0.40625 0.4609375
vt 0.390625 0.4609375
vt 0.40625 0.546875
vt 0.421875 0.546875
vt 0.421875 0.4609375
vt 0.40625 0.4609375
vt 0.421875 0.546875
vt 0.4375 0.546875
vt 0.4375 0.4609375
vt 0.421875 0.4609375
vt 0.484375 0.7421875
vt 0.46875 0.7421875
vt 0.46875 0.7265625
vt 0.484375 0.7265625
vn 0 0 -1
vn 1 0 0
vn 0 0 1
vn -1 0 0
vn 0 -1 0
usemtl m_3d67ea30-6e80-95db-a4e7-1493fb7dcdcb
f 2020/4968/1242 2023/4967/1242 2021/4966/1242 2018/4965/1242
f 2019/4972/1243 2020/4971/1243 2018/4970/1243 2017/4969/1243
f 2024/4976/1244 2019/4975/1244 2017/4974/1244 2022/4973/1244
f 2023/4980/1245 2024/4979/1245 2022/4978/1245 2021/4977/1245
f 2023/4984/1246 2020/4983/1246 2019/4982/1246 2024/4981/1246
o cube
v 8.578125 0.21875 1.65140756715468
v 8.578125 0.21875 1.49515756715468
v 8.578125 0 1.65140756715468
v 8.578125 0 1.49515756715468
v 8.421875 0.21875 1.49515756715468
v 8.421875 0.21875 1.65140756715468
v 8.421875 0 1.49515756715468
v 8.421875 0 1.65140756715468
vt 0.15625 0.53125
vt 0.171875 0.53125
vt 0.171875 0.5078125
vt 0.15625 0.5078125
vt 0.171875 0.53125
vt 0.1875 0.53125
vt 0.1875 0.5078125
vt 0.171875 0.5078125
vt 0.46875 0.828125
vt 0.484375 0.828125
vt 0.484375 0.8046875
vt 0.46875 0.8046875
vt 0.1875 0.53125
vt 0.203125 0.53125
vt 0.203125 0.5078125
vt 0.1875 0.5078125
vt 0.484375 0.7265625
vt 0.46875 0.7265625
vt 0.46875 0.7109375
vt 0.484375 0.7109375
vn 0 0 -1
vn 1 0 0
vn 0 0 1
vn -1 0 0
vn 0 -1 0
usemtl m_3d67ea30-6e80-95db-a4e7-1493fb7dcdcb
f 2028/4988/1247 2031/4987/1247 2029/4986/1247 2026/4985/1247
f 2027/4992/1248 2028/4991/1248 2026/4990/1248 2025/4989/1248
f 2032/4996/1249 2027/4995/1249 2025/4994/1249 2030/4993/1249
f 2031/5000/1250 2032/4999/1250 2030/4998/1250 2029/4997/1250
f 2031/5004/1251 2028/5003/1251 2027/5002/1251 2032/5001/1251
o cube
v 8.625 1 3.3125
v 8.625 1 1.4375
v 8.625 0.875 3.3125
v 8.625 0.875 1.4375
v 6.75 1 1.4375
v 6.75 1 3.3125
v 6.75 0.875 1.4375
v 6.75 0.875 3.3125
vt 0.234375 0.5625
vt 0.46875 0.5625
vt 0.46875 0.546875
vt 0.234375 0.546875
vt 0.453125 1
vt 0.6875 1
vt 0.6875 0.984375
vt 0.453125 0.984375
vt 0.453125 0.984375
vt 0.6875 0.984375
vt 0.6875 0.96875
vt 0.453125 0.96875
vt 0.453125 0.96875
vt 0.6875 0.96875
vt 0.6875 0.953125
vt 0.453125 0.953125
vt 0.234375 0.765625
vt 0 0.765625
vt 0 1
vt 0.234375 1
vt 0.234375 0.765625
vt 0 0.765625
vt 0 0.53125
vt 0.234375 0.53125
vn 0 0 -1
vn 1 0 0
vn 0 0 1
vn -1 0 0
vn 0 1 0
vn 0 -1 0
usemtl m_3d67ea30-6e80-95db-a4e7-1493fb7dcdcb
f 2036/5008/1252 2039/5007/1252 2037/5006/1252 2034/5005/1252
f 2035/5012/1253 2036/5011/1253 2034/5010/1253 2033/5009/1253
f 2040/5016/1254 2035/5015/1254 2033/5014/1254 2038/5013/1254
f 2039/5020/1255 2040/5019/1255 2038/5018/1255 2037/5017/1255
f 2038/5024/1256 2033/5023/1256 2034/5022/1256 2037/5021/1256
f 2039/5028/1257 2036/5027/1257 2035/5026/1257 2040/5025/1257
o cube
v 8.5625 0.875 3.25
v 8.5625 0.875 1.5
v 8.5625 0.75 3.25
v 8.5625 0.75 1.5
v 6.8125 0.875 1.5
v 6.8125 0.875 3.25
v 6.8125 0.75 1.5
v 6.8125 0.75 3.25
vt 0.453125 0.953125
vt 0.671875 0.953125
vt 0.671875 0.9375
vt 0.453125 0.9375
vt 0.453125 0.9375
vt 0.671875 0.9375
vt 0.671875 0.921875
vt 0.453125 0.921875
vt 0.453125 0.921875
vt 0.671875 0.921875
vt 0.671875 0.90625
vt 0.453125 0.90625
vt 0.453125 0.90625
vt 0.671875 0.90625
vt 0.671875 0.890625
vt 0.453125 0.890625
vt 0.453125 0.78125
vt 0.234375 0.78125
vt 0.234375 1
vt 0.453125 1
vt 0.453125 0.78125
vt 0.234375 0.78125
vt 0.234375 0.5625
vt 0.453125 0.5625
vn 0 0 -1
vn 1 0 0
vn 0 0 1
vn -1 0 0
vn 0 1 0
vn 0 -1 0
usemtl m_3d67ea30-6e80-95db-a4e7-1493fb7dcdcb
f 2044/5032/1258 2047/5031/1258 2045/5030/1258 2042/5029/1258
f 2043/5036/1259 2044/5035/1259 2042/5034/1259 2041/5033/1259
f 2048/5040/1260 2043/5039/1260 2041/5038/1260 2046/5037/1260
f 2047/5044/1261 2048/5043/1261 2046/5042/1261 2045/5041/1261
f 2046/5048/1262 2041/5047/1262 2042/5046/1262 2045/5045/1262
f 2047/5052/1263 2044/5051/1263 2043/5050/1263 2048/5049/1263
o cube
v 8.5 0.5625 3.1875
v 8.5 0.5625 1.5625
v 8.5 0.4375 3.1875
v 8.5 0.4375 1.5625
v 6.875 0.5625 1.5625
v 6.875 0.5625 3.1875
v 6.875 0.4375 1.5625
v 6.875 0.4375 3.1875
vt 0.453125 0.890625
vt 0.65625 0.890625
vt 0.65625 0.875
vt 0.453125 0.875
vt 0.453125 0.875
vt 0.65625 0.875
vt 0.65625 0.859375
vt 0.453125 0.859375
vt 0.453125 0.859375
vt 0.65625 0.859375
vt 0.65625 0.84375
vt 0.453125 0.84375
vt 0.453125 0.84375
vt 0.65625 0.84375
vt 0.65625 0.828125
vt 0.453125 0.828125
vn 0 0 -1
vn 1 0 0
vn 0 0 1
vn -1 0 0
usemtl m_3d67ea30-6e80-95db-a4e7-1493fb7dcdcb
f 2052/5056/1264 2055/5055/1264 2053/5054/1264 2050/5053/1264
f 2051/5060/1265 2052/5059/1265 2050/5058/1265 2049/5057/1265
f 2056/5064/1266 2051/5063/1266 2049/5062/1266 2054/5061/1266
f 2055/5068/1267 2056/5067/1267 2054/5066/1267 2053/5065/1267
o cube
v 4.6674223243924935 0.9187127069896905 1.8031456290958552
v 4.58576213908772 0.966548136035327 1.721485443791082
v 4.396824274319394 -0.005166825521595864 1.532547579022757
v 4.315164089014622 0.04266860352404034 1.4508873937179836
v 4.4089854437910825 0.966548136035327 1.898262139087719
v 4.490645629095856 0.9187127069896905 1.9799223243924926
v 4.138387393717984 0.04266860352404034 1.6276640890146203
v 4.220047579022758 -0.005166825521595864 1.709324274319394
vt 0.234375 1
vt 0.265625 1
vt 0.265625 0.875
vt 0.234375 0.875
vt 0.328125 0.953125
vt 0.34375 0.953125
vt 0.34375 0.828125
vt 0.328125 0.828125
vt 0.234375 0.875
vt 0.265625 0.875
vt 0.265625 0.75
vt 0.234375 0.75
vt 0.296875 0.671875
vt 0.3125 0.671875
vt 0.3125 0.546875
vt 0.296875 0.546875
vt 0.359375 0.828125
vt 0.328125 0.828125
vt 0.328125 0.8125
vt 0.359375 0.8125
vn -0.6532814824381884 0.38268343236508984 -0.6532814824381883
vn 0.7071067811865475 0 -0.7071067811865476
vn 0.6532814824381884 -0.38268343236508984 0.6532814824381883
vn -0.7071067811865475 0 0.7071067811865476
vn -0.2705980500730985 -0.9238795325112867 -0.27059805007309845
usemtl m_af5afa37-8351-246d-7c84-9a9b808a785d
f 2060/5072/1268 2063/5071/1268 2061/5070/1268 2058/5069/1268
f 2059/5076/1269 2060/5075/1269 2058/5074/1269 2057/5073/1269
f 2064/5080/1270 2059/5079/1270 2057/5078/1270 2062/5077/1270
f 2063/5084/1271 2064/5083/1271 2062/5082/1271 2061/5081/1271
f 2063/5088/1272 2060/5087/1272 2059/5086/1272 2064/5085/1272
o cube
v 5.7160145562089175 0.966548136035327 2.8517378609122805
v 5.634354370904144 0.9187127069896908 2.770077675607507
v 5.986612606282016 0.04266860352404023 3.122335910985379
v 5.904952420977242 -0.00516682552159603 3.0406757256806056
v 5.457577675607507 0.9187127069896908 2.946854370904144
v 5.539237860912281 0.966548136035327 3.0285145562089175
v 5.728175725680606 -0.00516682552159603 3.217452420977242
v 5.809835910985379 0.04266860352404023 3.2991126062820157
vt 0.234375 0.75
vt 0.265625 0.75
vt 0.265625 0.625
vt 0.234375 0.625
vt 0.3125 0.671875
vt 0.328125 0.671875
vt 0.328125 0.546875
vt 0.3125 0.546875
vt 0.265625 1
vt 0.296875 1
vt 0.296875 0.875
vt 0.265625 0.875
vt 0.328125 0.671875
vt 0.34375 0.671875
vt 0.34375 0.546875
vt 0.328125 0.546875
vt 0.359375 0.8125
vt 0.328125 0.8125
vt 0.328125 0.796875
vt 0.359375 0.796875
vn -0.6532814824381884 -0.38268343236508984 -0.6532814824381883
vn 0.7071067811865475 0 -0.7071067811865476
vn 0.6532814824381884 0.38268343236508984 0.6532814824381883
vn -0.7071067811865475 0 0.7071067811865476
vn 0.2705980500730985 -0.9238795325112867 0.27059805007309845
usemtl m_af5afa37-8351-246d-7c84-9a9b808a785d
f 2068/5092/1273 2071/5091/1273 2069/5090/1273 2066/5089/1273
f 2067/5096/1274 2068/5095/1274 2066/5094/1274 2065/5093/1274
f 2072/5100/1275 2067/5099/1275 2065/5098/1275 2070/5097/1275
f 2071/5104/1276 2072/5103/1276 2070/5102/1276 2069/5101/1276
f 2071/5108/1277 2068/5107/1277 2067/5106/1277 2072/5105/1277
o cube
v 4.6674223243924935 0.918712706989691 2.946854370904145
v 4.490645629095856 0.918712706989691 2.770077675607508
v 4.396824274319394 -0.005166825521595697 3.217452420977243
v 4.220047579022758 -0.005166825521595697 3.040675725680606
v 4.4089854437910825 0.9665481360353272 2.8517378609122814
v 4.58576213908772 0.9665481360353272 3.0285145562089184
v 4.138387393717984 0.04266860352404045 3.1223359109853797
v 4.315164089014621 0.04266860352404045 3.2991126062820166
vt 0.34375 0.953125
vt 0.359375 0.953125
vt 0.359375 0.828125
vt 0.34375 0.828125
vt 0.265625 0.875
vt 0.296875 0.875
vt 0.296875 0.75
vt 0.265625 0.75
vt 0.34375 0.671875
vt 0.359375 0.671875
vt 0.359375 0.546875
vt 0.34375 0.546875
vt 0.265625 0.75
vt 0.296875 0.75
vt 0.296875 0.625
vt 0.265625 0.625
vt 0.34375 0.796875
vt 0.328125 0.796875
vt 0.328125 0.765625
vt 0.34375 0.765625
vn -0.7071067811865476 0 -0.7071067811865475
vn 0.6532814824381882 -0.3826834323650897 -0.6532814824381883
vn 0.7071067811865476 0 0.7071067811865475
vn -0.6532814824381882 0.3826834323650897 0.6532814824381883
vn -0.27059805007309845 -0.9238795325112867 0.2705980500730985
usemtl m_af5afa37-8351-246d-7c84-9a9b808a785d
f 2076/5112/1278 2079/5111/1278 2077/5110/1278 2074/5109/1278
f 2075/5116/1279 2076/5115/1279 2074/5114/1279 2073/5113/1279
f 2080/5120/1280 2075/5119/1280 2073/5118/1280 2078/5117/1280
f 2079/5124/1281 2080/5123/1281 2078/5122/1281 2077/5121/1281
f 2079/5128/1282 2076/5127/1282 2075/5126/1282 2080/5125/1282
o cube
v 5.7160145562089175 0.966548136035327 1.898262139087719
v 5.539237860912281 0.966548136035327 1.721485443791082
v 5.986612606282016 0.04266860352404056 1.6276640890146208
v 5.809835910985379 0.04266860352404056 1.4508873937179838
v 5.457577675607507 0.918712706989691 1.8031456290958556
v 5.634354370904144 0.918712706989691 1.9799223243924926
v 5.728175725680606 -0.005166825521595697 1.532547579022757
v 5.904952420977242 -0.005166825521595697 1.709324274319394
vt 0.359375 0.953125
vt 0.375 0.953125
vt 0.375 0.828125
vt 0.359375 0.828125
vt 0.296875 1
vt 0.328125 1
vt 0.328125 0.875
vt 0.296875 0.875
vt 0.359375 0.671875
vt 0.375 0.671875
vt 0.375 0.546875
vt 0.359375 0.546875
vt 0.296875 0.875
vt 0.328125 0.875
vt 0.328125 0.75
vt 0.296875 0.75
vt 0.359375 0.796875
vt 0.34375 0.796875
vt 0.34375 0.765625
vt 0.359375 0.765625
vn -0.7071067811865476 0 -0.7071067811865475
vn 0.6532814824381882 0.3826834323650897 -0.6532814824381883
vn 0.7071067811865476 0 0.7071067811865475
vn -0.6532814824381882 -0.3826834323650897 0.6532814824381883
vn 0.27059805007309845 -0.9238795325112867 -0.2705980500730985
usemtl m_af5afa37-8351-246d-7c84-9a9b808a785d
f 2084/5132/1283 2087/5131/1283 2085/5130/1283 2082/5129/1283
f 2083/5136/1284 2084/5135/1284 2082/5134/1284 2081/5133/1284
f 2088/5140/1285 2083/5139/1285 2081/5138/1285 2086/5137/1285
f 2087/5144/1286 2088/5143/1286 2086/5142/1286 2085/5141/1286
f 2087/5148/1287 2084/5147/1287 2083/5146/1287 2088/5145/1287
o cube
v 6 1 3.3125
v 6 1 1.4375
v 6 0.875 3.3125
v 6 0.875 1.4375
v 4.125 1 1.4375
v 4.125 1 3.3125
v 4.125 0.875 1.4375
v 4.125 0.875 3.3125
vt 0.296875 0.75
vt 0.53125 0.75
vt 0.53125 0.734375
vt 0.296875 0.734375
vt 0.296875 0.734375
vt 0.53125 0.734375
vt 0.53125 0.71875
vt 0.296875 0.71875
vt 0.296875 0.71875
vt 0.53125 0.71875
vt 0.53125 0.703125
vt 0.296875 0.703125
vt 0.296875 0.703125
vt 0.53125 0.703125
vt 0.53125 0.6875
vt 0.296875 0.6875
vt 0.234375 0.765625
vt 0 0.765625
vt 0 1
vt 0.234375 1
vt 0.234375 0.765625
vt 0 0.765625
vt 0 0.53125
vt 0.234375 0.53125
vn 0 0 -1
vn 1 0 0
vn 0 0 1
vn -1 0 0
vn 0 1 0
vn 0 -1 0
usemtl m_af5afa37-8351-246d-7c84-9a9b808a785d
f 2092/5152/1288 2095/5151/1288 2093/5150/1288 2090/5149/1288
f 2091/5156/1289 2092/5155/1289 2090/5154/1289 2089/5153/1289
f 2096/5160/1290 2091/5159/1290 2089/5158/1290 2094/5157/1290
f 2095/5164/1291 2096/5163/1291 2094/5162/1291 2093/5161/1291
f 2094/5168/1292 2089/5167/1292 2090/5166/1292 2093/5165/1292
f 2095/5172/1293 2092/5171/1293 2091/5170/1293 2096/5169/1293
o cube
v 5.75 0.6875 3.0625
v 5.75 0.6875 1.6875
v 5.75 0.5625 3.0625
v 5.75 0.5625 1.6875
v 4.375 0.6875 1.6875
v 4.375 0.6875 3.0625
v 4.375 0.5625 1.6875
v 4.375 0.5625 3.0625
vt 0.296875 0.6875
vt 0.46875 0.6875
vt 0.46875 0.671875
vt 0.296875 0.671875
vt 0.328125 1
vt 0.5 1
vt 0.5 0.984375
vt 0.328125 0.984375
vt 0.328125 0.984375
vt 0.5 0.984375
vt 0.5 0.96875
vt 0.328125 0.96875
vt 0.328125 0.96875
vt 0.5 0.96875
vt 0.5 0.953125
vt 0.328125 0.953125
vn 0 0 -1
vn 1 0 0
vn 0 0 1
vn -1 0 0
usemtl m_af5afa37-8351-246d-7c84-9a9b808a785d
f 2100/5176/1294 2103/5175/1294 2101/5174/1294 2098/5173/1294
f 2099/5180/1295 2100/5179/1295 2098/5178/1295 2097/5177/1295
f 2104/5184/1296 2099/5183/1296 2097/5182/1296 2102/5181/1296
f 2103/5188/1297 2104/5187/1297 2102/5186/1297 2101/5185/1297
o cube
v 9.76462308961322 0.7384463063921232 1.8381577592592464
v 9.765098752351753 0.7493407742355804 1.5883957038637817
v 9.731939686082848 -0.010126705392281443 1.8054432187352445
v 9.73241534882138 0.0007677624511758241 1.5556811633397798
v 9.515336696956288 0.7602456210769144 1.5883957038637817
v 9.514861034217756 0.7493511532334571 1.8381577592592464
v 9.482653293425916 0.011672609292509795 1.5556811633397798
v 9.482177630687383 0.0007781414490525274 1.8054432187352445
vt 0.46875 0.75
vt 0.53125 0.75
vt 0.53125 0.5625
vt 0.46875 0.5625
vt 0.46875 0.5625
vt 0.53125 0.5625
vt 0.53125 0.375
vt 0.46875 0.375
vt 0.53125 0.75
vt 0.59375 0.75
vt 0.59375 0.5625
vt 0.53125 0.5625
vt 0.53125 0.5625
vt 0.59375 0.5625
vt 0.59375 0.375
vt 0.53125 0.375
vt 0.84375 0.5625
vt 0.78125 0.5625
vt 0.78125 0.5
vt 0.84375 0.5
vn 0.001902650954127234 0.04357787137382909 -0.9990482215818578
vn 0.9990482215818578 -0.04361938736533601 -2.168404344971009e-19
vn -0.001902650954127234 -0.04357787137382909 0.9990482215818578
vn -0.9990482215818578 0.04361938736533601 2.168404344971009e-19
vn -0.04357787137382909 -0.9980973490458729 -0.04361938736533601
usemtl m_84dc4fd0-1202-084a-87a0-4357a7daf072
f 2108/5192/1298 2111/5191/1298 2109/5190/1298 2106/5189/1298
f 2107/5196/1299 2108/5195/1299 2106/5194/1299 2105/5193/1299
f 2112/5200/1300 2107/5199/1300 2105/5198/1300 2110/5197/1300
f 2111/5204/1301 2112/5203/1301 2110/5202/1301 2109/5201/1301
f 2111/5208/1302 2108/5207/1302 2107/5206/1302 2112/5205/1302
o cube
v 11.110138965782244 0.7493511532334571 1.8381577592592464
v 11.109663303043712 0.7602456210769144 1.5883957038637817
v 11.142822369312617 0.0007781414490525274 1.8054432187352445
v 11.142346706574084 0.011672609292509795 1.5556811633397798
v 10.859901247648247 0.7493407742355804 1.5883957038637817
v 10.86037691038678 0.7384463063921232 1.8381577592592464
v 10.89258465117862 0.0007677624511758241 1.5556811633397798
v 10.893060313917152 -0.010126705392281443 1.8054432187352445
vt 0.59375 0.75
vt 0.65625 0.75
vt 0.65625 0.5625
vt 0.59375 0.5625
vt 0.59375 0.5625
vt 0.65625 0.5625
vt 0.65625 0.375
vt 0.59375 0.375
vt 0.46875 0.375
vt 0.53125 0.375
vt 0.53125 0.1875
vt 0.46875 0.1875
vt 0.53125 0.375
vt 0.59375 0.375
vt 0.59375 0.1875
vt 0.53125 0.1875
vt 0.84375 0.5
vt 0.78125 0.5
vt 0.78125 0.4375
vt 0.84375 0.4375
vn -0.001902650954127234 0.04357787137382909 -0.9990482215818578
vn 0.9990482215818578 0.04361938736533601 2.168404344971009e-19
vn 0.001902650954127234 -0.04357787137382909 0.9990482215818578
vn -0.9990482215818578 -0.04361938736533601 -2.168404344971009e-19
vn 0.04357787137382909 -0.9980973490458729 -0.04361938736533601
usemtl m_84dc4fd0-1202-084a-87a0-4357a7daf072
f 2116/5212/1303 2119/5211/1303 2117/5210/1303 2114/5209/1303
f 2115/5216/1304 2116/5215/1304 2114/5214/1304 2113/5213/1304
f 2120/5220/1305 2115/5219/1305 2113/5218/1305 2118/5217/1305
f 2119/5224/1306 2120/5223/1306 2118/5222/1306 2117/5221/1306
f 2119/5228/1307 2116/5227/1307 2115/5226/1307 2120/5225/1307
o cube
v 11.109663303043712 0.7602456210769144 3.161604296136218
v 11.110138965782244 0.7493511532334571 2.9118422407407536
v 11.142346706574084 0.011672609292509795 3.19431883666022
v 11.142822369312617 0.0007781414490525274 2.9445567812647555
v 10.86037691038678 0.7384463063921232 2.9118422407407536
v 10.859901247648247 0.7493407742355804 3.161604296136218
v 10.893060313917152 -0.010126705392281443 2.9445567812647555
v 10.89258465117862 0.0007677624511758241 3.19431883666022
vt 0.59375 0.375
vt 0.65625 0.375
vt 0.65625 0.1875
vt 0.59375 0.1875
vt 0.65625 0.75
vt 0.71875 0.75
vt 0.71875 0.5625
vt 0.65625 0.5625
vt 0.65625 0.5625
vt 0.71875 0.5625
vt 0.71875 0.375
vt 0.65625 0.375
vt 0.65625 0.375
vt 0.71875 0.375
vt 0.71875 0.1875
vt 0.65625 0.1875
vt 0.84375 0.4375
vt 0.78125 0.4375
vt 0.78125 0.375
vt 0.84375 0.375
vn 0.001902650954127234 -0.04357787137382909 -0.9990482215818578
vn 0.9990482215818578 0.04361938736533601 -2.168404344971009e-19
vn -0.001902650954127234 0.04357787137382909 0.9990482215818578
vn -0.9990482215818578 -0.04361938736533601 2.168404344971009e-19
vn 0.04357787137382909 -0.9980973490458729 0.04361938736533601
usemtl m_84dc4fd0-1202-084a-87a0-4357a7daf072
f 2124/5232/1308 2127/5231/1308 2125/5230/1308 2122/5229/1308
f 2123/5236/1309 2124/5235/1309 2122/5234/1309 2121/5233/1309
f 2128/5240/1310 2123/5239/1310 2121/5238/1310 2126/5237/1310
f 2127/5244/1311 2128/5243/1311 2126/5242/1311 2125/5241/1311
f 2127/5248/1312 2124/5247/1312 2123/5246/1312 2128/5245/1312
o cube
v 9.765098752351753 0.7493407742355804 3.161604296136218
v 9.76462308961322 0.7384463063921232 2.9118422407407536
v 9.73241534882138 0.0007677624511758241 3.19431883666022
v 9.731939686082848 -0.010126705392281443 2.9445567812647555
v 9.514861034217756 0.7493511532334571 2.9118422407407536
v 9.515336696956288 0.7602456210769144 3.161604296136218
v 9.482177630687383 0.0007781414490525274 2.9445567812647555
v 9.482653293425916 0.011672609292509795 3.19431883666022
vt 0.71875 0.75
vt 0.78125 0.75
vt 0.78125 0.5625
vt 0.71875 0.5625
vt 0.71875 0.5625
vt 0.78125 0.5625
vt 0.78125 0.375
vt 0.71875 0.375
vt 0.71875 0.375
vt 0.78125 0.375
vt 0.78125 0.1875
vt 0.71875 0.1875
vt 0.78125 0.75
vt 0.84375 0.75
vt 0.84375 0.5625
vt 0.78125 0.5625
vt 0.84375 0.375
vt 0.78125 0.375
vt 0.78125 0.3125
vt 0.84375 0.3125
vn -0.001902650954127234 -0.04357787137382909 -0.9990482215818578
vn 0.9990482215818578 -0.04361938736533601 2.168404344971009e-19
vn 0.001902650954127234 0.04357787137382909 0.9990482215818578
vn -0.9990482215818578 0.04361938736533601 -2.168404344971009e-19
vn -0.04357787137382909 -0.9980973490458729 0.04361938736533601
usemtl m_84dc4fd0-1202-084a-87a0-4357a7daf072
f 2132/5252/1313 2135/5251/1313 2133/5250/1313 2130/5249/1313
f 2131/5256/1314 2132/5255/1314 2130/5254/1314 2129/5253/1314
f 2136/5260/1315 2131/5259/1315 2129/5258/1315 2134/5257/1315
f 2135/5264/1316 2136/5263/1316 2134/5262/1316 2133/5261/1316
f 2135/5268/1317 2132/5267/1317 2131/5266/1317 2136/5265/1317
o cube
v 11.25 1 3.3125
v 11.25 1 1.4375
v 11.25 0.75 3.3125
v 11.25 0.75 1.4375
v 9.375 1 1.4375
v 9.375 1 3.3125
v 9.375 0.75 1.4375
v 9.375 0.75 3.3125
vt 0.46875 1
vt 0.9375 1
vt 0.9375 0.9375
vt 0.46875 0.9375
vt 0.46875 0.9375
vt 0.9375 0.9375
vt 0.9375 0.875
vt 0.46875 0.875
vt 0.46875 0.875
vt 0.9375 0.875
vt 0.9375 0.8125
vt 0.46875 0.8125
vt 0.46875 0.8125
vt 0.9375 0.8125
vt 0.9375 0.75
vt 0.46875 0.75
vt 0.46875 0.53125
vt 0 0.53125
vt 0 1
vt 0.46875 1
vt 0.46875 0.53125
vt 0 0.53125
vt 0 0.0625
vt 0.46875 0.0625
vn 0 0 -1
vn 1 0 0
vn 0 0 1
vn -1 0 0
vn 0 1 0
vn 0 -1 0
usemtl m_84dc4fd0-1202-084a-87a0-4357a7daf072
f 2140/5272/1318 2143/5271/1318 2141/5270/1318 2138/5269/1318
f 2139/5276/1319 2140/5275/1319 2138/5274/1319 2137/5273/1319
f 2144/5280/1320 2139/5279/1320 2137/5278/1320 2142/5277/1320
f 2143/5284/1321 2144/5283/1321 2142/5282/1321 2141/5281/1321
f 2142/5288/1322 2137/5287/1322 2138/5286/1322 2141/5285/1322
f 2143/5292/1323 2140/5291/1323 2139/5290/1323 2144/5289/1323
o cube
v 13.875 1 3.3125
v 13.875 1 1.4375
v 13.875 0.875 3.3125
v 13.875 0.875 1.4375
v 12 1 1.4375
v 12 1 3.3125
v 12 0.875 1.4375
v 12 0.875 3.3125
vt 0.234375 1
vt 0.46875 1
vt 0.46875 0.984375
vt 0.234375 0.984375
vt 0.234375 0.984375
vt 0.46875 0.984375
vt 0.46875 0.96875
vt 0.234375 0.96875
vt 0.234375 0.96875
vt 0.46875 0.96875
vt 0.46875 0.953125
vt 0.234375 0.953125
vt 0.234375 0.953125
vt 0.46875 0.953125
vt 0.46875 0.9375
vt 0.234375 0.9375
vt 0.234375 0.765625
vt 0 0.765625
vt 0 1
vt 0.234375 1
vt 0.234375 0.765625
vt 0 0.765625
vt 0 0.53125
vt 0.234375 0.53125
vn 0 0 -1
vn 1 0 0
vn 0 0 1
vn -1 0 0
vn 0 1 0
vn 0 -1 0
usemtl m_2127752b-230b-06f7-a6fc-a319b291101a
f 2148/5296/1324 2151/5295/1324 2149/5294/1324 2146/5293/1324
f 2147/5300/1325 2148/5299/1325 2146/5298/1325 2145/5297/1325
f 2152/5304/1326 2147/5303/1326 2145/5302/1326 2150/5301/1326
f 2151/5308/1327 2152/5307/1327 2150/5306/1327 2149/5305/1327
f 2150/5312/1328 2145/5311/1328 2146/5310/1328 2149/5309/1328
f 2151/5316/1329 2148/5315/1329 2147/5314/1329 2152/5313/1329
o cube
v 12.1875 0.875 3.3125
v 12.1875 0.875 1.4375
v 12.1875 0.75 3.3125
v 12.1875 0.75 1.4375
v 12.0625 0.875 1.4375
v 12.0625 0.875 3.3125
v 12.0625 0.75 1.4375
v 12.0625 0.75 3.3125
vt 0.390625 0.65625
vt 0.40625 0.65625
vt 0.40625 0.640625
vt 0.390625 0.640625
vt 0.234375 0.9375
vt 0.46875 0.9375
vt 0.46875 0.921875
vt 0.234375 0.921875
vt 0.390625 0.640625
vt 0.40625 0.640625
vt 0.40625 0.625
vt 0.390625 0.625
vt 0.234375 0.921875
vt 0.46875 0.921875
vt 0.46875 0.90625
vt 0.234375 0.90625
vt 0.25 0.671875
vt 0.234375 0.671875
vt 0.234375 0.90625
vt 0.25 0.90625
vt 0.265625 0.90625
vt 0.25 0.90625
vt 0.25 0.671875
vt 0.265625 0.671875
vn 0 0 -1
vn 1 0 0
vn 0 0 1
vn -1 0 0
vn 0 1 0
vn 0 -1 0
usemtl m_2127752b-230b-06f7-a6fc-a319b291101a
f 2156/5320/1330 2159/5319/1330 2157/5318/1330 2154/5317/1330
f 2155/5324/1331 2156/5323/1331 2154/5322/1331 2153/5321/1331
f 2160/5328/1332 2155/5327/1332 2153/5326/1332 2158/5325/1332
f 2159/5332/1333 2160/5331/1333 2158/5330/1333 2157/5329/1333
f 2158/5336/1334 2153/5335/1334 2154/5334/1334 2157/5333/1334
f 2159/5340/1335 2156/5339/1335 2155/5338/1335 2160/5337/1335
o cube
v 12.1875 0.125 3.3125
v 12.1875 0.125 1.4375
v 12.1875 0 3.3125
v 12.1875 0 1.4375
v 12.0625 0.125 1.4375
v 12.0625 0.125 3.3125
v 12.0625 0 1.4375
v 12.0625 0 3.3125
vt 0.390625 0.625
vt 0.40625 0.625
vt 0.40625 0.609375
vt 0.390625 0.609375
vt 0.265625 0.90625
vt 0.5 0.90625
vt 0.5 0.890625
vt 0.265625 0.890625
vt 0.390625 0.609375
vt 0.40625 0.609375
vt 0.40625 0.59375
vt 0.390625 0.59375
vt 0.265625 0.890625
vt 0.5 0.890625
vt 0.5 0.875
vt 0.265625 0.875
vt 0.28125 0.640625
vt 0.265625 0.640625
vt 0.265625 0.875
vt 0.28125 0.875
vt 0.296875 0.875
vt 0.28125 0.875
vt 0.28125 0.640625
vt 0.296875 0.640625
vn 0 0 -1
vn 1 0 0
vn 0 0 1
vn -1 0 0
vn 0 1 0
vn 0 -1 0
usemtl m_2127752b-230b-06f7-a6fc-a319b291101a
f 2164/5344/1336 2167/5343/1336 2165/5342/1336 2162/5341/1336
f 2163/5348/1337 2164/5347/1337 2162/5346/1337 2161/5345/1337
f 2168/5352/1338 2163/5351/1338 2161/5350/1338 2166/5349/1338
f 2167/5356/1339 2168/5355/1339 2166/5354/1339 2165/5353/1339
f 2166/5360/1340 2161/5359/1340 2162/5358/1340 2165/5357/1340
f 2167/5364/1341 2164/5363/1341 2163/5362/1341 2168/5361/1341
o cube
v 12.1875 0.75 1.5625
v 12.1875 0.75 1.4375
v 12.1875 0.125 1.5625
v 12.1875 0.125 1.4375
v 12.0625 0.75 1.4375
v 12.0625 0.75 1.5625
v 12.0625 0.125 1.4375
v 12.0625 0.125 1.5625
vt 0.25 0.671875
vt 0.265625 0.671875
vt 0.265625 0.59375
vt 0.25 0.59375
vt 0.34375 0.8125
vt 0.359375 0.8125
vt 0.359375 0.734375
vt 0.34375 0.734375
vt 0.34375 0.734375
vt 0.359375 0.734375
vt 0.359375 0.65625
vt 0.34375 0.65625
vt 0.34375 0.65625
vt 0.359375 0.65625
vt 0.359375 0.578125
vt 0.34375 0.578125
vn 0 0 -1
vn 1 0 0
vn 0 0 1
vn -1 0 0
usemtl m_2127752b-230b-06f7-a6fc-a319b291101a
f 2172/5368/1342 2175/5367/1342 2173/5366/1342 2170/5365/1342
f 2171/5372/1343 2172/5371/1343 2170/5370/1343 2169/5369/1343
f 2176/5376/1344 2171/5375/1344 2169/5374/1344 2174/5373/1344
f 2175/5380/1345 2176/5379/1345 2174/5378/1345 2173/5377/1345
o cube
v 12.1875 0.75 3.3125
v 12.1875 0.75 3.1875
v 12.1875 0.125 3.3125
v 12.1875 0.125 3.1875
v 12.0625 0.75 3.1875
v 12.0625 0.75 3.3125
v 12.0625 0.125 3.1875
v 12.0625 0.125 3.3125
vt 0.359375 0.8125
vt 0.375 0.8125
vt 0.375 0.734375
vt 0.359375 0.734375
vt 0.265625 0.640625
vt 0.28125 0.640625
vt 0.28125 0.5625
vt 0.265625 0.5625
vt 0.359375 0.734375
vt 0.375 0.734375
vt 0.375 0.65625
vt 0.359375 0.65625
vt 0.28125 0.640625
vt 0.296875 0.640625
vt 0.296875 0.5625
vt 0.28125 0.5625
vn 0 0 -1
vn 1 0 0
vn 0 0 1
vn -1 0 0
usemtl m_2127752b-230b-06f7-a6fc-a319b291101a
f 2180/5384/1346 2183/5383/1346 2181/5382/1346 2178/5381/1346
f 2179/5388/1347 2180/5387/1347 2178/5386/1347 2177/5385/1347
f 2184/5392/1348 2179/5391/1348 2177/5390/1348 2182/5389/1348
f 2183/5396/1349 2184/5395/1349 2182/5394/1349 2181/5393/1349
o cube
v 13.8125 0.75 3.3125
v 13.8125 0.75 3.1875
v 13.8125 0.125 3.3125
v 13.8125 0.125 3.1875
v 13.6875 0.75 3.1875
v 13.6875 0.75 3.3125
v 13.6875 0.125 3.1875
v 13.6875 0.125 3.3125
vt 0.359375 0.65625
vt 0.375 0.65625
vt 0.375 0.578125
vt 0.359375 0.578125
vt 0.375 0.8125
vt 0.390625 0.8125
vt 0.390625 0.734375
vt 0.375 0.734375
vt 0.375 0.734375
vt 0.390625 0.734375
vt 0.390625 0.65625
vt 0.375 0.65625
vt 0.375 0.65625
vt 0.390625 0.65625
vt 0.390625 0.578125
vt 0.375 0.578125
vn 0 0 -1
vn 1 0 0
vn 0 0 1
vn -1 0 0
usemtl m_2127752b-230b-06f7-a6fc-a319b291101a
f 2188/5400/1350 2191/5399/1350 2189/5398/1350 2186/5397/1350
f 2187/5404/1351 2188/5403/1351 2186/5402/1351 2185/5401/1351
f 2192/5408/1352 2187/5407/1352 2185/5406/1352 2190/5405/1352
f 2191/5412/1353 2192/5411/1353 2190/5410/1353 2189/5409/1353
o cube
v 13.8125 0.75 1.5625
v 13.8125 0.75 1.4375
v 13.8125 0.125 1.5625
v 13.8125 0.125 1.4375
v 13.6875 0.75 1.4375
v 13.6875 0.75 1.5625
v 13.6875 0.125 1.4375
v 13.6875 0.125 1.5625
vt 0.390625 0.8125
vt 0.40625 0.8125
vt 0.40625 0.734375
vt 0.390625 0.734375
vt 0.390625 0.734375
vt 0.40625 0.734375
vt 0.40625 0.65625
vt 0.390625 0.65625
vt 0.296875 0.609375
vt 0.3125 0.609375
vt 0.3125 0.53125
vt 0.296875 0.53125
vt 0.3125 0.609375
vt 0.328125 0.609375
vt 0.328125 0.53125
vt 0.3125 0.53125
vn 0 0 -1
vn 1 0 0
vn 0 0 1
vn -1 0 0
usemtl m_2127752b-230b-06f7-a6fc-a319b291101a
f 2196/5416/1354 2199/5415/1354 2197/5414/1354 2194/5413/1354
f 2195/5420/1355 2196/5419/1355 2194/5418/1355 2193/5417/1355
f 2200/5424/1356 2195/5423/1356 2193/5422/1356 2198/5421/1356
f 2199/5428/1357 2200/5427/1357 2198/5426/1357 2197/5425/1357
o cube
v 13.8125 0.125 3.3125
v 13.8125 0.125 1.4375
v 13.8125 0 3.3125
v 13.8125 0 1.4375
v 13.6875 0.125 1.4375
v 13.6875 0.125 3.3125
v 13.6875 0 1.4375
v 13.6875 0 3.3125
vt 0.40625 0.8125
vt 0.421875 0.8125
vt 0.421875 0.796875
vt 0.40625 0.796875
vt 0.296875 0.875
vt 0.53125 0.875
vt 0.53125 0.859375
vt 0.296875 0.859375
vt 0.40625 0.796875
vt 0.421875 0.796875
vt 0.421875 0.78125
vt 0.40625 0.78125
vt 0.296875 0.859375
vt 0.53125 0.859375
vt 0.53125 0.84375
vt 0.296875 0.84375
vt 0.3125 0.609375
vt 0.296875 0.609375
vt 0.296875 0.84375
vt 0.3125 0.84375
vt 0.328125 0.84375
vt 0.3125 0.84375
vt 0.3125 0.609375
vt 0.328125 0.609375
vn 0 0 -1
vn 1 0 0
vn 0 0 1
vn -1 0 0
vn 0 1 0
vn 0 -1 0
usemtl m_2127752b-230b-06f7-a6fc-a319b291101a
f 2204/5432/1358 2207/5431/1358 2205/5430/1358 2202/5429/1358
f 2203/5436/1359 2204/5435/1359 2202/5434/1359 2201/5433/1359
f 2208/5440/1360 2203/5439/1360 2201/5438/1360 2206/5437/1360
f 2207/5444/1361 2208/5443/1361 2206/5442/1361 2205/5441/1361
f 2206/5448/1362 2201/5447/1362 2202/5446/1362 2205/5445/1362
f 2207/5452/1363 2204/5451/1363 2203/5450/1363 2208/5449/1363
o cube
v 13.8125 0.875 3.3125
v 13.8125 0.875 1.4375
v 13.8125 0.75 3.3125
v 13.8125 0.75 1.4375
v 13.6875 0.875 1.4375
v 13.6875 0.875 3.3125
v 13.6875 0.75 1.4375
v 13.6875 0.75 3.3125
vt 0.40625 0.78125
vt 0.421875 0.78125
vt 0.421875 0.765625
vt 0.40625 0.765625
vt 0.328125 0.84375
vt 0.5625 0.84375
vt 0.5625 0.828125
vt 0.328125 0.828125
vt 0.40625 0.765625
vt 0.421875 0.765625
vt 0.421875 0.75
vt 0.40625 0.75
vt 0.328125 0.828125
vt 0.5625 0.828125
vt 0.5625 0.8125
vt 0.328125 0.8125
vt 0.34375 0.578125
vt 0.328125 0.578125
vt 0.328125 0.8125
vt 0.34375 0.8125
vt 0.25 0.671875
vt 0.234375 0.671875
vt 0.234375 0.4375
vt 0.25 0.4375
vn 0 0 -1
vn 1 0 0
vn 0 0 1
vn -1 0 0
vn 0 1 0
vn 0 -1 0
usemtl m_2127752b-230b-06f7-a6fc-a319b291101a
f 2212/5456/1364 2215/5455/1364 2213/5454/1364 2210/5453/1364
f 2211/5460/1365 2212/5459/1365 2210/5458/1365 2209/5457/1365
f 2216/5464/1366 2211/5463/1366 2209/5462/1366 2214/5461/1366
f 2215/5468/1367 2216/5467/1367 2214/5466/1367 2213/5465/1367
f 2214/5472/1368 2209/5471/1368 2210/5470/1368 2213/5469/1368
f 2215/5476/1369 2212/5475/1369 2211/5474/1369 2216/5473/1369
o cube
v 14.8125 0.375 3
v 14.8125 0.375 1.75
v 14.8125 0.25 3
v 14.8125 0.25 1.75
v 14.75 0.375 1.75
v 14.75 0.375 3
v 14.75 0.25 1.75
v 14.75 0.25 3
vt 0.375 0.8125
vt 0.3828125 0.8125
vt 0.3828125 0.796875
vt 0.375 0.796875
vt 0.265625 0.9375
vt 0.421875 0.9375
vt 0.421875 0.921875
vt 0.265625 0.921875
vt 0.375 0.796875
vt 0.3828125 0.796875
vt 0.3828125 0.78125
vt 0.375 0.78125
vt 0.265625 0.921875
vt 0.421875 0.921875
vt 0.421875 0.90625
vt 0.265625 0.90625
vt 0.3671875 0.71875
vt 0.359375 0.71875
vt 0.359375 0.875
vt 0.3671875 0.875
vt 0.3671875 0.71875
vt 0.359375 0.71875
vt 0.359375 0.5625
vt 0.3671875 0.5625
vn 0 0 -1
vn 1 0 0
vn 0 0 1
vn -1 0 0
vn 0 1 0
vn 0 -1 0
usemtl m_07a2e2ba-3926-b231-34d8-93e5697ba838
f 2220/5480/1370 2223/5479/1370 2221/5478/1370 2218/5477/1370
f 2219/5484/1371 2220/5483/1371 2218/5482/1371 2217/5481/1371
f 2224/5488/1372 2219/5487/1372 2217/5486/1372 2222/5485/1372
f 2223/5492/1373 2224/5491/1373 2222/5490/1373 2221/5489/1373
f 2222/5496/1374 2217/5495/1374 2218/5494/1374 2221/5493/1374
f 2223/5500/1375 2220/5499/1375 2219/5498/1375 2224/5497/1375
o cube
v 14.914392152023574 0.8513002923275268 1.8690705129321357
v 14.916521787880507 0.8674764826464343 1.7451399052604097
v 14.80115881979122 -0.00879225667394068 1.7548600947395903
v 14.803288455648154 0.007383933644966811 1.6309294870678643
v 14.79259118020878 0.8837922566739407 1.7451399052604097
v 14.790461544351846 0.8676160663550332 1.8690705129321357
v 14.679357847976426 0.023699707672473314 1.6309294870678643
v 14.677228212119493 0.007523517353565823 1.7548600947395903
vt 0.265625 0.875
vt 0.28125 0.875
vt 0.28125 0.765625
vt 0.265625 0.765625
vt 0.265625 0.765625
vt 0.28125 0.765625
vt 0.28125 0.65625
vt 0.265625 0.65625
vt 0.28125 0.875
vt 0.296875 0.875
vt 0.296875 0.765625
vt 0.28125 0.765625
vt 0.28125 0.765625
vt 0.296875 0.765625
vt 0.296875 0.65625
vt 0.28125 0.65625
vt 0.390625 0.875
vt 0.375 0.875
vt 0.375 0.859375
vt 0.390625 0.859375
vn 0.017037086855465854 0.1294095225512604 -0.9914448613738105
vn 0.9914448613738105 -0.1305261922200516 -3.469446951953615e-18
vn -0.017037086855465854 -0.1294095225512604 0.9914448613738105
vn -0.9914448613738105 0.1305261922200516 3.469446951953615e-18
vn -0.12940952255126037 -0.9829629131445341 -0.13052619222005157
usemtl m_07a2e2ba-3926-b231-34d8-93e5697ba838
f 2228/5504/1376 2231/5503/1376 2229/5502/1376 2226/5501/1376
f 2227/5508/1377 2228/5507/1377 2226/5506/1377 2225/5505/1377
f 2232/5512/1378 2227/5511/1378 2225/5510/1378 2230/5509/1378
f 2231/5516/1379 2232/5515/1379 2230/5514/1379 2229/5513/1379
f 2231/5520/1380 2228/5519/1380 2227/5518/1380 2232/5517/1380
o cube
v 14.916521787880507 0.8674764826464343 3.0048600947395907
v 14.914392152023574 0.8513002923275268 2.8809294870678643
v 14.803288455648154 0.007383933644966811 3.1190705129321357
v 14.80115881979122 -0.00879225667394068 2.9951399052604093
v 14.790461544351846 0.8676160663550332 2.8809294870678643
v 14.79259118020878 0.8837922566739407 3.0048600947395907
v 14.677228212119493 0.007523517353565823 2.9951399052604093
v 14.679357847976426 0.023699707672473314 3.1190705129321357
vt 0.296875 0.875
vt 0.3125 0.875
vt 0.3125 0.765625
vt 0.296875 0.765625
vt 0.296875 0.765625
vt 0.3125 0.765625
vt 0.3125 0.65625
vt 0.296875 0.65625
vt 0.3125 0.875
vt 0.328125 0.875
vt 0.328125 0.765625
vt 0.3125 0.765625
vt 0.3125 0.765625
vt 0.328125 0.765625
vt 0.328125 0.65625
vt 0.3125 0.65625
vt 0.390625 0.859375
vt 0.375 0.859375
vt 0.375 0.84375
vt 0.390625 0.84375
vn -0.017037086855465854 -0.1294095225512604 -0.9914448613738105
vn 0.9914448613738105 -0.1305261922200516 3.469446951953615e-18
vn 0.017037086855465854 0.1294095225512604 0.9914448613738105
vn -0.9914448613738105 0.1305261922200516 -3.469446951953615e-18
vn -0.12940952255126037 -0.9829629131445341 0.13052619222005157
usemtl m_07a2e2ba-3926-b231-34d8-93e5697ba838
f 2236/5524/1381 2239/5523/1381 2237/5522/1381 2234/5521/1381
f 2235/5528/1382 2236/5527/1382 2234/5526/1382 2233/5525/1382
f 2240/5532/1383 2235/5531/1383 2233/5530/1383 2238/5529/1383
f 2239/5536/1384 2240/5535/1384 2238/5534/1384 2237/5533/1384
f 2239/5540/1385 2236/5539/1385 2235/5538/1385 2240/5537/1385
o cube
v 15.995616387163885 0.859685315910111 2.4390625
v 15.995616387163885 0.859685315910111 2.3109375
v 14.803255204843795 0.3036781653075036 2.4390625
v 14.803255204843795 0.3036781653075036 2.3109375
v 15.967882063737154 0.9191617644343917 2.3109375
v 15.967882063737154 0.9191617644343917 2.4390625
v 14.77552088141706 0.36315461383178427 2.3109375
v 14.77552088141706 0.36315461383178427 2.4390625
vt 0.328125 0.65625
vt 0.3359375 0.65625
vt 0.3359375 0.4921875
vt 0.328125 0.4921875
vt 0.234375 0.9375
vt 0.25 0.9375
vt 0.25 0.7734375
vt 0.234375 0.7734375
vt 0.3359375 0.65625
vt 0.34375 0.65625
vt 0.34375 0.4921875
vt 0.3359375 0.4921875
vt 0.234375 0.7734375
vt 0.25 0.7734375
vt 0.25 0.609375
vt 0.234375 0.609375
vn 0 0 -1
vn 0.4226182617406993 -0.90630778703665 0
vn 0 0 1
vn -0.4226182617406993 0.90630778703665 0
usemtl m_07a2e2ba-3926-b231-34d8-93e5697ba838
f 2244/5544/1386 2247/5543/1386 2245/5542/1386 2242/5541/1386
f 2243/5548/1387 2244/5547/1387 2242/5546/1387 2241/5545/1387
f 2248/5552/1388 2243/5551/1388 2241/5550/1388 2246/5549/1388
f 2247/5556/1389 2248/5555/1389 2246/5554/1389 2245/5553/1389
o cube
v 15.157873701146121 0.9170853174831768 2.4375
v 15.157873701146121 0.9170853174831768 2.3125
v 16.347402671631723 0.36239884894850904 2.4375
v 16.347402671631723 0.36239884894850904 2.3125
v 15.131460059787328 0.8604410807933862 2.3125
v 15.131460059787328 0.8604410807933862 2.4375
v 16.32098903027293 0.3057546122587185 2.3125
v 16.32098903027293 0.3057546122587185 2.4375
vt 0.34375 0.65625
vt 0.3515625 0.65625
vt 0.3515625 0.4921875
vt 0.34375 0.4921875
vt 0.25 0.9375
vt 0.265625 0.9375
vt 0.265625 0.7734375
vt 0.25 0.7734375
vt 0.3515625 0.65625
vt 0.359375 0.65625
vt 0.359375 0.4921875
vt 0.3515625 0.4921875
vt 0.25 0.7734375
vt 0.265625 0.7734375
vt 0.265625 0.609375
vt 0.25 0.609375
vn 0 0 -1
vn 0.4226182617406993 0.90630778703665 0
vn 0 0 1
vn -0.4226182617406993 -0.90630778703665 0
usemtl m_07a2e2ba-3926-b231-34d8-93e5697ba838
f 2252/5560/1390 2255/5559/1390 2253/5558/1390 2250/5557/1390
f 2251/5564/1391 2252/5563/1391 2250/5562/1391 2249/5561/1391
f 2256/5568/1392 2251/5567/1392 2249/5566/1392 2254/5565/1392
f 2255/5572/1393 2256/5571/1393 2254/5570/1393 2253/5569/1393
o cube
v 16.334538455648154 0.8676160663550332 1.8690705129321357
v 16.33240881979122 0.8837922566739407 1.7451399052604097
v 16.447771787880505 0.007523517353565823 1.7548600947395903
v 16.445642152023574 0.023699707672473314 1.6309294870678643
v 16.208478212119495 0.8674764826464343 1.7451399052604097
v 16.210607847976426 0.8513002923275268 1.8690705129321357
v 16.321711544351846 0.007383933644966811 1.6309294870678643
v 16.32384118020878 -0.00879225667394068 1.7548600947395903
vt 0.328125 0.875
vt 0.34375 0.875
vt 0.34375 0.765625
vt 0.328125 0.765625
vt 0.328125 0.765625
vt 0.34375 0.765625
vt 0.34375 0.65625
vt 0.328125 0.65625
vt 0.34375 0.875
vt 0.359375 0.875
vt 0.359375 0.765625
vt 0.34375 0.765625
vt 0.34375 0.765625
vt 0.359375 0.765625
vt 0.359375 0.65625
vt 0.34375 0.65625
vt 0.390625 0.84375
vt 0.375 0.84375
vt 0.375 0.828125
vt 0.390625 0.828125
vn -0.017037086855465854 0.1294095225512604 -0.9914448613738105
vn 0.9914448613738105 0.1305261922200516 3.469446951953615e-18
vn 0.017037086855465854 -0.1294095225512604 0.9914448613738105
vn -0.9914448613738105 -0.1305261922200516 -3.469446951953615e-18
vn 0.12940952255126037 -0.9829629131445341 -0.13052619222005157
usemtl m_07a2e2ba-3926-b231-34d8-93e5697ba838
f 2260/5576/1394 2263/5575/1394 2261/5574/1394 2258/5573/1394
f 2259/5580/1395 2260/5579/1395 2258/5578/1395 2257/5577/1395
f 2264/5584/1396 2259/5583/1396 2257/5582/1396 2262/5581/1396
f 2263/5588/1397 2264/5587/1397 2262/5586/1397 2261/5585/1397
f 2263/5592/1398 2260/5591/1398 2259/5590/1398 2264/5589/1398
o cube
v 16.375 0.375 3
v 16.375 0.375 1.75
v 16.375 0.25 3
v 16.375 0.25 1.75
v 16.3125 0.375 1.75
v 16.3125 0.375 3
v 16.3125 0.25 1.75
v 16.3125 0.25 3
vt 0.375 0.78125
vt 0.3828125 0.78125
vt 0.3828125 0.765625
vt 0.375 0.765625
vt 0.265625 0.90625
vt 0.421875 0.90625
vt 0.421875 0.890625
vt 0.265625 0.890625
vt 0.375 0.765625
vt 0.3828125 0.765625
vt 0.3828125 0.75
vt 0.375 0.75
vt 0.265625 0.890625
vt 0.421875 0.890625
vt 0.421875 0.875
vt 0.265625 0.875
vt 0.375 0.71875
vt 0.3671875 0.71875
vt 0.3671875 0.875
vt 0.375 0.875
vt 0.375 0.71875
vt 0.3671875 0.71875
vt 0.3671875 0.5625
vt 0.375 0.5625
vn 0 0 -1
vn 1 0 0
vn 0 0 1
vn -1 0 0
vn 0 1 0
vn 0 -1 0
usemtl m_07a2e2ba-3926-b231-34d8-93e5697ba838
f 2268/5596/1399 2271/5595/1399 2269/5594/1399 2266/5593/1399
f 2267/5600/1400 2268/5599/1400 2266/5598/1400 2265/5597/1400
f 2272/5604/1401 2267/5603/1401 2265/5602/1401 2270/5601/1401
f 2271/5608/1402 2272/5607/1402 2270/5606/1402 2269/5605/1402
f 2270/5612/1403 2265/5611/1403 2266/5610/1403 2269/5609/1403
f 2271/5616/1404 2268/5615/1404 2267/5614/1404 2272/5613/1404
o cube
v 16.33240881979122 0.8837922566739407 3.0048600947395907
v 16.334538455648154 0.8676160663550332 2.8809294870678643
v 16.445642152023574 0.023699707672473314 3.1190705129321357
v 16.447771787880505 0.007523517353565823 2.9951399052604093
v 16.210607847976426 0.8513002923275268 2.8809294870678643
v 16.208478212119495 0.8674764826464343 3.0048600947395907
v 16.32384118020878 -0.00879225667394068 2.9951399052604093
v 16.321711544351846 0.007383933644966811 3.1190705129321357
vt 0.265625 0.65625
vt 0.28125 0.65625
vt 0.28125 0.546875
vt 0.265625 0.546875
vt 0.28125 0.65625
vt 0.296875 0.65625
vt 0.296875 0.546875
vt 0.28125 0.546875
vt 0.296875 0.65625
vt 0.3125 0.65625
vt 0.3125 0.546875
vt 0.296875 0.546875
vt 0.3125 0.65625
vt 0.328125 0.65625
vt 0.328125 0.546875
vt 0.3125 0.546875
vt 0.390625 0.828125
vt 0.375 0.828125
vt 0.375 0.8125
vt 0.390625 0.8125
vn 0.017037086855465854 -0.1294095225512604 -0.9914448613738105
vn 0.9914448613738105 0.1305261922200516 -3.469446951953615e-18
vn -0.017037086855465854 0.1294095225512604 0.9914448613738105
vn -0.9914448613738105 -0.1305261922200516 3.469446951953615e-18
vn 0.12940952255126037 -0.9829629131445341 0.13052619222005157
usemtl m_07a2e2ba-3926-b231-34d8-93e5697ba838
f 2276/5620/1405 2279/5619/1405 2277/5618/1405 2274/5617/1405
f 2275/5624/1406 2276/5623/1406 2274/5622/1406 2273/5621/1406
f 2280/5628/1407 2275/5627/1407 2273/5626/1407 2278/5625/1407
f 2279/5632/1408 2280/5631/1408 2278/5630/1408 2277/5629/1408
f 2279/5636/1409 2276/5635/1409 2275/5634/1409 2280/5633/1409
o cube
v 16.5 1 3.3125
v 16.5 1 1.4375
v 16.5 0.875 3.3125
v 16.5 0.875 1.4375
v 14.625 1 1.4375
v 14.625 1 3.3125
v 14.625 0.875 1.4375
v 14.625 0.875 3.3125
vt 0.234375 1
vt 0.46875 1
vt 0.46875 0.984375
vt 0.234375 0.984375
vt 0.234375 0.984375
vt 0.46875 0.984375
vt 0.46875 0.96875
vt 0.234375 0.96875
vt 0.234375 0.96875
vt 0.46875 0.96875
vt 0.46875 0.953125
vt 0.234375 0.953125
vt 0.234375 0.953125
vt 0.46875 0.953125
vt 0.46875 0.9375
vt 0.234375 0.9375
vt 0.234375 0.765625
vt 0 0.765625
vt 0 1
vt 0.234375 1
vt 0.234375 0.765625
vt 0 0.765625
vt 0 0.53125
vt 0.234375 0.53125
vn 0 0 -1
vn 1 0 0
vn 0 0 1
vn -1 0 0
vn 0 1 0
vn 0 -1 0
usemtl m_07a2e2ba-3926-b231-34d8-93e5697ba838
f 2284/5640/1410 2287/5639/1410 2285/5638/1410 2282/5637/1410
f 2283/5644/1411 2284/5643/1411 2282/5642/1411 2281/5641/1411
f 2288/5648/1412 2283/5647/1412 2281/5646/1412 2286/5645/1412
f 2287/5652/1413 2288/5651/1413 2286/5650/1413 2285/5649/1413
f 2286/5656/1414 2281/5655/1414 2282/5654/1414 2285/5653/1414
f 2287/5660/1415 2284/5659/1415 2283/5658/1415 2288/5657/1415