<?xml version="1.0" encoding="utf-8"?>
<COLLADA xmlns="http://www.collada.org/2005/11/COLLADASchema" version="1.4.1" xmlns:xsi="http://www.w3.org/2001/XMLSchema-instance">
  <asset>
    <contributor>
      <author>Wackyblocks</author>
      <authoring_tool>Blockbench</authoring_tool>
    </contributor>
    <created>2022-11-22T18:09:57.457Z</created>
    <modified>2022-11-22T18:09:57.457Z</modified>
    <unit name="meter" meter="1.0"/>
    <up_axis>Y_UP</up_axis>
  </asset>
  <library_effects>
    <effect id="Material_0-effect">
      <profile_COMMON>
        <newparam sid="Image_0-surface">
          <surface type="2D">
            <init_from>Image_0</init_from>
          </surface>
        </newparam>
        <newparam sid="Image_0-sampler">
          <sampler2D>
            <source>Image_0-surface</source>
          </sampler2D>
        </newparam>
        <technique sid="common">
          <lambert>
            <emission>
              <color sid="emission">0 0 0 1</color>
            </emission>
            <diffuse>
              <texture texture="Image_0-sampler" texcoord="UVMap"/>
            </diffuse>
            <index_of_refraction>
              <float sid="ior">1.45</float>
            </index_of_refraction>
          </lambert>
        </technique>
      </profile_COMMON>
    </effect>
  </library_effects>
  <library_images>
    <image id="Image_0" name="Image_0">
      <init_from>texture.png</init_from>
    </image>
  </library_images>
  <library_materials>
    <material id="Material_0-material" name="Material_0">
      <instance_effect url="#Material_0-effect"/>
    </material>
  </library_materials>
  <library_geometries>
    <geometry id="34d22b2e-5a67-10ec-5990-0b325da7e9f1-mesh" name="cube">
      <mesh>
        <source id="34d22b2e-5a67-10ec-5990-0b325da7e9f1-mesh-positions">
          <float_array id="34d22b2e-5a67-10ec-5990-0b325da7e9f1-mesh-positions-array" count="24">0.064063 0.220313 -0.154687 0.064063 0.220313 -0.532812 0.064063 -0.095313 -0.154687 0.064063 -0.095313 -0.532812 -0.064063 0.220313 -0.532812 -0.064063 0.220313 -0.154687 -0.064063 -0.095313 -0.532812 -0.064063 -0.095313 -0.154687</float_array>
          <technique_common>
            <accessor source="#34d22b2e-5a67-10ec-5990-0b325da7e9f1-mesh-positions-array" count="8" stride="3">
              <param name="X" type="float"/>
              <param name="Y" type="float"/>
              <param name="Z" type="float"/>
            </accessor>
          </technique_common>
        </source>
        <source id="34d22b2e-5a67-10ec-5990-0b325da7e9f1-mesh-normals">
          <float_array id="34d22b2e-5a67-10ec-5990-0b325da7e9f1-mesh-normals-array" count="15">0 0 -1 1 0 0 0 0 1 -1 0 0 0 -1 0</float_array>
          <technique_common>
            <accessor source="#34d22b2e-5a67-10ec-5990-0b325da7e9f1-mesh-normals-array" count="5" stride="3">
              <param name="X" type="float"/>
              <param name="Y" type="float"/>
              <param name="Z" type="float"/>
            </accessor>
          </technique_common>
        </source>
        <source id="34d22b2e-5a67-10ec-5990-0b325da7e9f1-mesh-map-0">
          <float_array id="34d22b2e-5a67-10ec-5990-0b325da7e9f1-mesh-map-0-array" count="40">0.796875 0.234375 0.828125 0.234375 0.828125 0.15625 0.796875 0.15625 0.28125 0.46875 0.375 0.46875 0.375 0.390625 0.28125 0.390625 0.171875 0.1875 0.203125 0.1875 0.203125 0.109375 0.171875 0.109375 0.515625 0.453125 0.609375 0.453125 0.609375 0.375 0.515625 0.375 0.671875 0.3125 0.640625 0.3125 0.640625 0.21875 0.671875 0.21875</float_array>
          <technique_common>
            <accessor source="#34d22b2e-5a67-10ec-5990-0b325da7e9f1-mesh-map-0-array" count="20" stride="2">
              <param name="S" type="float"/>
              <param name="T" type="float"/>
            </accessor>
          </technique_common>
        </source>
        <vertices id="34d22b2e-5a67-10ec-5990-0b325da7e9f1-mesh-vertices">
          <input semantic="POSITION" source="#34d22b2e-5a67-10ec-5990-0b325da7e9f1-mesh-positions"/>
        </vertices>
        <polylist material="Material_0-material" count="6">
          <input semantic="VERTEX" source="#34d22b2e-5a67-10ec-5990-0b325da7e9f1-mesh-vertices" offset="0"/>
          <input semantic="NORMAL" source="#34d22b2e-5a67-10ec-5990-0b325da7e9f1-mesh-normals" offset="1"/>
          <input semantic="TEXCOORD" source="#34d22b2e-5a67-10ec-5990-0b325da7e9f1-mesh-map-0" offset="2" set="0"/>
          <vcount>4 4 4 4 4</vcount>
          <p>3 0 3 6 0 2 4 0 1 1 0 0 2 1 7 3 1 6 1 1 5 0 1 4 7 2 11 2 2 10 0 2 9 5 2 8 6 3 15 7 3 14 5 3 13 4 3 12 6 4 19 3 4 18 2 4 17 7 4 16</p>
        </polylist>
      </mesh>
    </geometry>
    <geometry id="ba79d970-6d9a-49df-e5ee-5a0dd119a22e-mesh" name="cube">
      <mesh>
        <source id="ba79d970-6d9a-49df-e5ee-5a0dd119a22e-mesh-positions">
          <float_array id="ba79d970-6d9a-49df-e5ee-5a0dd119a22e-mesh-positions-array" count="24">0.189063 0.689062 0.314063 0.189063 0.689062 -0.189063 0.189063 0.435938 0.314063 0.189063 0.435938 -0.189063 -0.126563 0.689062 -0.189063 -0.126563 0.689062 0.314063 -0.126563 0.435938 -0.189063 -0.126563 0.435938 0.314063</float_array>
          <technique_common>
            <accessor source="#ba79d970-6d9a-49df-e5ee-5a0dd119a22e-mesh-positions-array" count="8" stride="3">
              <param name="X" type="float"/>
              <param name="Y" type="float"/>
              <param name="Z" type="float"/>
            </accessor>
          </technique_common>
        </source>
        <source id="ba79d970-6d9a-49df-e5ee-5a0dd119a22e-mesh-normals">
          <float_array id="ba79d970-6d9a-49df-e5ee-5a0dd119a22e-mesh-normals-array" count="12">1 0 0 -1 0 0 0 1 0 0 -1 0</float_array>
          <technique_common>
            <accessor source="#ba79d970-6d9a-49df-e5ee-5a0dd119a22e-mesh-normals-array" count="4" stride="3">
              <param name="X" type="float"/>
              <param name="Y" type="float"/>
              <param name="Z" type="float"/>
            </accessor>
          </technique_common>
        </source>
        <source id="ba79d970-6d9a-49df-e5ee-5a0dd119a22e-mesh-map-0">
          <float_array id="ba79d970-6d9a-49df-e5ee-5a0dd119a22e-mesh-map-0-array" count="32">0.15625 0.484375 0.28125 0.484375 0.28125 0.421875 0.15625 0.421875 0.515625 0.8125 0.640625 0.8125 0.640625 0.75 0.515625 0.75 0.390625 0.609375 0.3125 0.609375 0.3125 0.734375 0.390625 0.734375 0.234375 0.609375 0.15625 0.609375 0.15625 0.484375 0.234375 0.484375</float_array>
          <technique_common>
            <accessor source="#ba79d970-6d9a-49df-e5ee-5a0dd119a22e-mesh-map-0-array" count="16" stride="2">
              <param name="S" type="float"/>
              <param name="T" type="float"/>
            </accessor>
          </technique_common>
        </source>
        <vertices id="ba79d970-6d9a-49df-e5ee-5a0dd119a22e-mesh-vertices">
          <input semantic="POSITION" source="#ba79d970-6d9a-49df-e5ee-5a0dd119a22e-mesh-positions"/>
        </vertices>
        <polylist material="Material_0-material" count="6">
          <input semantic="VERTEX" source="#ba79d970-6d9a-49df-e5ee-5a0dd119a22e-mesh-vertices" offset="0"/>
          <input semantic="NORMAL" source="#ba79d970-6d9a-49df-e5ee-5a0dd119a22e-mesh-normals" offset="1"/>
          <input semantic="TEXCOORD" source="#ba79d970-6d9a-49df-e5ee-5a0dd119a22e-mesh-map-0" offset="2" set="0"/>
          <vcount>4 4 4 4</vcount>
          <p>2 0 3 3 0 2 1 0 1 0 0 0 6 1 7 7 1 6 5 1 5 4 1 4 5 2 11 0 2 10 1 2 9 4 2 8 6 3 15 3 3 14 2 3 13 7 3 12</p>
        </polylist>
      </mesh>
    </geometry>
    <geometry id="752ad3e5-ab02-c6bc-6213-35ceaacbd967-mesh" name="cube">
      <mesh>
        <source id="752ad3e5-ab02-c6bc-6213-35ceaacbd967-mesh-positions">
          <float_array id="752ad3e5-ab02-c6bc-6213-35ceaacbd967-mesh-positions-array" count="24">0.1875 0.8125 0.46875 0.1875 0.8125 0.15625 0.1875 0.4375 0.46875 0.1875 0.4375 0.15625 -0.0625 0.8125 0.15625 -0.0625 0.8125 0.46875 -0.0625 0.4375 0.15625 -0.0625 0.4375 0.46875</float_array>
          <technique_common>
            <accessor source="#752ad3e5-ab02-c6bc-6213-35ceaacbd967-mesh-positions-array" count="8" stride="3">
              <param name="X" type="float"/>
              <param name="Y" type="float"/>
              <param name="Z" type="float"/>
            </accessor>
          </technique_common>
        </source>
        <source id="752ad3e5-ab02-c6bc-6213-35ceaacbd967-mesh-normals">
          <float_array id="752ad3e5-ab02-c6bc-6213-35ceaacbd967-mesh-normals-array" count="15">1 0 0 0 0 1 -1 0 0 0 1 0 0 -1 0</float_array>
          <technique_common>
            <accessor source="#752ad3e5-ab02-c6bc-6213-35ceaacbd967-mesh-normals-array" count="5" stride="3">
              <param name="X" type="float"/>
              <param name="Y" type="float"/>
              <param name="Z" type="float"/>
            </accessor>
          </technique_common>
        </source>
        <source id="752ad3e5-ab02-c6bc-6213-35ceaacbd967-mesh-map-0">
          <float_array id="752ad3e5-ab02-c6bc-6213-35ceaacbd967-mesh-map-0-array" count="40">0.359375 1 0.4375 1 0.4375 0.90625 0.359375 0.90625 0.234375 0.390625 0.296875 0.390625 0.296875 0.296875 0.234375 0.296875 0.5625 0.625 0.640625 0.625 0.640625 0.53125 0.5625 0.53125 0.671875 0.3125 0.609375 0.3125 0.609375 0.390625 0.671875 0.390625 0.578125 0.375 0.515625 0.375 0.515625 0.296875 0.578125 0.296875</float_array>
          <technique_common>
            <accessor source="#752ad3e5-ab02-c6bc-6213-35ceaacbd967-mesh-map-0-array" count="20" stride="2">
              <param name="S" type="float"/>
              <param name="T" type="float"/>
            </accessor>
          </technique_common>
        </source>
        <vertices id="752ad3e5-ab02-c6bc-6213-35ceaacbd967-mesh-vertices">
          <input semantic="POSITION" source="#752ad3e5-ab02-c6bc-6213-35ceaacbd967-mesh-positions"/>
        </vertices>
        <polylist material="Material_0-material" count="6">
          <input semantic="VERTEX" source="#752ad3e5-ab02-c6bc-6213-35ceaacbd967-mesh-vertices" offset="0"/>
          <input semantic="NORMAL" source="#752ad3e5-ab02-c6bc-6213-35ceaacbd967-mesh-normals" offset="1"/>
          <input semantic="TEXCOORD" source="#752ad3e5-ab02-c6bc-6213-35ceaacbd967-mesh-map-0" offset="2" set="0"/>
          <vcount>4 4 4 4 4</vcount>
          <p>2 0 3 3 0 2 1 0 1 0 0 0 7 1 7 2 1 6 0 1 5 5 1 4 6 2 11 7 2 10 5 2 9 4 2 8 5 3 15 0 3 14 1 3 13 4 3 12 6 4 19 3 4 18 2 4 17 7 4 16</p>
        </polylist>
      </mesh>
    </geometry>
    <geometry id="a45ed2f1-1062-60fa-02f7-0ef7a13f05f1-mesh" name="cube">
      <mesh>
        <source id="a45ed2f1-1062-60fa-02f7-0ef7a13f05f1-mesh-positions">
          <float_array id="a45ed2f1-1062-60fa-02f7-0ef7a13f05f1-mesh-positions-array" count="24">0.203125 0.828125 0.421875 0.203125 0.828125 0.265625 0.203125 0.421875 0.421875 0.203125 0.421875 0.265625 -0.078125 0.828125 0.265625 -0.078125 0.828125 0.421875 -0.078125 0.421875 0.265625 -0.078125 0.421875 0.421875</float_array>
          <technique_common>
            <accessor source="#a45ed2f1-1062-60fa-02f7-0ef7a13f05f1-mesh-positions-array" count="8" stride="3">
              <param name="X" type="float"/>
              <param name="Y" type="float"/>
              <param name="Z" type="float"/>
            </accessor>
          </technique_common>
        </source>
        <source id="a45ed2f1-1062-60fa-02f7-0ef7a13f05f1-mesh-normals">
          <float_array id="a45ed2f1-1062-60fa-02f7-0ef7a13f05f1-mesh-normals-array" count="9">1 0 0 -1 0 0 0 1 0</float_array>
          <technique_common>
            <accessor source="#a45ed2f1-1062-60fa-02f7-0ef7a13f05f1-mesh-normals-array" count="3" stride="3">
              <param name="X" type="float"/>
              <param name="Y" type="float"/>
              <param name="Z" type="float"/>
            </accessor>
          </technique_common>
        </source>
        <source id="a45ed2f1-1062-60fa-02f7-0ef7a13f05f1-mesh-map-0">
          <float_array id="a45ed2f1-1062-60fa-02f7-0ef7a13f05f1-mesh-map-0-array" count="24">0.546875 0.234375 0.515625 0.234375 0.515625 0.140625 0.546875 0.140625 0.515625 0.234375 0.546875 0.234375 0.546875 0.140625 0.515625 0.140625 0.890625 0.296875 0.828125 0.296875 0.828125 0.328125 0.890625 0.328125</float_array>
          <technique_common>
            <accessor source="#a45ed2f1-1062-60fa-02f7-0ef7a13f05f1-mesh-map-0-array" count="12" stride="2">
              <param name="S" type="float"/>
              <param name="T" type="float"/>
            </accessor>
          </technique_common>
        </source>
        <vertices id="a45ed2f1-1062-60fa-02f7-0ef7a13f05f1-mesh-vertices">
          <input semantic="POSITION" source="#a45ed2f1-1062-60fa-02f7-0ef7a13f05f1-mesh-positions"/>
        </vertices>
        <polylist material="Material_0-material" count="6">
          <input semantic="VERTEX" source="#a45ed2f1-1062-60fa-02f7-0ef7a13f05f1-mesh-vertices" offset="0"/>
          <input semantic="NORMAL" source="#a45ed2f1-1062-60fa-02f7-0ef7a13f05f1-mesh-normals" offset="1"/>
          <input semantic="TEXCOORD" source="#a45ed2f1-1062-60fa-02f7-0ef7a13f05f1-mesh-map-0" offset="2" set="0"/>
          <vcount>4 4 4</vcount>
          <p>2 0 3 3 0 2 1 0 1 0 0 0 6 1 7 7 1 6 5 1 5 4 1 4 5 2 11 0 2 10 1 2 9 4 2 8</p>
        </polylist>
      </mesh>
    </geometry>
    <geometry id="9323fdf0-46b6-1558-40f0-a27eb17b3b81-mesh" name="cube">
      <mesh>
        <source id="9323fdf0-46b6-1558-40f0-a27eb17b3b81-mesh-positions">
          <float_array id="9323fdf0-46b6-1558-40f0-a27eb17b3b81-mesh-positions-array" count="24">-0.028125 0.628125 0.003125 -0.028125 0.628125 -0.378125 -0.028125 0.371875 0.003125 -0.028125 0.371875 -0.378125 -0.221875 0.628125 -0.378125 -0.221875 0.628125 0.003125 -0.221875 0.371875 -0.378125 -0.221875 0.371875 0.003125</float_array>
          <technique_common>
            <accessor source="#9323fdf0-46b6-1558-40f0-a27eb17b3b81-mesh-positions-array" count="8" stride="3">
              <param name="X" type="float"/>
              <param name="Y" type="float"/>
              <param name="Z" type="float"/>
            </accessor>
          </technique_common>
        </source>
        <source id="9323fdf0-46b6-1558-40f0-a27eb17b3b81-mesh-normals">
          <float_array id="9323fdf0-46b6-1558-40f0-a27eb17b3b81-mesh-normals-array" count="12">0 0 1 -1 0 0 0 1 0 0 -1 0</float_array>
          <technique_common>
            <accessor source="#9323fdf0-46b6-1558-40f0-a27eb17b3b81-mesh-normals-array" count="4" stride="3">
              <param name="X" type="float"/>
              <param name="Y" type="float"/>
              <param name="Z" type="float"/>
            </accessor>
          </technique_common>
        </source>
        <source id="9323fdf0-46b6-1558-40f0-a27eb17b3b81-mesh-map-0">
          <float_array id="9323fdf0-46b6-1558-40f0-a27eb17b3b81-mesh-map-0-array" count="32">0.546875 0.234375 0.59375 0.234375 0.59375 0.171875 0.546875 0.171875 0.609375 0.453125 0.703125 0.453125 0.703125 0.390625 0.609375 0.390625 0.515625 0.265625 0.46875 0.265625 0.46875 0.359375 0.515625 0.359375 0.171875 0.328125 0.125 0.328125 0.125 0.234375 0.171875 0.234375</float_array>
          <technique_common>
            <accessor source="#9323fdf0-46b6-1558-40f0-a27eb17b3b81-mesh-map-0-array" count="16" stride="2">
              <param name="S" type="float"/>
              <param name="T" type="float"/>
            </accessor>
          </technique_common>
        </source>
        <vertices id="9323fdf0-46b6-1558-40f0-a27eb17b3b81-mesh-vertices">
          <input semantic="POSITION" source="#9323fdf0-46b6-1558-40f0-a27eb17b3b81-mesh-positions"/>
        </vertices>
        <polylist material="Material_0-material" count="6">
          <input semantic="VERTEX" source="#9323fdf0-46b6-1558-40f0-a27eb17b3b81-mesh-vertices" offset="0"/>
          <input semantic="NORMAL" source="#9323fdf0-46b6-1558-40f0-a27eb17b3b81-mesh-normals" offset="1"/>
          <input semantic="TEXCOORD" source="#9323fdf0-46b6-1558-40f0-a27eb17b3b81-mesh-map-0" offset="2" set="0"/>
          <vcount>4 4 4 4</vcount>
          <p>7 0 3 2 0 2 0 0 1 5 0 0 6 1 7 7 1 6 5 1 5 4 1 4 5 2 11 0 2 10 1 2 9 4 2 8 6 3 15 3 3 14 2 3 13 7 3 12</p>
        </polylist>
      </mesh>
    </geometry>
    <geometry id="eabea92a-a5b0-1d5e-d73e-c24ca367fcca-mesh" name="cube">
      <mesh>
        <source id="eabea92a-a5b0-1d5e-d73e-c24ca367fcca-mesh-positions">
          <float_array id="eabea92a-a5b0-1d5e-d73e-c24ca367fcca-mesh-positions-array" count="24">0.220313 0.626562 -0.373437 0.220313 0.626562 -0.564062 0.220313 0.435938 -0.373437 0.220313 0.435938 -0.564062 -0.095313 0.626562 -0.564062 -0.095313 0.626562 -0.373437 -0.095313 0.435938 -0.564062 -0.095313 0.435938 -0.373437</float_array>
          <technique_common>
            <accessor source="#eabea92a-a5b0-1d5e-d73e-c24ca367fcca-mesh-positions-array" count="8" stride="3">
              <param name="X" type="float"/>
              <param name="Y" type="float"/>
              <param name="Z" type="float"/>
            </accessor>
          </technique_common>
        </source>
        <source id="eabea92a-a5b0-1d5e-d73e-c24ca367fcca-mesh-normals">
          <float_array id="eabea92a-a5b0-1d5e-d73e-c24ca367fcca-mesh-normals-array" count="12">1 0 0 -1 0 0 0 1 0 0 -1 0</float_array>
          <technique_common>
            <accessor source="#eabea92a-a5b0-1d5e-d73e-c24ca367fcca-mesh-normals-array" count="4" stride="3">
              <param name="X" type="float"/>
              <param name="Y" type="float"/>
              <param name="Z" type="float"/>
            </accessor>
          </technique_common>
        </source>
        <source id="eabea92a-a5b0-1d5e-d73e-c24ca367fcca-mesh-map-0">
          <float_array id="eabea92a-a5b0-1d5e-d73e-c24ca367fcca-mesh-map-0-array" count="32">0.546875 0.171875 0.59375 0.171875 0.59375 0.125 0.546875 0.125 0.6875 0.171875 0.734375 0.171875 0.734375 0.125 0.6875 0.125 0.78125 0.296875 0.703125 0.296875 0.703125 0.34375 0.78125 0.34375 0.78125 0.296875 0.703125 0.296875 0.703125 0.25 0.78125 0.25</float_array>
          <technique_common>
            <accessor source="#eabea92a-a5b0-1d5e-d73e-c24ca367fcca-mesh-map-0-array" count="16" stride="2">
              <param name="S" type="float"/>
              <param name="T" type="float"/>
            </accessor>
          </technique_common>
        </source>
        <vertices id="eabea92a-a5b0-1d5e-d73e-c24ca367fcca-mesh-vertices">
          <input semantic="POSITION" source="#eabea92a-a5b0-1d5e-d73e-c24ca367fcca-mesh-positions"/>
        </vertices>
        <polylist material="Material_0-material" count="6">
          <input semantic="VERTEX" source="#eabea92a-a5b0-1d5e-d73e-c24ca367fcca-mesh-vertices" offset="0"/>
          <input semantic="NORMAL" source="#eabea92a-a5b0-1d5e-d73e-c24ca367fcca-mesh-normals" offset="1"/>
          <input semantic="TEXCOORD" source="#eabea92a-a5b0-1d5e-d73e-c24ca367fcca-mesh-map-0" offset="2" set="0"/>
          <vcount>4 4 4 4</vcount>
          <p>2 0 3 3 0 2 1 0 1 0 0 0 6 1 7 7 1 6 5 1 5 4 1 4 5 2 11 0 2 10 1 2 9 4 2 8 6 3 15 3 3 14 2 3 13 7 3 12</p>
        </polylist>
      </mesh>
    </geometry>
    <geometry id="557bcbe2-7cfe-0e5e-9123-3c53a8dd610b-mesh" name="cube">
      <mesh>
        <source id="557bcbe2-7cfe-0e5e-9123-3c53a8dd610b-mesh-positions">
          <float_array id="557bcbe2-7cfe-0e5e-9123-3c53a8dd610b-mesh-positions-array" count="24">0.03125 0.09375 1.125 0.03125 0.09375 0.9375 0.03125 -0.21875 1.125 0.03125 -0.21875 0.9375 -0.09375 0.09375 0.9375 -0.09375 0.09375 1.125 -0.09375 -0.21875 0.9375 -0.09375 -0.21875 1.125</float_array>
          <technique_common>
            <accessor source="#557bcbe2-7cfe-0e5e-9123-3c53a8dd610b-mesh-positions-array" count="8" stride="3">
              <param name="X" type="float"/>
              <param name="Y" type="float"/>
              <param name="Z" type="float"/>
            </accessor>
          </technique_common>
        </source>
        <source id="557bcbe2-7cfe-0e5e-9123-3c53a8dd610b-mesh-normals">
          <float_array id="557bcbe2-7cfe-0e5e-9123-3c53a8dd610b-mesh-normals-array" count="15">0 0 -1 1 0 0 0 0 1 -1 0 0 0 -1 0</float_array>
          <technique_common>
            <accessor source="#557bcbe2-7cfe-0e5e-9123-3c53a8dd610b-mesh-normals-array" count="5" stride="3">
              <param name="X" type="float"/>
              <param name="Y" type="float"/>
              <param name="Z" type="float"/>
            </accessor>
          </technique_common>
        </source>
        <source id="557bcbe2-7cfe-0e5e-9123-3c53a8dd610b-mesh-map-0">
          <float_array id="557bcbe2-7cfe-0e5e-9123-3c53a8dd610b-mesh-map-0-array" count="40">0.203125 0.1875 0.234375 0.1875 0.234375 0.109375 0.203125 0.109375 0.71875 1 0.765625 1 0.765625 0.921875 0.71875 0.921875 0.234375 0.1875 0.265625 0.1875 0.265625 0.109375 0.234375 0.109375 0.0625 0.28125 0.109375 0.28125 0.109375 0.203125 0.0625 0.203125 0.765625 0.125 0.734375 0.125 0.734375 0.078125 0.765625 0.078125</float_array>
          <technique_common>
            <accessor source="#557bcbe2-7cfe-0e5e-9123-3c53a8dd610b-mesh-map-0-array" count="20" stride="2">
              <param name="S" type="float"/>
              <param name="T" type="float"/>
            </accessor>
          </technique_common>
        </source>
        <vertices id="557bcbe2-7cfe-0e5e-9123-3c53a8dd610b-mesh-vertices">
          <input semantic="POSITION" source="#557bcbe2-7cfe-0e5e-9123-3c53a8dd610b-mesh-positions"/>
        </vertices>
        <polylist material="Material_0-material" count="6">
          <input semantic="VERTEX" source="#557bcbe2-7cfe-0e5e-9123-3c53a8dd610b-mesh-vertices" offset="0"/>
          <input semantic="NORMAL" source="#557bcbe2-7cfe-0e5e-9123-3c53a8dd610b-mesh-normals" offset="1"/>
          <input semantic="TEXCOORD" source="#557bcbe2-7cfe-0e5e-9123-3c53a8dd610b-mesh-map-0" offset="2" set="0"/>
          <vcount>4 4 4 4 4</vcount>
          <p>3 0 3 6 0 2 4 0 1 1 0 0 2 1 7 3 1 6 1 1 5 0 1 4 7 2 11 2 2 10 0 2 9 5 2 8 6 3 15 7 3 14 5 3 13 4 3 12 6 4 19 3 4 18 2 4 17 7 4 16</p>
        </polylist>
      </mesh>
    </geometry>
    <geometry id="c9c34c4a-92dd-49f2-7898-c8f1d01e0e30-mesh" name="cube">
      <mesh>
        <source id="c9c34c4a-92dd-49f2-7898-c8f1d01e0e30-mesh-positions">
          <float_array id="c9c34c4a-92dd-49f2-7898-c8f1d01e0e30-mesh-positions-array" count="24">0.126563 0.501562 0.064063 0.126563 0.501562 -1.689062 0.126563 0.373438 0.064063 0.126563 0.373438 -1.689062 -0.001563 0.501562 -1.689062 -0.001563 0.501562 0.064063 -0.001563 0.373438 -1.689062 -0.001563 0.373438 0.064063</float_array>
          <technique_common>
            <accessor source="#c9c34c4a-92dd-49f2-7898-c8f1d01e0e30-mesh-positions-array" count="8" stride="3">
              <param name="X" type="float"/>
              <param name="Y" type="float"/>
              <param name="Z" type="float"/>
            </accessor>
          </technique_common>
        </source>
        <source id="c9c34c4a-92dd-49f2-7898-c8f1d01e0e30-mesh-normals">
          <float_array id="c9c34c4a-92dd-49f2-7898-c8f1d01e0e30-mesh-normals-array" count="15">0 0 -1 1 0 0 0 0 1 -1 0 0 0 1 0</float_array>
          <technique_common>
            <accessor source="#c9c34c4a-92dd-49f2-7898-c8f1d01e0e30-mesh-normals-array" count="5" stride="3">
              <param name="X" type="float"/>
              <param name="Y" type="float"/>
              <param name="Z" type="float"/>
            </accessor>
          </technique_common>
        </source>
        <source id="c9c34c4a-92dd-49f2-7898-c8f1d01e0e30-mesh-map-0">
          <float_array id="c9c34c4a-92dd-49f2-7898-c8f1d01e0e30-mesh-map-0-array" count="40">0.40625 0.84375 0.4375 0.84375 0.4375 0.8125 0.40625 0.8125 0 0.90625 0.4375 0.90625 0.4375 0.875 0 0.875 0.125 0.359375 0.15625 0.359375 0.15625 0.328125 0.125 0.328125 0 0.875 0.4375 0.875 0.4375 0.84375 0 0.84375 0.03125 0.40625 0 0.40625 0 0.84375 0.03125 0.84375</float_array>
          <technique_common>
            <accessor source="#c9c34c4a-92dd-49f2-7898-c8f1d01e0e30-mesh-map-0-array" count="20" stride="2">
              <param name="S" type="float"/>
              <param name="T" type="float"/>
            </accessor>
          </technique_common>
        </source>
        <vertices id="c9c34c4a-92dd-49f2-7898-c8f1d01e0e30-mesh-vertices">
          <input semantic="POSITION" source="#c9c34c4a-92dd-49f2-7898-c8f1d01e0e30-mesh-positions"/>
        </vertices>
        <polylist material="Material_0-material" count="6">
          <input semantic="VERTEX" source="#c9c34c4a-92dd-49f2-7898-c8f1d01e0e30-mesh-vertices" offset="0"/>
          <input semantic="NORMAL" source="#c9c34c4a-92dd-49f2-7898-c8f1d01e0e30-mesh-normals" offset="1"/>
          <input semantic="TEXCOORD" source="#c9c34c4a-92dd-49f2-7898-c8f1d01e0e30-mesh-map-0" offset="2" set="0"/>
          <vcount>4 4 4 4 4</vcount>
          <p>3 0 3 6 0 2 4 0 1 1 0 0 2 1 7 3 1 6 1 1 5 0 1 4 7 2 11 2 2 10 0 2 9 5 2 8 6 3 15 7 3 14 5 3 13 4 3 12 5 4 19 0 4 18 1 4 17 4 4 16</p>
        </polylist>
      </mesh>
    </geometry>
    <geometry id="a805cf48-a66a-6503-be24-40f5dea02653-mesh" name="cube">
      <mesh>
        <source id="a805cf48-a66a-6503-be24-40f5dea02653-mesh-positions">
          <float_array id="a805cf48-a66a-6503-be24-40f5dea02653-mesh-positions-array" count="24">0.0925 0.139375 0.03 0.0925 0.139375 -0.155 0.0925 0.079375 0.03 0.0925 0.079375 -0.155 -0.0925 0.139375 -0.155 -0.0925 0.139375 0.03 -0.0925 0.079375 -0.155 -0.0925 0.079375 0.03</float_array>
          <technique_common>
            <accessor source="#a805cf48-a66a-6503-be24-40f5dea02653-mesh-positions-array" count="8" stride="3">
              <param name="X" type="float"/>
              <param name="Y" type="float"/>
              <param name="Z" type="float"/>
            </accessor>
          </technique_common>
        </source>
        <source id="a805cf48-a66a-6503-be24-40f5dea02653-mesh-normals">
          <float_array id="a805cf48-a66a-6503-be24-40f5dea02653-mesh-normals-array" count="18">0 0 -1 1 0 0 0 0 1 -1 0 0 0 1 0 0 -1 0</float_array>
          <technique_common>
            <accessor source="#a805cf48-a66a-6503-be24-40f5dea02653-mesh-normals-array" count="6" stride="3">
              <param name="X" type="float"/>
              <param name="Y" type="float"/>
              <param name="Z" type="float"/>
            </accessor>
          </technique_common>
        </source>
        <source id="a805cf48-a66a-6503-be24-40f5dea02653-mesh-map-0">
          <float_array id="a805cf48-a66a-6503-be24-40f5dea02653-mesh-map-0-array" count="48">0.25 0.625 0.296875 0.625 0.296875 0.609375 0.25 0.609375 0.515625 0.75 0.5625 0.75 0.5625 0.734375 0.515625 0.734375 0.65625 0.671875 0.703125 0.671875 0.703125 0.65625 0.65625 0.65625 0.671875 0.859375 0.71875 0.859375 0.71875 0.84375 0.671875 0.84375 0.78125 0.125 0.734375 0.125 0.734375 0.171875 0.78125 0.171875 0.875 0.234375 0.828125 0.234375 0.828125 0.1875 0.875 0.1875</float_array>
          <technique_common>
            <accessor source="#a805cf48-a66a-6503-be24-40f5dea02653-mesh-map-0-array" count="24" stride="2">
              <param name="S" type="float"/>
              <param name="T" type="float"/>
            </accessor>
          </technique_common>
        </source>
        <vertices id="a805cf48-a66a-6503-be24-40f5dea02653-mesh-vertices">
          <input semantic="POSITION" source="#a805cf48-a66a-6503-be24-40f5dea02653-mesh-positions"/>
        </vertices>
        <polylist material="Material_0-material" count="6">
          <input semantic="VERTEX" source="#a805cf48-a66a-6503-be24-40f5dea02653-mesh-vertices" offset="0"/>
          <input semantic="NORMAL" source="#a805cf48-a66a-6503-be24-40f5dea02653-mesh-normals" offset="1"/>
          <input semantic="TEXCOORD" source="#a805cf48-a66a-6503-be24-40f5dea02653-mesh-map-0" offset="2" set="0"/>
          <vcount>4 4 4 4 4 4</vcount>
          <p>3 0 3 6 0 2 4 0 1 1 0 0 2 1 7 3 1 6 1 1 5 0 1 4 7 2 11 2 2 10 0 2 9 5 2 8 6 3 15 7 3 14 5 3 13 4 3 12 5 4 19 0 4 18 1 4 17 4 4 16 6 5 23 3 5 22 2 5 21 7 5 20</p>
        </polylist>
      </mesh>
    </geometry>
    <geometry id="073c6fd6-6a2f-2aa6-3b75-88a23388592f-mesh" name="cube">
      <mesh>
        <source id="073c6fd6-6a2f-2aa6-3b75-88a23388592f-mesh-positions">
          <float_array id="073c6fd6-6a2f-2aa6-3b75-88a23388592f-mesh-positions-array" count="24">0.06375 0.173125 0.095 0.06375 0.173125 0.03 0.06375 0.045625 0.095 0.06375 0.045625 0.03 -0.06375 0.173125 0.03 -0.06375 0.173125 0.095 -0.06375 0.045625 0.03 -0.06375 0.045625 0.095</float_array>
          <technique_common>
            <accessor source="#073c6fd6-6a2f-2aa6-3b75-88a23388592f-mesh-positions-array" count="8" stride="3">
              <param name="X" type="float"/>
              <param name="Y" type="float"/>
              <param name="Z" type="float"/>
            </accessor>
          </technique_common>
        </source>
        <source id="073c6fd6-6a2f-2aa6-3b75-88a23388592f-mesh-normals">
          <float_array id="073c6fd6-6a2f-2aa6-3b75-88a23388592f-mesh-normals-array" count="18">0 0 -1 1 0 0 0 0 1 -1 0 0 0 1 0 0 -1 0</float_array>
          <technique_common>
            <accessor source="#073c6fd6-6a2f-2aa6-3b75-88a23388592f-mesh-normals-array" count="6" stride="3">
              <param name="X" type="float"/>
              <param name="Y" type="float"/>
              <param name="Z" type="float"/>
            </accessor>
          </technique_common>
        </source>
        <source id="073c6fd6-6a2f-2aa6-3b75-88a23388592f-mesh-map-0">
          <float_array id="073c6fd6-6a2f-2aa6-3b75-88a23388592f-mesh-map-0-array" count="48">0.4375 0.109375 0.46875 0.109375 0.46875 0.078125 0.4375 0.078125 0.359375 0.390625 0.375 0.390625 0.375 0.359375 0.359375 0.359375 0.890625 0.515625 0.921875 0.515625 0.921875 0.484375 0.890625 0.484375 0.21875 0.265625 0.234375 0.265625 0.234375 0.234375 0.21875 0.234375 0.3125 0.46875 0.28125 0.46875 0.28125 0.484375 0.3125 0.484375 0.671875 0.546875 0.640625 0.546875 0.640625 0.53125 0.671875 0.53125</float_array>
          <technique_common>
            <accessor source="#073c6fd6-6a2f-2aa6-3b75-88a23388592f-mesh-map-0-array" count="24" stride="2">
              <param name="S" type="float"/>
              <param name="T" type="float"/>
            </accessor>
          </technique_common>
        </source>
        <vertices id="073c6fd6-6a2f-2aa6-3b75-88a23388592f-mesh-vertices">
          <input semantic="POSITION" source="#073c6fd6-6a2f-2aa6-3b75-88a23388592f-mesh-positions"/>
        </vertices>
        <polylist material="Material_0-material" count="6">
          <input semantic="VERTEX" source="#073c6fd6-6a2f-2aa6-3b75-88a23388592f-mesh-vertices" offset="0"/>
          <input semantic="NORMAL" source="#073c6fd6-6a2f-2aa6-3b75-88a23388592f-mesh-normals" offset="1"/>
          <input semantic="TEXCOORD" source="#073c6fd6-6a2f-2aa6-3b75-88a23388592f-mesh-map-0" offset="2" set="0"/>
          <vcount>4 4 4 4 4 4</vcount>
          <p>3 0 3 6 0 2 4 0 1 1 0 0 2 1 7 3 1 6 1 1 5 0 1 4 7 2 11 2 2 10 0 2 9 5 2 8 6 3 15 7 3 14 5 3 13 4 3 12 5 4 19 0 4 18 1 4 17 4 4 16 6 5 23 3 5 22 2 5 21 7 5 20</p>
        </polylist>
      </mesh>
    </geometry>
    <geometry id="2b0aa3de-dbcf-84e6-c579-1aac7dc55daa-mesh" name="cube">
      <mesh>
        <source id="2b0aa3de-dbcf-84e6-c579-1aac7dc55daa-mesh-positions">
          <float_array id="2b0aa3de-dbcf-84e6-c579-1aac7dc55daa-mesh-positions-array" count="24">0.03125 0.625 -0.0625 0.03125 0.625 -0.25 0.03125 0.5 -0.0625 0.03125 0.5 -0.25 -0.09375 0.625 -0.25 -0.09375 0.625 -0.0625 -0.09375 0.5 -0.25 -0.09375 0.5 -0.0625</float_array>
          <technique_common>
            <accessor source="#2b0aa3de-dbcf-84e6-c579-1aac7dc55daa-mesh-positions-array" count="8" stride="3">
              <param name="X" type="float"/>
              <param name="Y" type="float"/>
              <param name="Z" type="float"/>
            </accessor>
          </technique_common>
        </source>
        <source id="2b0aa3de-dbcf-84e6-c579-1aac7dc55daa-mesh-normals">
          <float_array id="2b0aa3de-dbcf-84e6-c579-1aac7dc55daa-mesh-normals-array" count="15">0 0 -1 1 0 0 0 0 1 -1 0 0 0 1 0</float_array>
          <technique_common>
            <accessor source="#2b0aa3de-dbcf-84e6-c579-1aac7dc55daa-mesh-normals-array" count="5" stride="3">
              <param name="X" type="float"/>
              <param name="Y" type="float"/>
              <param name="Z" type="float"/>
            </accessor>
          </technique_common>
        </source>
        <source id="2b0aa3de-dbcf-84e6-c579-1aac7dc55daa-mesh-map-0">
          <float_array id="2b0aa3de-dbcf-84e6-c579-1aac7dc55daa-mesh-map-0-array" count="40">0.609375 0.109375 0.640625 0.109375 0.640625 0.078125 0.609375 0.078125 0.234375 0.421875 0.28125 0.421875 0.28125 0.390625 0.234375 0.390625 0.890625 0.328125 0.921875 0.328125 0.921875 0.296875 0.890625 0.296875 0.875 0.296875 0.921875 0.296875 0.921875 0.265625 0.875 0.265625 0.90625 0.1875 0.875 0.1875 0.875 0.234375 0.90625 0.234375</float_array>
          <technique_common>
            <accessor source="#2b0aa3de-dbcf-84e6-c579-1aac7dc55daa-mesh-map-0-array" count="20" stride="2">
              <param name="S" type="float"/>
              <param name="T" type="float"/>
            </accessor>
          </technique_common>
        </source>
        <vertices id="2b0aa3de-dbcf-84e6-c579-1aac7dc55daa-mesh-vertices">
          <input semantic="POSITION" source="#2b0aa3de-dbcf-84e6-c579-1aac7dc55daa-mesh-positions"/>
        </vertices>
        <polylist material="Material_0-material" count="6">
          <input semantic="VERTEX" source="#2b0aa3de-dbcf-84e6-c579-1aac7dc55daa-mesh-vertices" offset="0"/>
          <input semantic="NORMAL" source="#2b0aa3de-dbcf-84e6-c579-1aac7dc55daa-mesh-normals" offset="1"/>
          <input semantic="TEXCOORD" source="#2b0aa3de-dbcf-84e6-c579-1aac7dc55daa-mesh-map-0" offset="2" set="0"/>
          <vcount>4 4 4 4 4</vcount>
          <p>3 0 3 6 0 2 4 0 1 1 0 0 2 1 7 3 1 6 1 1 5 0 1 4 7 2 11 2 2 10 0 2 9 5 2 8 6 3 15 7 3 14 5 3 13 4 3 12 5 4 19 0 4 18 1 4 17 4 4 16</p>
        </polylist>
      </mesh>
    </geometry>
    <geometry id="85bd3b26-b906-b7bb-85cc-dd44fe744f8e-mesh" name="cube">
      <mesh>
        <source id="85bd3b26-b906-b7bb-85cc-dd44fe744f8e-mesh-positions">
          <float_array id="85bd3b26-b906-b7bb-85cc-dd44fe744f8e-mesh-positions-array" count="24">0.190625 0.815625 0.065625 0.190625 0.815625 -0.815625 0.190625 0.559375 0.065625 0.190625 0.559375 -0.815625 -0.065625 0.815625 -0.815625 -0.065625 0.815625 0.065625 -0.065625 0.559375 -0.815625 -0.065625 0.559375 0.065625</float_array>
          <technique_common>
            <accessor source="#85bd3b26-b906-b7bb-85cc-dd44fe744f8e-mesh-positions-array" count="8" stride="3">
              <param name="X" type="float"/>
              <param name="Y" type="float"/>
              <param name="Z" type="float"/>
            </accessor>
          </technique_common>
        </source>
        <source id="85bd3b26-b906-b7bb-85cc-dd44fe744f8e-mesh-normals">
          <float_array id="85bd3b26-b906-b7bb-85cc-dd44fe744f8e-mesh-normals-array" count="15">0 0 -1 1 0 0 -1 0 0 0 1 0 0 -1 0</float_array>
          <technique_common>
            <accessor source="#85bd3b26-b906-b7bb-85cc-dd44fe744f8e-mesh-normals-array" count="5" stride="3">
              <param name="X" type="float"/>
              <param name="Y" type="float"/>
              <param name="Z" type="float"/>
            </accessor>
          </technique_common>
        </source>
        <source id="85bd3b26-b906-b7bb-85cc-dd44fe744f8e-mesh-map-0">
          <float_array id="85bd3b26-b906-b7bb-85cc-dd44fe744f8e-mesh-map-0-array" count="40">0.171875 0.328125 0.234375 0.328125 0.234375 0.265625 0.171875 0.265625 0.03125 0.84375 0.25 0.84375 0.25 0.78125 0.03125 0.78125 0.03125 0.78125 0.25 0.78125 0.25 0.71875 0.03125 0.71875 0.3125 0.625 0.25 0.625 0.25 0.84375 0.3125 0.84375 0.09375 0.71875 0.03125 0.71875 0.03125 0.5 0.09375 0.5</float_array>
          <technique_common>
            <accessor source="#85bd3b26-b906-b7bb-85cc-dd44fe744f8e-mesh-map-0-array" count="20" stride="2">
              <param name="S" type="float"/>
              <param name="T" type="float"/>
            </accessor>
          </technique_common>
        </source>
        <vertices id="85bd3b26-b906-b7bb-85cc-dd44fe744f8e-mesh-vertices">
          <input semantic="POSITION" source="#85bd3b26-b906-b7bb-85cc-dd44fe744f8e-mesh-positions"/>
        </vertices>
        <polylist material="Material_0-material" count="6">
          <input semantic="VERTEX" source="#85bd3b26-b906-b7bb-85cc-dd44fe744f8e-mesh-vertices" offset="0"/>
          <input semantic="NORMAL" source="#85bd3b26-b906-b7bb-85cc-dd44fe744f8e-mesh-normals" offset="1"/>
          <input semantic="TEXCOORD" source="#85bd3b26-b906-b7bb-85cc-dd44fe744f8e-mesh-map-0" offset="2" set="0"/>
          <vcount>4 4 4 4 4</vcount>
          <p>3 0 3 6 0 2 4 0 1 1 0 0 2 1 7 3 1 6 1 1 5 0 1 4 6 2 11 7 2 10 5 2 9 4 2 8 5 3 15 0 3 14 1 3 13 4 3 12 6 4 19 3 4 18 2 4 17 7 4 16</p>
        </polylist>
      </mesh>
    </geometry>
    <geometry id="832647ab-359c-42d2-31f1-9fbbcaaf53e4-mesh" name="cube">
      <mesh>
        <source id="832647ab-359c-42d2-31f1-9fbbcaaf53e4-mesh-positions">
          <float_array id="832647ab-359c-42d2-31f1-9fbbcaaf53e4-mesh-positions-array" count="24">0.125 0.0625 0.46875 0.125 0.0625 0.15625 0.125 -0.125 0.46875 0.125 -0.125 0.15625 -0.125 0.0625 0.15625 -0.125 0.0625 0.46875 -0.125 -0.125 0.15625 -0.125 -0.125 0.46875</float_array>
          <technique_common>
            <accessor source="#832647ab-359c-42d2-31f1-9fbbcaaf53e4-mesh-positions-array" count="8" stride="3">
              <param name="X" type="float"/>
              <param name="Y" type="float"/>
              <param name="Z" type="float"/>
            </accessor>
          </technique_common>
        </source>
        <source id="832647ab-359c-42d2-31f1-9fbbcaaf53e4-mesh-normals">
          <float_array id="832647ab-359c-42d2-31f1-9fbbcaaf53e4-mesh-normals-array" count="18">0 0 -1 1 0 0 0 0 1 -1 0 0 0 1 0 0 -1 0</float_array>
          <technique_common>
            <accessor source="#832647ab-359c-42d2-31f1-9fbbcaaf53e4-mesh-normals-array" count="6" stride="3">
              <param name="X" type="float"/>
              <param name="Y" type="float"/>
              <param name="Z" type="float"/>
            </accessor>
          </technique_common>
        </source>
        <source id="832647ab-359c-42d2-31f1-9fbbcaaf53e4-mesh-map-0">
          <float_array id="832647ab-359c-42d2-31f1-9fbbcaaf53e4-mesh-map-0-array" count="48">0.765625 0.453125 0.828125 0.453125 0.828125 0.40625 0.765625 0.40625 0.359375 0.28125 0.4375 0.28125 0.4375 0.234375 0.359375 0.234375 0.765625 0.40625 0.828125 0.40625 0.828125 0.359375 0.765625 0.359375 0.734375 0.671875 0.8125 0.671875 0.8125 0.625 0.734375 0.625 0.125 0.28125 0.0625 0.28125 0.0625 0.359375 0.125 0.359375 0.421875 0.359375 0.359375 0.359375 0.359375 0.28125 0.421875 0.28125</float_array>
          <technique_common>
            <accessor source="#832647ab-359c-42d2-31f1-9fbbcaaf53e4-mesh-map-0-array" count="24" stride="2">
              <param name="S" type="float"/>
              <param name="T" type="float"/>
            </accessor>
          </technique_common>
        </source>
        <vertices id="832647ab-359c-42d2-31f1-9fbbcaaf53e4-mesh-vertices">
          <input semantic="POSITION" source="#832647ab-359c-42d2-31f1-9fbbcaaf53e4-mesh-positions"/>
        </vertices>
        <polylist material="Material_0-material" count="6">
          <input semantic="VERTEX" source="#832647ab-359c-42d2-31f1-9fbbcaaf53e4-mesh-vertices" offset="0"/>
          <input semantic="NORMAL" source="#832647ab-359c-42d2-31f1-9fbbcaaf53e4-mesh-normals" offset="1"/>
          <input semantic="TEXCOORD" source="#832647ab-359c-42d2-31f1-9fbbcaaf53e4-mesh-map-0" offset="2" set="0"/>
          <vcount>4 4 4 4 4 4</vcount>
          <p>3 0 3 6 0 2 4 0 1 1 0 0 2 1 7 3 1 6 1 1 5 0 1 4 7 2 11 2 2 10 0 2 9 5 2 8 6 3 15 7 3 14 5 3 13 4 3 12 5 4 19 0 4 18 1 4 17 4 4 16 6 5 23 3 5 22 2 5 21 7 5 20</p>
        </polylist>
      </mesh>
    </geometry>
    <geometry id="6fdee3c0-7077-52ab-315a-7afd2ed6e0a9-mesh" name="cube">
      <mesh>
        <source id="6fdee3c0-7077-52ab-315a-7afd2ed6e0a9-mesh-positions">
          <float_array id="6fdee3c0-7077-52ab-315a-7afd2ed6e0a9-mesh-positions-array" count="24">0.126563 0.626562 -1.748437 0.126563 0.626562 -1.814062 0.126563 0.498438 -1.748437 0.126563 0.498438 -1.814062 0.060937 0.626562 -1.814062 0.060937 0.626562 -1.748437 0.060937 0.498438 -1.814062 0.060937 0.498438 -1.748437</float_array>
          <technique_common>
            <accessor source="#6fdee3c0-7077-52ab-315a-7afd2ed6e0a9-mesh-positions-array" count="8" stride="3">
              <param name="X" type="float"/>
              <param name="Y" type="float"/>
              <param name="Z" type="float"/>
            </accessor>
          </technique_common>
        </source>
        <source id="6fdee3c0-7077-52ab-315a-7afd2ed6e0a9-mesh-normals">
          <float_array id="6fdee3c0-7077-52ab-315a-7afd2ed6e0a9-mesh-normals-array" count="6">1 0 0 -1 0 0</float_array>
          <technique_common>
            <accessor source="#6fdee3c0-7077-52ab-315a-7afd2ed6e0a9-mesh-normals-array" count="2" stride="3">
              <param name="X" type="float"/>
              <param name="Y" type="float"/>
              <param name="Z" type="float"/>
            </accessor>
          </technique_common>
        </source>
        <source id="6fdee3c0-7077-52ab-315a-7afd2ed6e0a9-mesh-map-0">
          <float_array id="6fdee3c0-7077-52ab-315a-7afd2ed6e0a9-mesh-map-0-array" count="16">0.75 0.921875 0.765625 0.921875 0.765625 0.890625 0.75 0.890625 0.046875 0.234375 0.0625 0.234375 0.0625 0.203125 0.046875 0.203125</float_array>
          <technique_common>
            <accessor source="#6fdee3c0-7077-52ab-315a-7afd2ed6e0a9-mesh-map-0-array" count="8" stride="2">
              <param name="S" type="float"/>
              <param name="T" type="float"/>
            </accessor>
          </technique_common>
        </source>
        <vertices id="6fdee3c0-7077-52ab-315a-7afd2ed6e0a9-mesh-vertices">
          <input semantic="POSITION" source="#6fdee3c0-7077-52ab-315a-7afd2ed6e0a9-mesh-positions"/>
        </vertices>
        <polylist material="Material_0-material" count="6">
          <input semantic="VERTEX" source="#6fdee3c0-7077-52ab-315a-7afd2ed6e0a9-mesh-vertices" offset="0"/>
          <input semantic="NORMAL" source="#6fdee3c0-7077-52ab-315a-7afd2ed6e0a9-mesh-normals" offset="1"/>
          <input semantic="TEXCOORD" source="#6fdee3c0-7077-52ab-315a-7afd2ed6e0a9-mesh-map-0" offset="2" set="0"/>
          <vcount>4 4</vcount>
          <p>2 0 3 3 0 2 1 0 1 0 0 0 6 1 7 7 1 6 5 1 5 4 1 4</p>
        </polylist>
      </mesh>
    </geometry>
    <geometry id="cec4f66d-cc20-c065-8ba4-0543028a3bb1-mesh" name="cube">
      <mesh>
        <source id="cec4f66d-cc20-c065-8ba4-0543028a3bb1-mesh-positions">
          <float_array id="cec4f66d-cc20-c065-8ba4-0543028a3bb1-mesh-positions-array" count="24">0.126563 0.439062 -0.248437 0.126563 0.439062 -1.814062 0.126563 0.373438 -0.248437 0.126563 0.373438 -1.814062 0.060937 0.439062 -1.814062 0.060937 0.439062 -0.248437 0.060937 0.373438 -1.814062 0.060937 0.373438 -0.248437</float_array>
          <technique_common>
            <accessor source="#cec4f66d-cc20-c065-8ba4-0543028a3bb1-mesh-positions-array" count="8" stride="3">
              <param name="X" type="float"/>
              <param name="Y" type="float"/>
              <param name="Z" type="float"/>
            </accessor>
          </technique_common>
        </source>
        <source id="cec4f66d-cc20-c065-8ba4-0543028a3bb1-mesh-normals">
          <float_array id="cec4f66d-cc20-c065-8ba4-0543028a3bb1-mesh-normals-array" count="6">1 0 0 -1 0 0</float_array>
          <technique_common>
            <accessor source="#cec4f66d-cc20-c065-8ba4-0543028a3bb1-mesh-normals-array" count="2" stride="3">
              <param name="X" type="float"/>
              <param name="Y" type="float"/>
              <param name="Z" type="float"/>
            </accessor>
          </technique_common>
        </source>
        <source id="cec4f66d-cc20-c065-8ba4-0543028a3bb1-mesh-map-0">
          <float_array id="cec4f66d-cc20-c065-8ba4-0543028a3bb1-mesh-map-0-array" count="16">0.5625 0.46875 0.953125 0.46875 0.953125 0.453125 0.5625 0.453125 0.578125 0.6875 0.96875 0.6875 0.96875 0.671875 0.578125 0.671875</float_array>
          <technique_common>
            <accessor source="#cec4f66d-cc20-c065-8ba4-0543028a3bb1-mesh-map-0-array" count="8" stride="2">
              <param name="S" type="float"/>
              <param name="T" type="float"/>
            </accessor>
          </technique_common>
        </source>
        <vertices id="cec4f66d-cc20-c065-8ba4-0543028a3bb1-mesh-vertices">
          <input semantic="POSITION" source="#cec4f66d-cc20-c065-8ba4-0543028a3bb1-mesh-positions"/>
        </vertices>
        <polylist material="Material_0-material" count="6">
          <input semantic="VERTEX" source="#cec4f66d-cc20-c065-8ba4-0543028a3bb1-mesh-vertices" offset="0"/>
          <input semantic="NORMAL" source="#cec4f66d-cc20-c065-8ba4-0543028a3bb1-mesh-normals" offset="1"/>
          <input semantic="TEXCOORD" source="#cec4f66d-cc20-c065-8ba4-0543028a3bb1-mesh-map-0" offset="2" set="0"/>
          <vcount>4 4</vcount>
          <p>2 0 3 3 0 2 1 0 1 0 0 0 6 1 7 7 1 6 5 1 5 4 1 4</p>
        </polylist>
      </mesh>
    </geometry>
    <geometry id="d18a62d1-29bf-7896-e5e6-9fd2010486e5-mesh" name="cube">
      <mesh>
        <source id="d18a62d1-29bf-7896-e5e6-9fd2010486e5-mesh-positions">
          <float_array id="d18a62d1-29bf-7896-e5e6-9fd2010486e5-mesh-positions-array" count="24">0.0625 0.09375 0.03125 0.0625 0.09375 -0.28125 0.0625 -0.40625 0.03125 0.0625 -0.40625 -0.28125 -0.0625 0.09375 -0.28125 -0.0625 0.09375 0.03125 -0.0625 -0.40625 -0.28125 -0.0625 -0.40625 0.03125</float_array>
          <technique_common>
            <accessor source="#d18a62d1-29bf-7896-e5e6-9fd2010486e5-mesh-positions-array" count="8" stride="3">
              <param name="X" type="float"/>
              <param name="Y" type="float"/>
              <param name="Z" type="float"/>
            </accessor>
          </technique_common>
        </source>
        <source id="d18a62d1-29bf-7896-e5e6-9fd2010486e5-mesh-normals">
          <float_array id="d18a62d1-29bf-7896-e5e6-9fd2010486e5-mesh-normals-array" count="15">0 0 -1 1 0 0 0 0 1 -1 0 0 0 -1 0</float_array>
          <technique_common>
            <accessor source="#d18a62d1-29bf-7896-e5e6-9fd2010486e5-mesh-normals-array" count="5" stride="3">
              <param name="X" type="float"/>
              <param name="Y" type="float"/>
              <param name="Z" type="float"/>
            </accessor>
          </technique_common>
        </source>
        <source id="d18a62d1-29bf-7896-e5e6-9fd2010486e5-mesh-map-0">
          <float_array id="d18a62d1-29bf-7896-e5e6-9fd2010486e5-mesh-map-0-array" count="40">0.671875 0.34375 0.703125 0.34375 0.703125 0.21875 0.671875 0.21875 0.234375 0.609375 0.3125 0.609375 0.3125 0.484375 0.234375 0.484375 0.609375 0.3125 0.640625 0.3125 0.640625 0.1875 0.609375 0.1875 0.390625 0.734375 0.46875 0.734375 0.46875 0.609375 0.390625 0.609375 0.296875 0.1875 0.265625 0.1875 0.265625 0.109375 0.296875 0.109375</float_array>
          <technique_common>
            <accessor source="#d18a62d1-29bf-7896-e5e6-9fd2010486e5-mesh-map-0-array" count="20" stride="2">
              <param name="S" type="float"/>
              <param name="T" type="float"/>
            </accessor>
          </technique_common>
        </source>
        <vertices id="d18a62d1-29bf-7896-e5e6-9fd2010486e5-mesh-vertices">
          <input semantic="POSITION" source="#d18a62d1-29bf-7896-e5e6-9fd2010486e5-mesh-positions"/>
        </vertices>
        <polylist material="Material_0-material" count="6">
          <input semantic="VERTEX" source="#d18a62d1-29bf-7896-e5e6-9fd2010486e5-mesh-vertices" offset="0"/>
          <input semantic="NORMAL" source="#d18a62d1-29bf-7896-e5e6-9fd2010486e5-mesh-normals" offset="1"/>
          <input semantic="TEXCOORD" source="#d18a62d1-29bf-7896-e5e6-9fd2010486e5-mesh-map-0" offset="2" set="0"/>
          <vcount>4 4 4 4 4</vcount>
          <p>3 0 3 6 0 2 4 0 1 1 0 0 2 1 7 3 1 6 1 1 5 0 1 4 7 2 11 2 2 10 0 2 9 5 2 8 6 3 15 7 3 14 5 3 13 4 3 12 6 4 19 3 4 18 2 4 17 7 4 16</p>
        </polylist>
      </mesh>
    </geometry>
    <geometry id="89b69fdb-8977-4e71-210e-554c0ee08f1b-mesh" name="cube">
      <mesh>
        <source id="89b69fdb-8977-4e71-210e-554c0ee08f1b-mesh-positions">
          <float_array id="89b69fdb-8977-4e71-210e-554c0ee08f1b-mesh-positions-array" count="24">0.078125 -0.390625 0.046875 0.078125 -0.390625 -0.296875 0.078125 -0.484375 0.046875 0.078125 -0.484375 -0.296875 -0.078125 -0.390625 -0.296875 -0.078125 -0.390625 0.046875 -0.078125 -0.484375 -0.296875 -0.078125 -0.484375 0.046875</float_array>
          <technique_common>
            <accessor source="#89b69fdb-8977-4e71-210e-554c0ee08f1b-mesh-positions-array" count="8" stride="3">
              <param name="X" type="float"/>
              <param name="Y" type="float"/>
              <param name="Z" type="float"/>
            </accessor>
          </technique_common>
        </source>
        <source id="89b69fdb-8977-4e71-210e-554c0ee08f1b-mesh-normals">
          <float_array id="89b69fdb-8977-4e71-210e-554c0ee08f1b-mesh-normals-array" count="15">0 0 -1 1 0 0 0 0 1 -1 0 0 0 -1 0</float_array>
          <technique_common>
            <accessor source="#89b69fdb-8977-4e71-210e-554c0ee08f1b-mesh-normals-array" count="5" stride="3">
              <param name="X" type="float"/>
              <param name="Y" type="float"/>
              <param name="Z" type="float"/>
            </accessor>
          </technique_common>
        </source>
        <source id="89b69fdb-8977-4e71-210e-554c0ee08f1b-mesh-map-0">
          <float_array id="89b69fdb-8977-4e71-210e-554c0ee08f1b-mesh-map-0-array" count="40">0.703125 0.671875 0.734375 0.671875 0.734375 0.65625 0.703125 0.65625 0.578125 0.671875 0.65625 0.671875 0.65625 0.65625 0.578125 0.65625 0.71875 0.859375 0.75 0.859375 0.75 0.84375 0.71875 0.84375 0.59375 0.859375 0.671875 0.859375 0.671875 0.84375 0.59375 0.84375 0.375 0.1875 0.34375 0.1875 0.34375 0.109375 0.375 0.109375</float_array>
          <technique_common>
            <accessor source="#89b69fdb-8977-4e71-210e-554c0ee08f1b-mesh-map-0-array" count="20" stride="2">
              <param name="S" type="float"/>
              <param name="T" type="float"/>
            </accessor>
          </technique_common>
        </source>
        <vertices id="89b69fdb-8977-4e71-210e-554c0ee08f1b-mesh-vertices">
          <input semantic="POSITION" source="#89b69fdb-8977-4e71-210e-554c0ee08f1b-mesh-positions"/>
        </vertices>
        <polylist material="Material_0-material" count="6">
          <input semantic="VERTEX" source="#89b69fdb-8977-4e71-210e-554c0ee08f1b-mesh-vertices" offset="0"/>
          <input semantic="NORMAL" source="#89b69fdb-8977-4e71-210e-554c0ee08f1b-mesh-normals" offset="1"/>
          <input semantic="TEXCOORD" source="#89b69fdb-8977-4e71-210e-554c0ee08f1b-mesh-map-0" offset="2" set="0"/>
          <vcount>4 4 4 4 4</vcount>
          <p>3 0 3 6 0 2 4 0 1 1 0 0 2 1 7 3 1 6 1 1 5 0 1 4 7 2 11 2 2 10 0 2 9 5 2 8 6 3 15 7 3 14 5 3 13 4 3 12 6 4 19 3 4 18 2 4 17 7 4 16</p>
        </polylist>
      </mesh>
    </geometry>
    <geometry id="71f97cc1-b9e8-456c-052f-f68455bb86cc-mesh" name="cube">
      <mesh>
        <source id="71f97cc1-b9e8-456c-052f-f68455bb86cc-mesh-positions">
          <float_array id="71f97cc1-b9e8-456c-052f-f68455bb86cc-mesh-positions-array" count="24">0.0625 0.40625 -1.6875 0.0625 0.40625 -2 0.0625 0.21875 -1.6875 0.0625 0.21875 -2 -0.125 0.40625 -2 -0.125 0.40625 -1.6875 -0.125 0.21875 -2 -0.125 0.21875 -1.6875</float_array>
          <technique_common>
            <accessor source="#71f97cc1-b9e8-456c-052f-f68455bb86cc-mesh-positions-array" count="8" stride="3">
              <param name="X" type="float"/>
              <param name="Y" type="float"/>
              <param name="Z" type="float"/>
            </accessor>
          </technique_common>
        </source>
        <source id="71f97cc1-b9e8-456c-052f-f68455bb86cc-mesh-normals">
          <float_array id="71f97cc1-b9e8-456c-052f-f68455bb86cc-mesh-normals-array" count="18">0 0 -1 1 0 0 0 0 1 -1 0 0 0 1 0 0 -1 0</float_array>
          <technique_common>
            <accessor source="#71f97cc1-b9e8-456c-052f-f68455bb86cc-mesh-normals-array" count="6" stride="3">
              <param name="X" type="float"/>
              <param name="Y" type="float"/>
              <param name="Z" type="float"/>
            </accessor>
          </technique_common>
        </source>
        <source id="71f97cc1-b9e8-456c-052f-f68455bb86cc-mesh-map-0">
          <float_array id="71f97cc1-b9e8-456c-052f-f68455bb86cc-mesh-map-0-array" count="48">0.828125 0.1875 0.875 0.1875 0.875 0.140625 0.828125 0.140625 0.4375 0.265625 0.515625 0.265625 0.515625 0.21875 0.4375 0.21875 0 0.15625 0.046875 0.15625 0.046875 0.109375 0 0.109375 0.75 0.859375 0.828125 0.859375 0.828125 0.8125 0.75 0.8125 0.21875 0.1875 0.171875 0.1875 0.171875 0.265625 0.21875 0.265625 0.75 0.25 0.703125 0.25 0.703125 0.171875 0.75 0.171875</float_array>
          <technique_common>
            <accessor source="#71f97cc1-b9e8-456c-052f-f68455bb86cc-mesh-map-0-array" count="24" stride="2">
              <param name="S" type="float"/>
              <param name="T" type="float"/>
            </accessor>
          </technique_common>
        </source>
        <vertices id="71f97cc1-b9e8-456c-052f-f68455bb86cc-mesh-vertices">
          <input semantic="POSITION" source="#71f97cc1-b9e8-456c-052f-f68455bb86cc-mesh-positions"/>
        </vertices>
        <polylist material="Material_0-material" count="6">
          <input semantic="VERTEX" source="#71f97cc1-b9e8-456c-052f-f68455bb86cc-mesh-vertices" offset="0"/>
          <input semantic="NORMAL" source="#71f97cc1-b9e8-456c-052f-f68455bb86cc-mesh-normals" offset="1"/>
          <input semantic="TEXCOORD" source="#71f97cc1-b9e8-456c-052f-f68455bb86cc-mesh-map-0" offset="2" set="0"/>
          <vcount>4 4 4 4 4 4</vcount>
          <p>3 0 3 6 0 2 4 0 1 1 0 0 2 1 7 3 1 6 1 1 5 0 1 4 7 2 11 2 2 10 0 2 9 5 2 8 6 3 15 7 3 14 5 3 13 4 3 12 5 4 19 0 4 18 1 4 17 4 4 16 6 5 23 3 5 22 2 5 21 7 5 20</p>
        </polylist>
      </mesh>
    </geometry>
    <geometry id="c37dd3d7-f0bb-5e23-5e53-7dabb635921b-mesh" name="cube">
      <mesh>
        <source id="c37dd3d7-f0bb-5e23-5e53-7dabb635921b-mesh-positions">
          <float_array id="c37dd3d7-f0bb-5e23-5e53-7dabb635921b-mesh-positions-array" count="24">0.03125 0.375 -1.25 0.03125 0.375 -2.3125 0.03125 0.25 -1.25 0.03125 0.25 -2.3125 -0.09375 0.375 -2.3125 -0.09375 0.375 -1.25 -0.09375 0.25 -2.3125 -0.09375 0.25 -1.25</float_array>
          <technique_common>
            <accessor source="#c37dd3d7-f0bb-5e23-5e53-7dabb635921b-mesh-positions-array" count="8" stride="3">
              <param name="X" type="float"/>
              <param name="Y" type="float"/>
              <param name="Z" type="float"/>
            </accessor>
          </technique_common>
        </source>
        <source id="c37dd3d7-f0bb-5e23-5e53-7dabb635921b-mesh-normals">
          <float_array id="c37dd3d7-f0bb-5e23-5e53-7dabb635921b-mesh-normals-array" count="15">0 0 -1 1 0 0 -1 0 0 0 1 0 0 -1 0</float_array>
          <technique_common>
            <accessor source="#c37dd3d7-f0bb-5e23-5e53-7dabb635921b-mesh-normals-array" count="5" stride="3">
              <param name="X" type="float"/>
              <param name="Y" type="float"/>
              <param name="Z" type="float"/>
            </accessor>
          </technique_common>
        </source>
        <source id="c37dd3d7-f0bb-5e23-5e53-7dabb635921b-mesh-map-0">
          <float_array id="c37dd3d7-f0bb-5e23-5e53-7dabb635921b-mesh-map-0-array" count="40">0.890625 0.265625 0.921875 0.265625 0.921875 0.234375 0.890625 0.234375 0.46875 0.65625 0.734375 0.65625 0.734375 0.625 0.46875 0.625 0.484375 0.84375 0.75 0.84375 0.75 0.8125 0.484375 0.8125 0.515625 0.359375 0.484375 0.359375 0.484375 0.625 0.515625 0.625 0.0625 0.5 0.03125 0.5 0.03125 0.234375 0.0625 0.234375</float_array>
          <technique_common>
            <accessor source="#c37dd3d7-f0bb-5e23-5e53-7dabb635921b-mesh-map-0-array" count="20" stride="2">
              <param name="S" type="float"/>
              <param name="T" type="float"/>
            </accessor>
          </technique_common>
        </source>
        <vertices id="c37dd3d7-f0bb-5e23-5e53-7dabb635921b-mesh-vertices">
          <input semantic="POSITION" source="#c37dd3d7-f0bb-5e23-5e53-7dabb635921b-mesh-positions"/>
        </vertices>
        <polylist material="Material_0-material" count="6">
          <input semantic="VERTEX" source="#c37dd3d7-f0bb-5e23-5e53-7dabb635921b-mesh-vertices" offset="0"/>
          <input semantic="NORMAL" source="#c37dd3d7-f0bb-5e23-5e53-7dabb635921b-mesh-normals" offset="1"/>
          <input semantic="TEXCOORD" source="#c37dd3d7-f0bb-5e23-5e53-7dabb635921b-mesh-map-0" offset="2" set="0"/>
          <vcount>4 4 4 4 4</vcount>
          <p>3 0 3 6 0 2 4 0 1 1 0 0 2 1 7 3 1 6 1 1 5 0 1 4 6 2 11 7 2 10 5 2 9 4 2 8 5 3 15 0 3 14 1 3 13 4 3 12 6 4 19 3 4 18 2 4 17 7 4 16</p>
        </polylist>
      </mesh>
    </geometry>
    <geometry id="00300005-1052-51a0-add0-8504fe24f547-mesh" name="cube">
      <mesh>
        <source id="00300005-1052-51a0-add0-8504fe24f547-mesh-positions">
          <float_array id="00300005-1052-51a0-add0-8504fe24f547-mesh-positions-array" count="24">-0.03125 0.25 -1.5625 -0.03125 0.25 -1.75 -0.03125 0.1875 -1.5625 -0.03125 0.1875 -1.75 -0.03125 0.25 -1.75 -0.03125 0.25 -1.5625 -0.03125 0.1875 -1.75 -0.03125 0.1875 -1.5625</float_array>
          <technique_common>
            <accessor source="#00300005-1052-51a0-add0-8504fe24f547-mesh-positions-array" count="8" stride="3">
              <param name="X" type="float"/>
              <param name="Y" type="float"/>
              <param name="Z" type="float"/>
            </accessor>
          </technique_common>
        </source>
        <source id="00300005-1052-51a0-add0-8504fe24f547-mesh-normals">
          <float_array id="00300005-1052-51a0-add0-8504fe24f547-mesh-normals-array" count="6">1 0 0 -1 0 0</float_array>
          <technique_common>
            <accessor source="#00300005-1052-51a0-add0-8504fe24f547-mesh-normals-array" count="2" stride="3">
              <param name="X" type="float"/>
              <param name="Y" type="float"/>
              <param name="Z" type="float"/>
            </accessor>
          </technique_common>
        </source>
        <source id="00300005-1052-51a0-add0-8504fe24f547-mesh-map-0">
          <float_array id="00300005-1052-51a0-add0-8504fe24f547-mesh-map-0-array" count="16">0.671875 0.5 0.71875 0.5 0.71875 0.484375 0.671875 0.484375 0.703125 0.5625 0.75 0.5625 0.75 0.546875 0.703125 0.546875</float_array>
          <technique_common>
            <accessor source="#00300005-1052-51a0-add0-8504fe24f547-mesh-map-0-array" count="8" stride="2">
              <param name="S" type="float"/>
              <param name="T" type="float"/>
            </accessor>
          </technique_common>
        </source>
        <vertices id="00300005-1052-51a0-add0-8504fe24f547-mesh-vertices">
          <input semantic="POSITION" source="#00300005-1052-51a0-add0-8504fe24f547-mesh-positions"/>
        </vertices>
        <polylist material="Material_0-material" count="6">
          <input semantic="VERTEX" source="#00300005-1052-51a0-add0-8504fe24f547-mesh-vertices" offset="0"/>
          <input semantic="NORMAL" source="#00300005-1052-51a0-add0-8504fe24f547-mesh-normals" offset="1"/>
          <input semantic="TEXCOORD" source="#00300005-1052-51a0-add0-8504fe24f547-mesh-map-0" offset="2" set="0"/>
          <vcount>4 4</vcount>
          <p>2 0 3 3 0 2 1 0 1 0 0 0 6 1 7 7 1 6 5 1 5 4 1 4</p>
        </polylist>
      </mesh>
    </geometry>
    <geometry id="70a0ffca-3223-b129-903b-cced18756c20-mesh" name="cube">
      <mesh>
        <source id="70a0ffca-3223-b129-903b-cced18756c20-mesh-positions">
          <float_array id="70a0ffca-3223-b129-903b-cced18756c20-mesh-positions-array" count="24">0.126563 0.626562 -1.560937 0.126563 0.626562 -1.689062 0.126563 0.373438 -1.560937 0.126563 0.373438 -1.689062 -0.001563 0.626562 -1.689062 -0.001563 0.626562 -1.560937 -0.001563 0.373438 -1.689062 -0.001563 0.373438 -1.560937</float_array>
          <technique_common>
            <accessor source="#70a0ffca-3223-b129-903b-cced18756c20-mesh-positions-array" count="8" stride="3">
              <param name="X" type="float"/>
              <param name="Y" type="float"/>
              <param name="Z" type="float"/>
            </accessor>
          </technique_common>
        </source>
        <source id="70a0ffca-3223-b129-903b-cced18756c20-mesh-normals">
          <float_array id="70a0ffca-3223-b129-903b-cced18756c20-mesh-normals-array" count="15">0 0 -1 1 0 0 0 0 1 -1 0 0 0 1 0</float_array>
          <technique_common>
            <accessor source="#70a0ffca-3223-b129-903b-cced18756c20-mesh-normals-array" count="5" stride="3">
              <param name="X" type="float"/>
              <param name="Y" type="float"/>
              <param name="Z" type="float"/>
            </accessor>
          </technique_common>
        </source>
        <source id="70a0ffca-3223-b129-903b-cced18756c20-mesh-map-0">
          <float_array id="70a0ffca-3223-b129-903b-cced18756c20-mesh-map-0-array" count="40">0.84375 0.828125 0.875 0.828125 0.875 0.765625 0.84375 0.765625 0.296875 0.15625 0.328125 0.15625 0.328125 0.09375 0.296875 0.09375 0.84375 0.640625 0.875 0.640625 0.875 0.578125 0.84375 0.578125 0.84375 0.578125 0.875 0.578125 0.875 0.515625 0.84375 0.515625 0.84375 0.078125 0.8125 0.078125 0.8125 0.109375 0.84375 0.109375</float_array>
          <technique_common>
            <accessor source="#70a0ffca-3223-b129-903b-cced18756c20-mesh-map-0-array" count="20" stride="2">
              <param name="S" type="float"/>
              <param name="T" type="float"/>
            </accessor>
          </technique_common>
        </source>
        <vertices id="70a0ffca-3223-b129-903b-cced18756c20-mesh-vertices">
          <input semantic="POSITION" source="#70a0ffca-3223-b129-903b-cced18756c20-mesh-positions"/>
        </vertices>
        <polylist material="Material_0-material" count="6">
          <input semantic="VERTEX" source="#70a0ffca-3223-b129-903b-cced18756c20-mesh-vertices" offset="0"/>
          <input semantic="NORMAL" source="#70a0ffca-3223-b129-903b-cced18756c20-mesh-normals" offset="1"/>
          <input semantic="TEXCOORD" source="#70a0ffca-3223-b129-903b-cced18756c20-mesh-map-0" offset="2" set="0"/>
          <vcount>4 4 4 4 4</vcount>
          <p>3 0 3 6 0 2 4 0 1 1 0 0 2 1 7 3 1 6 1 1 5 0 1 4 7 2 11 2 2 10 0 2 9 5 2 8 6 3 15 7 3 14 5 3 13 4 3 12 5 4 19 0 4 18 1 4 17 4 4 16</p>
        </polylist>
      </mesh>
    </geometry>
    <geometry id="562350d5-9781-79c3-4df7-caefa32578d6-mesh" name="cube">
      <mesh>
        <source id="562350d5-9781-79c3-4df7-caefa32578d6-mesh-positions">
          <float_array id="562350d5-9781-79c3-4df7-caefa32578d6-mesh-positions-array" count="24">0.126563 0.532812 0.064062 0.126563 0.532812 -0.314062 0.126563 0.092187 0.064062 0.126563 0.092187 -0.314062 -0.126563 0.532812 -0.314062 -0.126563 0.532812 0.064062 -0.126563 0.092187 -0.314062 -0.126563 0.092187 0.064062</float_array>
          <technique_common>
            <accessor source="#562350d5-9781-79c3-4df7-caefa32578d6-mesh-positions-array" count="8" stride="3">
              <param name="X" type="float"/>
              <param name="Y" type="float"/>
              <param name="Z" type="float"/>
            </accessor>
          </technique_common>
        </source>
        <source id="562350d5-9781-79c3-4df7-caefa32578d6-mesh-normals">
          <float_array id="562350d5-9781-79c3-4df7-caefa32578d6-mesh-normals-array" count="15">0 0 -1 1 0 0 0 0 1 -1 0 0 0 -1 0</float_array>
          <technique_common>
            <accessor source="#562350d5-9781-79c3-4df7-caefa32578d6-mesh-normals-array" count="5" stride="3">
              <param name="X" type="float"/>
              <param name="Y" type="float"/>
              <param name="Z" type="float"/>
            </accessor>
          </technique_common>
        </source>
        <source id="562350d5-9781-79c3-4df7-caefa32578d6-mesh-map-0">
          <float_array id="562350d5-9781-79c3-4df7-caefa32578d6-mesh-map-0-array" count="40">0.375 0.46875 0.4375 0.46875 0.4375 0.359375 0.375 0.359375 0.15625 0.71875 0.25 0.71875 0.25 0.609375 0.15625 0.609375 0.59375 1 0.65625 1 0.65625 0.890625 0.59375 0.890625 0.3125 0.84375 0.40625 0.84375 0.40625 0.734375 0.3125 0.734375 0.359375 0.390625 0.296875 0.390625 0.296875 0.296875 0.359375 0.296875</float_array>
          <technique_common>
            <accessor source="#562350d5-9781-79c3-4df7-caefa32578d6-mesh-map-0-array" count="20" stride="2">
              <param name="S" type="float"/>
              <param name="T" type="float"/>
            </accessor>
          </technique_common>
        </source>
        <vertices id="562350d5-9781-79c3-4df7-caefa32578d6-mesh-vertices">
          <input semantic="POSITION" source="#562350d5-9781-79c3-4df7-caefa32578d6-mesh-positions"/>
        </vertices>
        <polylist material="Material_0-material" count="6">
          <input semantic="VERTEX" source="#562350d5-9781-79c3-4df7-caefa32578d6-mesh-vertices" offset="0"/>
          <input semantic="NORMAL" source="#562350d5-9781-79c3-4df7-caefa32578d6-mesh-normals" offset="1"/>
          <input semantic="TEXCOORD" source="#562350d5-9781-79c3-4df7-caefa32578d6-mesh-map-0" offset="2" set="0"/>
          <vcount>4 4 4 4 4</vcount>
          <p>3 0 3 6 0 2 4 0 1 1 0 0 2 1 7 3 1 6 1 1 5 0 1 4 7 2 11 2 2 10 0 2 9 5 2 8 6 3 15 7 3 14 5 3 13 4 3 12 6 4 19 3 4 18 2 4 17 7 4 16</p>
        </polylist>
      </mesh>
    </geometry>
    <geometry id="5d884c13-0cb7-4a00-5c07-07b9982ab30d-mesh" name="cube">
      <mesh>
        <source id="5d884c13-0cb7-4a00-5c07-07b9982ab30d-mesh-positions">
          <float_array id="5d884c13-0cb7-4a00-5c07-07b9982ab30d-mesh-positions-array" count="24">-0.03125 0.21875 0.125 -0.03125 0.21875 -0.125 -0.03125 0.03125 0.125 -0.03125 0.03125 -0.125 -0.15625 0.21875 -0.125 -0.15625 0.21875 0.125 -0.15625 0.03125 -0.125 -0.15625 0.03125 0.125</float_array>
          <technique_common>
            <accessor source="#5d884c13-0cb7-4a00-5c07-07b9982ab30d-mesh-positions-array" count="8" stride="3">
              <param name="X" type="float"/>
              <param name="Y" type="float"/>
              <param name="Z" type="float"/>
            </accessor>
          </technique_common>
        </source>
        <source id="5d884c13-0cb7-4a00-5c07-07b9982ab30d-mesh-normals">
          <float_array id="5d884c13-0cb7-4a00-5c07-07b9982ab30d-mesh-normals-array" count="18">0 0 -1 1 0 0 0 0 1 -1 0 0 0 1 0 0 -1 0</float_array>
          <technique_common>
            <accessor source="#5d884c13-0cb7-4a00-5c07-07b9982ab30d-mesh-normals-array" count="6" stride="3">
              <param name="X" type="float"/>
              <param name="Y" type="float"/>
              <param name="Z" type="float"/>
            </accessor>
          </technique_common>
        </source>
        <source id="5d884c13-0cb7-4a00-5c07-07b9982ab30d-mesh-map-0">
          <float_array id="5d884c13-0cb7-4a00-5c07-07b9982ab30d-mesh-map-0-array" count="48">0.875 0.1875 0.90625 0.1875 0.90625 0.140625 0.875 0.140625 0.78125 0.90625 0.84375 0.90625 0.84375 0.859375 0.78125 0.859375 0.875 0.140625 0.90625 0.140625 0.90625 0.09375 0.875 0.09375 0.421875 0.21875 0.484375 0.21875 0.484375 0.171875 0.421875 0.171875 0.671875 0.09375 0.640625 0.09375 0.640625 0.15625 0.671875 0.15625 0.8125 0.15625 0.78125 0.15625 0.78125 0.09375 0.8125 0.09375</float_array>
          <technique_common>
            <accessor source="#5d884c13-0cb7-4a00-5c07-07b9982ab30d-mesh-map-0-array" count="24" stride="2">
              <param name="S" type="float"/>
              <param name="T" type="float"/>
            </accessor>
          </technique_common>
        </source>
        <vertices id="5d884c13-0cb7-4a00-5c07-07b9982ab30d-mesh-vertices">
          <input semantic="POSITION" source="#5d884c13-0cb7-4a00-5c07-07b9982ab30d-mesh-positions"/>
        </vertices>
        <polylist material="Material_0-material" count="6">
          <input semantic="VERTEX" source="#5d884c13-0cb7-4a00-5c07-07b9982ab30d-mesh-vertices" offset="0"/>
          <input semantic="NORMAL" source="#5d884c13-0cb7-4a00-5c07-07b9982ab30d-mesh-normals" offset="1"/>
          <input semantic="TEXCOORD" source="#5d884c13-0cb7-4a00-5c07-07b9982ab30d-mesh-map-0" offset="2" set="0"/>
          <vcount>4 4 4 4 4 4</vcount>
          <p>3 0 3 6 0 2 4 0 1 1 0 0 2 1 7 3 1 6 1 1 5 0 1 4 7 2 11 2 2 10 0 2 9 5 2 8 6 3 15 7 3 14 5 3 13 4 3 12 5 4 19 0 4 18 1 4 17 4 4 16 6 5 23 3 5 22 2 5 21 7 5 20</p>
        </polylist>
      </mesh>
    </geometry>
    <geometry id="8a9e7677-796a-a0df-aa69-04866d6bd05b-mesh" name="cube">
      <mesh>
        <source id="8a9e7677-796a-a0df-aa69-04866d6bd05b-mesh-positions">
          <float_array id="8a9e7677-796a-a0df-aa69-04866d6bd05b-mesh-positions-array" count="24">0.03125 0.375 -1.4375 0.03125 0.375 -2.0625 0.03125 0.25 -1.4375 0.03125 0.25 -2.0625 -0.09375 0.375 -2.0625 -0.09375 0.375 -1.4375 -0.09375 0.25 -2.0625 -0.09375 0.25 -1.4375</float_array>
          <technique_common>
            <accessor source="#8a9e7677-796a-a0df-aa69-04866d6bd05b-mesh-positions-array" count="8" stride="3">
              <param name="X" type="float"/>
              <param name="Y" type="float"/>
              <param name="Z" type="float"/>
            </accessor>
          </technique_common>
        </source>
        <source id="8a9e7677-796a-a0df-aa69-04866d6bd05b-mesh-normals">
          <float_array id="8a9e7677-796a-a0df-aa69-04866d6bd05b-mesh-normals-array" count="15">0 0 -1 1 0 0 -1 0 0 0 1 0 0 -1 0</float_array>
          <technique_common>
            <accessor source="#8a9e7677-796a-a0df-aa69-04866d6bd05b-mesh-normals-array" count="5" stride="3">
              <param name="X" type="float"/>
              <param name="Y" type="float"/>
              <param name="Z" type="float"/>
            </accessor>
          </technique_common>
        </source>
        <source id="8a9e7677-796a-a0df-aa69-04866d6bd05b-mesh-map-0">
          <float_array id="8a9e7677-796a-a0df-aa69-04866d6bd05b-mesh-map-0-array" count="40">0.84375 0.109375 0.875 0.109375 0.875 0.078125 0.84375 0.078125 0.640625 0.8125 0.796875 0.8125 0.796875 0.78125 0.640625 0.78125 0.640625 0.78125 0.796875 0.78125 0.796875 0.75 0.640625 0.75 0.46875 0.265625 0.4375 0.265625 0.4375 0.421875 0.46875 0.421875 0.03125 0.40625 0 0.40625 0 0.25 0.03125 0.25</float_array>
          <technique_common>
            <accessor source="#8a9e7677-796a-a0df-aa69-04866d6bd05b-mesh-map-0-array" count="20" stride="2">
              <param name="S" type="float"/>
              <param name="T" type="float"/>
            </accessor>
          </technique_common>
        </source>
        <vertices id="8a9e7677-796a-a0df-aa69-04866d6bd05b-mesh-vertices">
          <input semantic="POSITION" source="#8a9e7677-796a-a0df-aa69-04866d6bd05b-mesh-positions"/>
        </vertices>
        <polylist material="Material_0-material" count="6">
          <input semantic="VERTEX" source="#8a9e7677-796a-a0df-aa69-04866d6bd05b-mesh-vertices" offset="0"/>
          <input semantic="NORMAL" source="#8a9e7677-796a-a0df-aa69-04866d6bd05b-mesh-normals" offset="1"/>
          <input semantic="TEXCOORD" source="#8a9e7677-796a-a0df-aa69-04866d6bd05b-mesh-map-0" offset="2" set="0"/>
          <vcount>4 4 4 4 4</vcount>
          <p>3 0 3 6 0 2 4 0 1 1 0 0 2 1 7 3 1 6 1 1 5 0 1 4 6 2 11 7 2 10 5 2 9 4 2 8 5 3 15 0 3 14 1 3 13 4 3 12 6 4 19 3 4 18 2 4 17 7 4 16</p>
        </polylist>
      </mesh>
    </geometry>
    <geometry id="ed27e8be-c59f-1d1a-818f-75d238efc73b-mesh" name="cube">
      <mesh>
        <source id="ed27e8be-c59f-1d1a-818f-75d238efc73b-mesh-positions">
          <float_array id="ed27e8be-c59f-1d1a-818f-75d238efc73b-mesh-positions-array" count="24">0.189063 0.814062 -0.685937 0.189063 0.814062 -1.001562 0.189063 0.685938 -0.685937 0.189063 0.685938 -1.001562 -0.064063 0.814062 -1.001562 -0.064063 0.814062 -0.685937 -0.064063 0.685938 -1.001562 -0.064063 0.685938 -0.685937</float_array>
          <technique_common>
            <accessor source="#ed27e8be-c59f-1d1a-818f-75d238efc73b-mesh-positions-array" count="8" stride="3">
              <param name="X" type="float"/>
              <param name="Y" type="float"/>
              <param name="Z" type="float"/>
            </accessor>
          </technique_common>
        </source>
        <source id="ed27e8be-c59f-1d1a-818f-75d238efc73b-mesh-normals">
          <float_array id="ed27e8be-c59f-1d1a-818f-75d238efc73b-mesh-normals-array" count="15">0 0 -1 1 0 0 -1 0 0 0 1 0 0 -1 0</float_array>
          <technique_common>
            <accessor source="#ed27e8be-c59f-1d1a-818f-75d238efc73b-mesh-normals-array" count="5" stride="3">
              <param name="X" type="float"/>
              <param name="Y" type="float"/>
              <param name="Z" type="float"/>
            </accessor>
          </technique_common>
        </source>
        <source id="ed27e8be-c59f-1d1a-818f-75d238efc73b-mesh-map-0">
          <float_array id="ed27e8be-c59f-1d1a-818f-75d238efc73b-mesh-map-0-array" count="40">0.40625 0.140625 0.46875 0.140625 0.46875 0.109375 0.40625 0.109375 0.8125 0.671875 0.890625 0.671875 0.890625 0.640625 0.8125 0.640625 0.828125 0.859375 0.90625 0.859375 0.90625 0.828125 0.828125 0.828125 0.703125 0.546875 0.640625 0.546875 0.640625 0.625 0.703125 0.625 0.71875 1 0.65625 1 0.65625 0.921875 0.71875 0.921875</float_array>
          <technique_common>
            <accessor source="#ed27e8be-c59f-1d1a-818f-75d238efc73b-mesh-map-0-array" count="20" stride="2">
              <param name="S" type="float"/>
              <param name="T" type="float"/>
            </accessor>
          </technique_common>
        </source>
        <vertices id="ed27e8be-c59f-1d1a-818f-75d238efc73b-mesh-vertices">
          <input semantic="POSITION" source="#ed27e8be-c59f-1d1a-818f-75d238efc73b-mesh-positions"/>
        </vertices>
        <polylist material="Material_0-material" count="6">
          <input semantic="VERTEX" source="#ed27e8be-c59f-1d1a-818f-75d238efc73b-mesh-vertices" offset="0"/>
          <input semantic="NORMAL" source="#ed27e8be-c59f-1d1a-818f-75d238efc73b-mesh-normals" offset="1"/>
          <input semantic="TEXCOORD" source="#ed27e8be-c59f-1d1a-818f-75d238efc73b-mesh-map-0" offset="2" set="0"/>
          <vcount>4 4 4 4 4</vcount>
          <p>3 0 3 6 0 2 4 0 1 1 0 0 2 1 7 3 1 6 1 1 5 0 1 4 6 2 11 7 2 10 5 2 9 4 2 8 5 3 15 0 3 14 1 3 13 4 3 12 6 4 19 3 4 18 2 4 17 7 4 16</p>
        </polylist>
      </mesh>
    </geometry>
    <geometry id="a6fdd04b-4c32-799c-126c-2ea6d412f12e-mesh" name="cube">
      <mesh>
        <source id="a6fdd04b-4c32-799c-126c-2ea6d412f12e-mesh-positions">
          <float_array id="a6fdd04b-4c32-799c-126c-2ea6d412f12e-mesh-positions-array" count="24">0.189063 0.814062 -0.685937 0.189063 0.814062 -0.814062 0.189063 0.623438 -0.685937 0.189063 0.623438 -0.814062 -0.001563 0.814062 -0.814062 -0.001563 0.814062 -0.685937 -0.001563 0.623438 -0.814062 -0.001563 0.623438 -0.685937</float_array>
          <technique_common>
            <accessor source="#a6fdd04b-4c32-799c-126c-2ea6d412f12e-mesh-positions-array" count="8" stride="3">
              <param name="X" type="float"/>
              <param name="Y" type="float"/>
              <param name="Z" type="float"/>
            </accessor>
          </technique_common>
        </source>
        <source id="a6fdd04b-4c32-799c-126c-2ea6d412f12e-mesh-normals">
          <float_array id="a6fdd04b-4c32-799c-126c-2ea6d412f12e-mesh-normals-array" count="15">0 0 -1 1 0 0 0 0 1 -1 0 0 0 -1 0</float_array>
          <technique_common>
            <accessor source="#a6fdd04b-4c32-799c-126c-2ea6d412f12e-mesh-normals-array" count="5" stride="3">
              <param name="X" type="float"/>
              <param name="Y" type="float"/>
              <param name="Z" type="float"/>
            </accessor>
          </technique_common>
        </source>
        <source id="a6fdd04b-4c32-799c-126c-2ea6d412f12e-mesh-map-0">
          <float_array id="a6fdd04b-4c32-799c-126c-2ea6d412f12e-mesh-map-0-array" count="40">0.84375 1 0.890625 1 0.890625 0.953125 0.84375 0.953125 0 0.109375 0.03125 0.109375 0.03125 0.0625 0 0.0625 0.84375 0.953125 0.890625 0.953125 0.890625 0.90625 0.84375 0.90625 0.890625 1 0.921875 1 0.921875 0.953125 0.890625 0.953125 0.9375 0.953125 0.890625 0.953125 0.890625 0.921875 0.9375 0.921875</float_array>
          <technique_common>
            <accessor source="#a6fdd04b-4c32-799c-126c-2ea6d412f12e-mesh-map-0-array" count="20" stride="2">
              <param name="S" type="float"/>
              <param name="T" type="float"/>
            </accessor>
          </technique_common>
        </source>
        <vertices id="a6fdd04b-4c32-799c-126c-2ea6d412f12e-mesh-vertices">
          <input semantic="POSITION" source="#a6fdd04b-4c32-799c-126c-2ea6d412f12e-mesh-positions"/>
        </vertices>
        <polylist material="Material_0-material" count="6">
          <input semantic="VERTEX" source="#a6fdd04b-4c32-799c-126c-2ea6d412f12e-mesh-vertices" offset="0"/>
          <input semantic="NORMAL" source="#a6fdd04b-4c32-799c-126c-2ea6d412f12e-mesh-normals" offset="1"/>
          <input semantic="TEXCOORD" source="#a6fdd04b-4c32-799c-126c-2ea6d412f12e-mesh-map-0" offset="2" set="0"/>
          <vcount>4 4 4 4 4</vcount>
          <p>3 0 3 6 0 2 4 0 1 1 0 0 2 1 7 3 1 6 1 1 5 0 1 4 7 2 11 2 2 10 0 2 9 5 2 8 6 3 15 7 3 14 5 3 13 4 3 12 6 4 19 3 4 18 2 4 17 7 4 16</p>
        </polylist>
      </mesh>
    </geometry>
    <geometry id="49ea1321-c64a-94e0-fcb6-57504c25f1b7-mesh" name="cube">
      <mesh>
        <source id="49ea1321-c64a-94e0-fcb6-57504c25f1b7-mesh-positions">
          <float_array id="49ea1321-c64a-94e0-fcb6-57504c25f1b7-mesh-positions-array" count="24">0.189063 0.939062 -0.685938 0.189063 0.939062 -0.814062 0.189063 0.623438 -0.685938 0.189063 0.623438 -0.814062 -0.001563 0.939062 -0.814062 -0.001563 0.939062 -0.685938 -0.001563 0.623438 -0.814062 -0.001563 0.623438 -0.685938</float_array>
          <technique_common>
            <accessor source="#49ea1321-c64a-94e0-fcb6-57504c25f1b7-mesh-positions-array" count="8" stride="3">
              <param name="X" type="float"/>
              <param name="Y" type="float"/>
              <param name="Z" type="float"/>
            </accessor>
          </technique_common>
        </source>
        <source id="49ea1321-c64a-94e0-fcb6-57504c25f1b7-mesh-normals">
          <float_array id="49ea1321-c64a-94e0-fcb6-57504c25f1b7-mesh-normals-array" count="18">0 0 -1 1 0 0 0 0 1 -1 0 0 0 1 0 0 -1 0</float_array>
          <technique_common>
            <accessor source="#49ea1321-c64a-94e0-fcb6-57504c25f1b7-mesh-normals-array" count="6" stride="3">
              <param name="X" type="float"/>
              <param name="Y" type="float"/>
              <param name="Z" type="float"/>
            </accessor>
          </technique_common>
        </source>
        <source id="49ea1321-c64a-94e0-fcb6-57504c25f1b7-mesh-map-0">
          <float_array id="49ea1321-c64a-94e0-fcb6-57504c25f1b7-mesh-map-0-array" count="48">0.75 0.25 0.796875 0.25 0.796875 0.171875 0.75 0.171875 0.375 0.1875 0.40625 0.1875 0.40625 0.109375 0.375 0.109375 0 0.234375 0.046875 0.234375 0.046875 0.15625 0 0.15625 0.609375 0.1875 0.640625 0.1875 0.640625 0.109375 0.609375 0.109375 0.9375 0.890625 0.890625 0.890625 0.890625 0.921875 0.9375 0.921875 0.140625 0.109375 0.09375 0.109375 0.09375 0.078125 0.140625 0.078125</float_array>
          <technique_common>
            <accessor source="#49ea1321-c64a-94e0-fcb6-57504c25f1b7-mesh-map-0-array" count="24" stride="2">
              <param name="S" type="float"/>
              <param name="T" type="float"/>
            </accessor>
          </technique_common>
        </source>
        <vertices id="49ea1321-c64a-94e0-fcb6-57504c25f1b7-mesh-vertices">
          <input semantic="POSITION" source="#49ea1321-c64a-94e0-fcb6-57504c25f1b7-mesh-positions"/>
        </vertices>
        <polylist material="Material_0-material" count="6">
          <input semantic="VERTEX" source="#49ea1321-c64a-94e0-fcb6-57504c25f1b7-mesh-vertices" offset="0"/>
          <input semantic="NORMAL" source="#49ea1321-c64a-94e0-fcb6-57504c25f1b7-mesh-normals" offset="1"/>
          <input semantic="TEXCOORD" source="#49ea1321-c64a-94e0-fcb6-57504c25f1b7-mesh-map-0" offset="2" set="0"/>
          <vcount>4 4 4 4 4 4</vcount>
          <p>3 0 3 6 0 2 4 0 1 1 0 0 2 1 7 3 1 6 1 1 5 0 1 4 7 2 11 2 2 10 0 2 9 5 2 8 6 3 15 7 3 14 5 3 13 4 3 12 5 4 19 0 4 18 1 4 17 4 4 16 6 5 23 3 5 22 2 5 21 7 5 20</p>
        </polylist>
      </mesh>
    </geometry>
    <geometry id="59a6e24b-c49e-f671-88e6-63169ecc66c3-mesh" name="cube">
      <mesh>
        <source id="59a6e24b-c49e-f671-88e6-63169ecc66c3-mesh-positions">
          <float_array id="59a6e24b-c49e-f671-88e6-63169ecc66c3-mesh-positions-array" count="24">0.220313 0.689062 -0.685937 0.220313 0.689062 -0.814062 0.220313 0.560938 -0.685937 0.220313 0.560938 -0.814062 -0.095313 0.689062 -0.814062 -0.095313 0.689062 -0.685937 -0.095313 0.560938 -0.814062 -0.095313 0.560938 -0.685937</float_array>
          <technique_common>
            <accessor source="#59a6e24b-c49e-f671-88e6-63169ecc66c3-mesh-positions-array" count="8" stride="3">
              <param name="X" type="float"/>
              <param name="Y" type="float"/>
              <param name="Z" type="float"/>
            </accessor>
          </technique_common>
        </source>
        <source id="59a6e24b-c49e-f671-88e6-63169ecc66c3-mesh-normals">
          <float_array id="59a6e24b-c49e-f671-88e6-63169ecc66c3-mesh-normals-array" count="18">0 0 -1 1 0 0 0 0 1 -1 0 0 0 1 0 0 -1 0</float_array>
          <technique_common>
            <accessor source="#59a6e24b-c49e-f671-88e6-63169ecc66c3-mesh-normals-array" count="6" stride="3">
              <param name="X" type="float"/>
              <param name="Y" type="float"/>
              <param name="Z" type="float"/>
            </accessor>
          </technique_common>
        </source>
        <source id="59a6e24b-c49e-f671-88e6-63169ecc66c3-mesh-map-0">
          <float_array id="59a6e24b-c49e-f671-88e6-63169ecc66c3-mesh-map-0-array" count="48">0.828125 0.75 0.90625 0.75 0.90625 0.71875 0.828125 0.71875 0.90625 0.859375 0.9375 0.859375 0.9375 0.828125 0.90625 0.828125 0.40625 0.171875 0.484375 0.171875 0.484375 0.140625 0.40625 0.140625 0.90625 0.765625 0.9375 0.765625 0.9375 0.734375 0.90625 0.734375 0.90625 0.421875 0.828125 0.421875 0.828125 0.453125 0.90625 0.453125 0.90625 0.421875 0.828125 0.421875 0.828125 0.390625 0.90625 0.390625</float_array>
          <technique_common>
            <accessor source="#59a6e24b-c49e-f671-88e6-63169ecc66c3-mesh-map-0-array" count="24" stride="2">
              <param name="S" type="float"/>
              <param name="T" type="float"/>
            </accessor>
          </technique_common>
        </source>
        <vertices id="59a6e24b-c49e-f671-88e6-63169ecc66c3-mesh-vertices">
          <input semantic="POSITION" source="#59a6e24b-c49e-f671-88e6-63169ecc66c3-mesh-positions"/>
        </vertices>
        <polylist material="Material_0-material" count="6">
          <input semantic="VERTEX" source="#59a6e24b-c49e-f671-88e6-63169ecc66c3-mesh-vertices" offset="0"/>
          <input semantic="NORMAL" source="#59a6e24b-c49e-f671-88e6-63169ecc66c3-mesh-normals" offset="1"/>
          <input semantic="TEXCOORD" source="#59a6e24b-c49e-f671-88e6-63169ecc66c3-mesh-map-0" offset="2" set="0"/>
          <vcount>4 4 4 4 4 4</vcount>
          <p>3 0 3 6 0 2 4 0 1 1 0 0 2 1 7 3 1 6 1 1 5 0 1 4 7 2 11 2 2 10 0 2 9 5 2 8 6 3 15 7 3 14 5 3 13 4 3 12 5 4 19 0 4 18 1 4 17 4 4 16 6 5 23 3 5 22 2 5 21 7 5 20</p>
        </polylist>
      </mesh>
    </geometry>
    <geometry id="9d16d82a-b988-212e-a131-2832d27c81db-mesh" name="cube">
      <mesh>
        <source id="9d16d82a-b988-212e-a131-2832d27c81db-mesh-positions">
          <float_array id="9d16d82a-b988-212e-a131-2832d27c81db-mesh-positions-array" count="24">0.109375 0.453125 1.15625 0.109375 0.453125 1.0625 0.109375 -0.234375 1.15625 0.109375 -0.234375 1.0625 -0.109375 0.453125 1.0625 -0.109375 0.453125 1.15625 -0.109375 -0.234375 1.0625 -0.109375 -0.234375 1.15625</float_array>
          <technique_common>
            <accessor source="#9d16d82a-b988-212e-a131-2832d27c81db-mesh-positions-array" count="8" stride="3">
              <param name="X" type="float"/>
              <param name="Y" type="float"/>
              <param name="Z" type="float"/>
            </accessor>
          </technique_common>
        </source>
        <source id="9d16d82a-b988-212e-a131-2832d27c81db-mesh-normals">
          <float_array id="9d16d82a-b988-212e-a131-2832d27c81db-mesh-normals-array" count="15">1 0 0 0 0 1 -1 0 0 0 1 0 0 -1 0</float_array>
          <technique_common>
            <accessor source="#9d16d82a-b988-212e-a131-2832d27c81db-mesh-normals-array" count="5" stride="3">
              <param name="X" type="float"/>
              <param name="Y" type="float"/>
              <param name="Z" type="float"/>
            </accessor>
          </technique_common>
        </source>
        <source id="9d16d82a-b988-212e-a131-2832d27c81db-mesh-map-0">
          <float_array id="9d16d82a-b988-212e-a131-2832d27c81db-mesh-map-0-array" count="40">0.59375 0.234375 0.609375 0.234375 0.609375 0.070313 0.59375 0.070313 0.515625 0.625 0.5625 0.625 0.5625 0.460938 0.515625 0.460938 0.484375 0.21875 0.5 0.21875 0.5 0.054688 0.484375 0.054688 0.765625 0.484375 0.71875 0.484375 0.71875 0.5 0.765625 0.5 0.875 0.71875 0.828125 0.71875 0.828125 0.703125 0.875 0.703125</float_array>
          <technique_common>
            <accessor source="#9d16d82a-b988-212e-a131-2832d27c81db-mesh-map-0-array" count="20" stride="2">
              <param name="S" type="float"/>
              <param name="T" type="float"/>
            </accessor>
          </technique_common>
        </source>
        <vertices id="9d16d82a-b988-212e-a131-2832d27c81db-mesh-vertices">
          <input semantic="POSITION" source="#9d16d82a-b988-212e-a131-2832d27c81db-mesh-positions"/>
        </vertices>
        <polylist material="Material_0-material" count="6">
          <input semantic="VERTEX" source="#9d16d82a-b988-212e-a131-2832d27c81db-mesh-vertices" offset="0"/>
          <input semantic="NORMAL" source="#9d16d82a-b988-212e-a131-2832d27c81db-mesh-normals" offset="1"/>
          <input semantic="TEXCOORD" source="#9d16d82a-b988-212e-a131-2832d27c81db-mesh-map-0" offset="2" set="0"/>
          <vcount>4 4 4 4 4</vcount>
          <p>2 0 3 3 0 2 1 0 1 0 0 0 7 1 7 2 1 6 0 1 5 5 1 4 6 2 11 7 2 10 5 2 9 4 2 8 5 3 15 0 3 14 1 3 13 4 3 12 6 4 19 3 4 18 2 4 17 7 4 16</p>
        </polylist>
      </mesh>
    </geometry>
    <geometry id="9d477559-5352-0ac7-f87d-f5de86ce6348-mesh" name="cube">
      <mesh>
        <source id="9d477559-5352-0ac7-f87d-f5de86ce6348-mesh-positions">
          <float_array id="9d477559-5352-0ac7-f87d-f5de86ce6348-mesh-positions-array" count="24">0.125 0.4375 0.5 0.125 0.4375 0.25 0.125 -0.125 0.5 0.125 -0.125 0.25 0 0.4375 0.25 0 0.4375 0.5 0 -0.125 0.25 0 -0.125 0.5</float_array>
          <technique_common>
            <accessor source="#9d477559-5352-0ac7-f87d-f5de86ce6348-mesh-positions-array" count="8" stride="3">
              <param name="X" type="float"/>
              <param name="Y" type="float"/>
              <param name="Z" type="float"/>
            </accessor>
          </technique_common>
        </source>
        <source id="9d477559-5352-0ac7-f87d-f5de86ce6348-mesh-normals">
          <float_array id="9d477559-5352-0ac7-f87d-f5de86ce6348-mesh-normals-array" count="12">0 0 -1 1 0 0 0 0 1 -1 0 0</float_array>
          <technique_common>
            <accessor source="#9d477559-5352-0ac7-f87d-f5de86ce6348-mesh-normals-array" count="4" stride="3">
              <param name="X" type="float"/>
              <param name="Y" type="float"/>
              <param name="Z" type="float"/>
            </accessor>
          </technique_common>
        </source>
        <source id="9d477559-5352-0ac7-f87d-f5de86ce6348-mesh-map-0">
          <float_array id="9d477559-5352-0ac7-f87d-f5de86ce6348-mesh-map-0-array" count="32">0.0625 0.5 0.09375 0.5 0.09375 0.359375 0.0625 0.359375 0.3125 0.609375 0.375 0.609375 0.375 0.46875 0.3125 0.46875 0.578125 0.375 0.609375 0.375 0.609375 0.234375 0.578125 0.234375 0.375 0.609375 0.4375 0.609375 0.4375 0.46875 0.375 0.46875</float_array>
          <technique_common>
            <accessor source="#9d477559-5352-0ac7-f87d-f5de86ce6348-mesh-map-0-array" count="16" stride="2">
              <param name="S" type="float"/>
              <param name="T" type="float"/>
            </accessor>
          </technique_common>
        </source>
        <vertices id="9d477559-5352-0ac7-f87d-f5de86ce6348-mesh-vertices">
          <input semantic="POSITION" source="#9d477559-5352-0ac7-f87d-f5de86ce6348-mesh-positions"/>
        </vertices>
        <polylist material="Material_0-material" count="6">
          <input semantic="VERTEX" source="#9d477559-5352-0ac7-f87d-f5de86ce6348-mesh-vertices" offset="0"/>
          <input semantic="NORMAL" source="#9d477559-5352-0ac7-f87d-f5de86ce6348-mesh-normals" offset="1"/>
          <input semantic="TEXCOORD" source="#9d477559-5352-0ac7-f87d-f5de86ce6348-mesh-map-0" offset="2" set="0"/>
          <vcount>4 4 4 4</vcount>
          <p>3 0 3 6 0 2 4 0 1 1 0 0 2 1 7 3 1 6 1 1 5 0 1 4 7 2 11 2 2 10 0 2 9 5 2 8 6 3 15 7 3 14 5 3 13 4 3 12</p>
        </polylist>
      </mesh>
    </geometry>
    <geometry id="38f4c4f6-316d-ff34-4ceb-bab386210ef4-mesh" name="cube">
      <mesh>
        <source id="38f4c4f6-316d-ff34-4ceb-bab386210ef4-mesh-positions">
          <float_array id="38f4c4f6-316d-ff34-4ceb-bab386210ef4-mesh-positions-array" count="24">0.06375 0.298125 -0.2175 0.06375 0.298125 -0.2825 0.06375 0.108125 -0.2175 0.06375 0.108125 -0.2825 -0.06375 0.298125 -0.2825 -0.06375 0.298125 -0.2175 -0.06375 0.108125 -0.2825 -0.06375 0.108125 -0.2175</float_array>
          <technique_common>
            <accessor source="#38f4c4f6-316d-ff34-4ceb-bab386210ef4-mesh-positions-array" count="8" stride="3">
              <param name="X" type="float"/>
              <param name="Y" type="float"/>
              <param name="Z" type="float"/>
            </accessor>
          </technique_common>
        </source>
        <source id="38f4c4f6-316d-ff34-4ceb-bab386210ef4-mesh-normals">
          <float_array id="38f4c4f6-316d-ff34-4ceb-bab386210ef4-mesh-normals-array" count="6">1 0 0 -1 0 0</float_array>
          <technique_common>
            <accessor source="#38f4c4f6-316d-ff34-4ceb-bab386210ef4-mesh-normals-array" count="2" stride="3">
              <param name="X" type="float"/>
              <param name="Y" type="float"/>
              <param name="Z" type="float"/>
            </accessor>
          </technique_common>
        </source>
        <source id="38f4c4f6-316d-ff34-4ceb-bab386210ef4-mesh-map-0">
          <float_array id="38f4c4f6-316d-ff34-4ceb-bab386210ef4-mesh-map-0-array" count="16">0.109375 0.28125 0.125 0.28125 0.125 0.234375 0.109375 0.234375 0.6875 0.21875 0.703125 0.21875 0.703125 0.171875 0.6875 0.171875</float_array>
          <technique_common>
            <accessor source="#38f4c4f6-316d-ff34-4ceb-bab386210ef4-mesh-map-0-array" count="8" stride="2">
              <param name="S" type="float"/>
              <param name="T" type="float"/>
            </accessor>
          </technique_common>
        </source>
        <vertices id="38f4c4f6-316d-ff34-4ceb-bab386210ef4-mesh-vertices">
          <input semantic="POSITION" source="#38f4c4f6-316d-ff34-4ceb-bab386210ef4-mesh-positions"/>
        </vertices>
        <polylist material="Material_0-material" count="6">
          <input semantic="VERTEX" source="#38f4c4f6-316d-ff34-4ceb-bab386210ef4-mesh-vertices" offset="0"/>
          <input semantic="NORMAL" source="#38f4c4f6-316d-ff34-4ceb-bab386210ef4-mesh-normals" offset="1"/>
          <input semantic="TEXCOORD" source="#38f4c4f6-316d-ff34-4ceb-bab386210ef4-mesh-map-0" offset="2" set="0"/>
          <vcount>4 4</vcount>
          <p>2 0 3 3 0 2 1 0 1 0 0 0 6 1 7 7 1 6 5 1 5 4 1 4</p>
        </polylist>
      </mesh>
    </geometry>
    <geometry id="8c69bd4c-9a29-b847-daea-cd2792aa8640-mesh" name="cube">
      <mesh>
        <source id="8c69bd4c-9a29-b847-daea-cd2792aa8640-mesh-positions">
          <float_array id="8c69bd4c-9a29-b847-daea-cd2792aa8640-mesh-positions-array" count="24">0.0625 0.0625 0.09375 0.0625 0.0625 -0.09375 0.0625 -0.1875 0.09375 0.0625 -0.1875 -0.09375 -0.0625 0.0625 -0.09375 -0.0625 0.0625 0.09375 -0.0625 -0.1875 -0.09375 -0.0625 -0.1875 0.09375</float_array>
          <technique_common>
            <accessor source="#8c69bd4c-9a29-b847-daea-cd2792aa8640-mesh-positions-array" count="8" stride="3">
              <param name="X" type="float"/>
              <param name="Y" type="float"/>
              <param name="Z" type="float"/>
            </accessor>
          </technique_common>
        </source>
        <source id="8c69bd4c-9a29-b847-daea-cd2792aa8640-mesh-normals">
          <float_array id="8c69bd4c-9a29-b847-daea-cd2792aa8640-mesh-normals-array" count="9">1 0 0 0 0 1 -1 0 0</float_array>
          <technique_common>
            <accessor source="#8c69bd4c-9a29-b847-daea-cd2792aa8640-mesh-normals-array" count="3" stride="3">
              <param name="X" type="float"/>
              <param name="Y" type="float"/>
              <param name="Z" type="float"/>
            </accessor>
          </technique_common>
        </source>
        <source id="8c69bd4c-9a29-b847-daea-cd2792aa8640-mesh-map-0">
          <float_array id="8c69bd4c-9a29-b847-daea-cd2792aa8640-mesh-map-0-array" count="24">0.640625 0.21875 0.6875 0.21875 0.6875 0.15625 0.640625 0.15625 0.046875 0.140625 0.078125 0.140625 0.078125 0.078125 0.046875 0.078125 0.78125 0.359375 0.828125 0.359375 0.828125 0.296875 0.78125 0.296875</float_array>
          <technique_common>
            <accessor source="#8c69bd4c-9a29-b847-daea-cd2792aa8640-mesh-map-0-array" count="12" stride="2">
              <param name="S" type="float"/>
              <param name="T" type="float"/>
            </accessor>
          </technique_common>
        </source>
        <vertices id="8c69bd4c-9a29-b847-daea-cd2792aa8640-mesh-vertices">
          <input semantic="POSITION" source="#8c69bd4c-9a29-b847-daea-cd2792aa8640-mesh-positions"/>
        </vertices>
        <polylist material="Material_0-material" count="6">
          <input semantic="VERTEX" source="#8c69bd4c-9a29-b847-daea-cd2792aa8640-mesh-vertices" offset="0"/>
          <input semantic="NORMAL" source="#8c69bd4c-9a29-b847-daea-cd2792aa8640-mesh-normals" offset="1"/>
          <input semantic="TEXCOORD" source="#8c69bd4c-9a29-b847-daea-cd2792aa8640-mesh-map-0" offset="2" set="0"/>
          <vcount>4 4 4</vcount>
          <p>2 0 3 3 0 2 1 0 1 0 0 0 7 1 7 2 1 6 0 1 5 5 1 4 6 2 11 7 2 10 5 2 9 4 2 8</p>
        </polylist>
      </mesh>
    </geometry>
    <geometry id="c5764f60-116e-fad4-3301-1a7d97da74d6-mesh" name="cube">
      <mesh>
        <source id="c5764f60-116e-fad4-3301-1a7d97da74d6-mesh-positions">
          <float_array id="c5764f60-116e-fad4-3301-1a7d97da74d6-mesh-positions-array" count="24">0.03125 0.40625 1.8125 0.03125 0.40625 0.375 0.03125 0.21875 1.8125 0.03125 0.21875 0.375 -0.09375 0.40625 0.375 -0.09375 0.40625 1.8125 -0.09375 0.21875 0.375 -0.09375 0.21875 1.8125</float_array>
          <technique_common>
            <accessor source="#c5764f60-116e-fad4-3301-1a7d97da74d6-mesh-positions-array" count="8" stride="3">
              <param name="X" type="float"/>
              <param name="Y" type="float"/>
              <param name="Z" type="float"/>
            </accessor>
          </technique_common>
        </source>
        <source id="c5764f60-116e-fad4-3301-1a7d97da74d6-mesh-normals">
          <float_array id="c5764f60-116e-fad4-3301-1a7d97da74d6-mesh-normals-array" count="12">1 0 0 -1 0 0 0 1 0 0 -1 0</float_array>
          <technique_common>
            <accessor source="#c5764f60-116e-fad4-3301-1a7d97da74d6-mesh-normals-array" count="4" stride="3">
              <param name="X" type="float"/>
              <param name="Y" type="float"/>
              <param name="Z" type="float"/>
            </accessor>
          </technique_common>
        </source>
        <source id="c5764f60-116e-fad4-3301-1a7d97da74d6-mesh-map-0">
          <float_array id="c5764f60-116e-fad4-3301-1a7d97da74d6-mesh-map-0-array" count="32">0 1 0.359375 1 0.359375 0.953125 0 0.953125 0 0.953125 0.359375 0.953125 0.359375 0.90625 0 0.90625 0.125 0.359375 0.09375 0.359375 0.09375 0.71875 0.125 0.71875 0.15625 0.71875 0.125 0.71875 0.125 0.359375 0.15625 0.359375</float_array>
          <technique_common>
            <accessor source="#c5764f60-116e-fad4-3301-1a7d97da74d6-mesh-map-0-array" count="16" stride="2">
              <param name="S" type="float"/>
              <param name="T" type="float"/>
            </accessor>
          </technique_common>
        </source>
        <vertices id="c5764f60-116e-fad4-3301-1a7d97da74d6-mesh-vertices">
          <input semantic="POSITION" source="#c5764f60-116e-fad4-3301-1a7d97da74d6-mesh-positions"/>
        </vertices>
        <polylist material="Material_0-material" count="6">
          <input semantic="VERTEX" source="#c5764f60-116e-fad4-3301-1a7d97da74d6-mesh-vertices" offset="0"/>
          <input semantic="NORMAL" source="#c5764f60-116e-fad4-3301-1a7d97da74d6-mesh-normals" offset="1"/>
          <input semantic="TEXCOORD" source="#c5764f60-116e-fad4-3301-1a7d97da74d6-mesh-map-0" offset="2" set="0"/>
          <vcount>4 4 4 4</vcount>
          <p>2 0 3 3 0 2 1 0 1 0 0 0 6 1 7 7 1 6 5 1 5 4 1 4 5 2 11 0 2 10 1 2 9 4 2 8 6 3 15 3 3 14 2 3 13 7 3 12</p>
        </polylist>
      </mesh>
    </geometry>
    <geometry id="6dd577a5-019f-2a85-e1a9-55a3c9b37893-mesh" name="cube">
      <mesh>
        <source id="6dd577a5-019f-2a85-e1a9-55a3c9b37893-mesh-positions">
          <float_array id="6dd577a5-019f-2a85-e1a9-55a3c9b37893-mesh-positions-array" count="24">0.0625 0.4375 0.5625 0.0625 0.4375 0.3125 0.0625 0.1875 0.5625 0.0625 0.1875 0.3125 -0.125 0.4375 0.3125 -0.125 0.4375 0.5625 -0.125 0.1875 0.3125 -0.125 0.1875 0.5625</float_array>
          <technique_common>
            <accessor source="#6dd577a5-019f-2a85-e1a9-55a3c9b37893-mesh-positions-array" count="8" stride="3">
              <param name="X" type="float"/>
              <param name="Y" type="float"/>
              <param name="Z" type="float"/>
            </accessor>
          </technique_common>
        </source>
        <source id="6dd577a5-019f-2a85-e1a9-55a3c9b37893-mesh-normals">
          <float_array id="6dd577a5-019f-2a85-e1a9-55a3c9b37893-mesh-normals-array" count="15">1 0 0 0 0 1 -1 0 0 0 1 0 0 -1 0</float_array>
          <technique_common>
            <accessor source="#6dd577a5-019f-2a85-e1a9-55a3c9b37893-mesh-normals-array" count="5" stride="3">
              <param name="X" type="float"/>
              <param name="Y" type="float"/>
              <param name="Z" type="float"/>
            </accessor>
          </technique_common>
        </source>
        <source id="6dd577a5-019f-2a85-e1a9-55a3c9b37893-mesh-map-0">
          <float_array id="6dd577a5-019f-2a85-e1a9-55a3c9b37893-mesh-map-0-array" count="40">0.6875 0.75 0.75 0.75 0.75 0.6875 0.6875 0.6875 0.046875 0.203125 0.09375 0.203125 0.09375 0.140625 0.046875 0.140625 0.234375 0.296875 0.296875 0.296875 0.296875 0.234375 0.234375 0.234375 0.84375 0.75 0.796875 0.75 0.796875 0.8125 0.84375 0.8125 0.84375 0.578125 0.796875 0.578125 0.796875 0.515625 0.84375 0.515625</float_array>
          <technique_common>
            <accessor source="#6dd577a5-019f-2a85-e1a9-55a3c9b37893-mesh-map-0-array" count="20" stride="2">
              <param name="S" type="float"/>
              <param name="T" type="float"/>
            </accessor>
          </technique_common>
        </source>
        <vertices id="6dd577a5-019f-2a85-e1a9-55a3c9b37893-mesh-vertices">
          <input semantic="POSITION" source="#6dd577a5-019f-2a85-e1a9-55a3c9b37893-mesh-positions"/>
        </vertices>
        <polylist material="Material_0-material" count="6">
          <input semantic="VERTEX" source="#6dd577a5-019f-2a85-e1a9-55a3c9b37893-mesh-vertices" offset="0"/>
          <input semantic="NORMAL" source="#6dd577a5-019f-2a85-e1a9-55a3c9b37893-mesh-normals" offset="1"/>
          <input semantic="TEXCOORD" source="#6dd577a5-019f-2a85-e1a9-55a3c9b37893-mesh-map-0" offset="2" set="0"/>
          <vcount>4 4 4 4 4</vcount>
          <p>2 0 3 3 0 2 1 0 1 0 0 0 7 1 7 2 1 6 0 1 5 5 1 4 6 2 11 7 2 10 5 2 9 4 2 8 5 3 15 0 3 14 1 3 13 4 3 12 6 4 19 3 4 18 2 4 17 7 4 16</p>
        </polylist>
      </mesh>
    </geometry>
    <geometry id="791d0856-e75c-c0a8-12e7-bbc65d473218-mesh" name="cube">
      <mesh>
        <source id="791d0856-e75c-c0a8-12e7-bbc65d473218-mesh-positions">
          <float_array id="791d0856-e75c-c0a8-12e7-bbc65d473218-mesh-positions-array" count="24">-0.03125 0.375 0.6875 -0.03125 0.375 0.375 -0.03125 0.1875 0.6875 -0.03125 0.1875 0.375 -0.09375 0.375 0.375 -0.09375 0.375 0.6875 -0.09375 0.1875 0.375 -0.09375 0.1875 0.6875</float_array>
          <technique_common>
            <accessor source="#791d0856-e75c-c0a8-12e7-bbc65d473218-mesh-positions-array" count="8" stride="3">
              <param name="X" type="float"/>
              <param name="Y" type="float"/>
              <param name="Z" type="float"/>
            </accessor>
          </technique_common>
        </source>
        <source id="791d0856-e75c-c0a8-12e7-bbc65d473218-mesh-normals">
          <float_array id="791d0856-e75c-c0a8-12e7-bbc65d473218-mesh-normals-array" count="9">0 0 -1 1 0 0 -1 0 0</float_array>
          <technique_common>
            <accessor source="#791d0856-e75c-c0a8-12e7-bbc65d473218-mesh-normals-array" count="3" stride="3">
              <param name="X" type="float"/>
              <param name="Y" type="float"/>
              <param name="Z" type="float"/>
            </accessor>
          </technique_common>
        </source>
        <source id="791d0856-e75c-c0a8-12e7-bbc65d473218-mesh-map-0">
          <float_array id="791d0856-e75c-c0a8-12e7-bbc65d473218-mesh-map-0-array" count="24">0.09375 0.203125 0.109375 0.203125 0.109375 0.15625 0.09375 0.15625 0.75 0.75 0.828125 0.75 0.828125 0.703125 0.75 0.703125 0.765625 1 0.84375 1 0.84375 0.953125 0.765625 0.953125</float_array>
          <technique_common>
            <accessor source="#791d0856-e75c-c0a8-12e7-bbc65d473218-mesh-map-0-array" count="12" stride="2">
              <param name="S" type="float"/>
              <param name="T" type="float"/>
            </accessor>
          </technique_common>
        </source>
        <vertices id="791d0856-e75c-c0a8-12e7-bbc65d473218-mesh-vertices">
          <input semantic="POSITION" source="#791d0856-e75c-c0a8-12e7-bbc65d473218-mesh-positions"/>
        </vertices>
        <polylist material="Material_0-material" count="6">
          <input semantic="VERTEX" source="#791d0856-e75c-c0a8-12e7-bbc65d473218-mesh-vertices" offset="0"/>
          <input semantic="NORMAL" source="#791d0856-e75c-c0a8-12e7-bbc65d473218-mesh-normals" offset="1"/>
          <input semantic="TEXCOORD" source="#791d0856-e75c-c0a8-12e7-bbc65d473218-mesh-map-0" offset="2" set="0"/>
          <vcount>4 4 4</vcount>
          <p>3 0 3 6 0 2 4 0 1 1 0 0 2 1 7 3 1 6 1 1 5 0 1 4 6 2 11 7 2 10 5 2 9 4 2 8</p>
        </polylist>
      </mesh>
    </geometry>
    <geometry id="a44ab4d3-8e33-0e6a-a3c8-df450d5bf323-mesh" name="cube">
      <mesh>
        <source id="a44ab4d3-8e33-0e6a-a3c8-df450d5bf323-mesh-positions">
          <float_array id="a44ab4d3-8e33-0e6a-a3c8-df450d5bf323-mesh-positions-array" count="24">0 -2.75 -0.0625 0 -2.75 -0.5 0 -3 -0.0625 0 -3 -0.5 -0.0625 -2.75 -0.5 -0.0625 -2.75 -0.0625 -0.0625 -3 -0.5 -0.0625 -3 -0.0625</float_array>
          <technique_common>
            <accessor source="#a44ab4d3-8e33-0e6a-a3c8-df450d5bf323-mesh-positions-array" count="8" stride="3">
              <param name="X" type="float"/>
              <param name="Y" type="float"/>
              <param name="Z" type="float"/>
            </accessor>
          </technique_common>
        </source>
        <source id="a44ab4d3-8e33-0e6a-a3c8-df450d5bf323-mesh-normals">
          <float_array id="a44ab4d3-8e33-0e6a-a3c8-df450d5bf323-mesh-normals-array" count="15">0 0 -1 1 0 0 0 0 1 -1 0 0 0 -1 0</float_array>
          <technique_common>
            <accessor source="#a44ab4d3-8e33-0e6a-a3c8-df450d5bf323-mesh-normals-array" count="5" stride="3">
              <param name="X" type="float"/>
              <param name="Y" type="float"/>
              <param name="Z" type="float"/>
            </accessor>
          </technique_common>
        </source>
        <source id="a44ab4d3-8e33-0e6a-a3c8-df450d5bf323-mesh-map-0">
          <float_array id="a44ab4d3-8e33-0e6a-a3c8-df450d5bf323-mesh-map-0-array" count="40">0.46875 0.421875 0.484375 0.421875 0.484375 0.359375 0.46875 0.359375 0.5625 0.53125 0.671875 0.53125 0.671875 0.46875 0.5625 0.46875 0.421875 0.359375 0.4375 0.359375 0.4375 0.296875 0.421875 0.296875 0.578125 0.75 0.6875 0.75 0.6875 0.6875 0.578125 0.6875 0.15625 0.15625 0.140625 0.15625 0.140625 0.046875 0.15625 0.046875</float_array>
          <technique_common>
            <accessor source="#a44ab4d3-8e33-0e6a-a3c8-df450d5bf323-mesh-map-0-array" count="20" stride="2">
              <param name="S" type="float"/>
              <param name="T" type="float"/>
            </accessor>
          </technique_common>
        </source>
        <vertices id="a44ab4d3-8e33-0e6a-a3c8-df450d5bf323-mesh-vertices">
          <input semantic="POSITION" source="#a44ab4d3-8e33-0e6a-a3c8-df450d5bf323-mesh-positions"/>
        </vertices>
        <polylist material="Material_0-material" count="6">
          <input semantic="VERTEX" source="#a44ab4d3-8e33-0e6a-a3c8-df450d5bf323-mesh-vertices" offset="0"/>
          <input semantic="NORMAL" source="#a44ab4d3-8e33-0e6a-a3c8-df450d5bf323-mesh-normals" offset="1"/>
          <input semantic="TEXCOORD" source="#a44ab4d3-8e33-0e6a-a3c8-df450d5bf323-mesh-map-0" offset="2" set="0"/>
          <vcount>4 4 4 4 4</vcount>
          <p>3 0 3 6 0 2 4 0 1 1 0 0 2 1 7 3 1 6 1 1 5 0 1 4 7 2 11 2 2 10 0 2 9 5 2 8 6 3 15 7 3 14 5 3 13 4 3 12 6 4 19 3 4 18 2 4 17 7 4 16</p>
        </polylist>
      </mesh>
    </geometry>
    <geometry id="73edc40f-aa47-303b-d90a-a559f387fe59-mesh" name="cube">
      <mesh>
        <source id="73edc40f-aa47-303b-d90a-a559f387fe59-mesh-positions">
          <float_array id="73edc40f-aa47-303b-d90a-a559f387fe59-mesh-positions-array" count="24">-0.03125 -2.75 -0.09375 -0.03125 -2.75 -0.34375 -0.03125 -2.875 -0.09375 -0.03125 -2.875 -0.34375 -0.03125 -2.75 -0.34375 -0.03125 -2.75 -0.09375 -0.03125 -2.875 -0.34375 -0.03125 -2.875 -0.09375</float_array>
          <technique_common>
            <accessor source="#73edc40f-aa47-303b-d90a-a559f387fe59-mesh-positions-array" count="8" stride="3">
              <param name="X" type="float"/>
              <param name="Y" type="float"/>
              <param name="Z" type="float"/>
            </accessor>
          </technique_common>
        </source>
        <source id="73edc40f-aa47-303b-d90a-a559f387fe59-mesh-normals">
          <float_array id="73edc40f-aa47-303b-d90a-a559f387fe59-mesh-normals-array" count="6">1 0 0 -1 0 0</float_array>
          <technique_common>
            <accessor source="#73edc40f-aa47-303b-d90a-a559f387fe59-mesh-normals-array" count="2" stride="3">
              <param name="X" type="float"/>
              <param name="Y" type="float"/>
              <param name="Z" type="float"/>
            </accessor>
          </technique_common>
        </source>
        <source id="73edc40f-aa47-303b-d90a-a559f387fe59-mesh-map-0">
          <float_array id="73edc40f-aa47-303b-d90a-a559f387fe59-mesh-map-0-array" count="16">0.8125 0.140625 0.875 0.140625 0.875 0.109375 0.8125 0.109375 0.875 0.828125 0.9375 0.828125 0.9375 0.796875 0.875 0.796875</float_array>
          <technique_common>
            <accessor source="#73edc40f-aa47-303b-d90a-a559f387fe59-mesh-map-0-array" count="8" stride="2">
              <param name="S" type="float"/>
              <param name="T" type="float"/>
            </accessor>
          </technique_common>
        </source>
        <vertices id="73edc40f-aa47-303b-d90a-a559f387fe59-mesh-vertices">
          <input semantic="POSITION" source="#73edc40f-aa47-303b-d90a-a559f387fe59-mesh-positions"/>
        </vertices>
        <polylist material="Material_0-material" count="6">
          <input semantic="VERTEX" source="#73edc40f-aa47-303b-d90a-a559f387fe59-mesh-vertices" offset="0"/>
          <input semantic="NORMAL" source="#73edc40f-aa47-303b-d90a-a559f387fe59-mesh-normals" offset="1"/>
          <input semantic="TEXCOORD" source="#73edc40f-aa47-303b-d90a-a559f387fe59-mesh-map-0" offset="2" set="0"/>
          <vcount>4 4</vcount>
          <p>2 0 3 3 0 2 1 0 1 0 0 0 6 1 7 7 1 6 5 1 5 4 1 4</p>
        </polylist>
      </mesh>
    </geometry>
    <geometry id="a59e3800-7a6a-5a07-1f6c-079d0f05a987-mesh" name="cube">
      <mesh>
        <source id="a59e3800-7a6a-5a07-1f6c-079d0f05a987-mesh-positions">
          <float_array id="a59e3800-7a6a-5a07-1f6c-079d0f05a987-mesh-positions-array" count="24">0.046875 0.203125 -1.484375 0.046875 0.203125 -1.578125 0.046875 0.046875 -1.484375 0.046875 0.046875 -1.578125 -0.109375 0.203125 -1.578125 -0.109375 0.203125 -1.484375 -0.109375 0.046875 -1.578125 -0.109375 0.046875 -1.484375</float_array>
          <technique_common>
            <accessor source="#a59e3800-7a6a-5a07-1f6c-079d0f05a987-mesh-positions-array" count="8" stride="3">
              <param name="X" type="float"/>
              <param name="Y" type="float"/>
              <param name="Z" type="float"/>
            </accessor>
          </technique_common>
        </source>
        <source id="a59e3800-7a6a-5a07-1f6c-079d0f05a987-mesh-normals">
          <float_array id="a59e3800-7a6a-5a07-1f6c-079d0f05a987-mesh-normals-array" count="12">1 0 0 -1 0 0 0 1 0 0 -1 0</float_array>
          <technique_common>
            <accessor source="#a59e3800-7a6a-5a07-1f6c-079d0f05a987-mesh-normals-array" count="4" stride="3">
              <param name="X" type="float"/>
              <param name="Y" type="float"/>
              <param name="Z" type="float"/>
            </accessor>
          </technique_common>
        </source>
        <source id="a59e3800-7a6a-5a07-1f6c-079d0f05a987-mesh-map-0">
          <float_array id="a59e3800-7a6a-5a07-1f6c-079d0f05a987-mesh-map-0-array" count="32">0.671875 0.15625 0.6875 0.15625 0.6875 0.125 0.671875 0.125 0.71875 0.09375 0.734375 0.09375 0.734375 0.0625 0.71875 0.0625 0.03125 0.234375 0 0.234375 0 0.25 0.03125 0.25 0.84375 0.640625 0.8125 0.640625 0.8125 0.625 0.84375 0.625</float_array>
          <technique_common>
            <accessor source="#a59e3800-7a6a-5a07-1f6c-079d0f05a987-mesh-map-0-array" count="16" stride="2">
              <param name="S" type="float"/>
              <param name="T" type="float"/>
            </accessor>
          </technique_common>
        </source>
        <vertices id="a59e3800-7a6a-5a07-1f6c-079d0f05a987-mesh-vertices">
          <input semantic="POSITION" source="#a59e3800-7a6a-5a07-1f6c-079d0f05a987-mesh-positions"/>
        </vertices>
        <polylist material="Material_0-material" count="6">
          <input semantic="VERTEX" source="#a59e3800-7a6a-5a07-1f6c-079d0f05a987-mesh-vertices" offset="0"/>
          <input semantic="NORMAL" source="#a59e3800-7a6a-5a07-1f6c-079d0f05a987-mesh-normals" offset="1"/>
          <input semantic="TEXCOORD" source="#a59e3800-7a6a-5a07-1f6c-079d0f05a987-mesh-map-0" offset="2" set="0"/>
          <vcount>4 4 4 4</vcount>
          <p>2 0 3 3 0 2 1 0 1 0 0 0 6 1 7 7 1 6 5 1 5 4 1 4 5 2 11 0 2 10 1 2 9 4 2 8 6 3 15 3 3 14 2 3 13 7 3 12</p>
        </polylist>
      </mesh>
    </geometry>
    <geometry id="93949f1c-3c5b-7470-a411-cb53af1eec0f-mesh" name="cube">
      <mesh>
        <source id="93949f1c-3c5b-7470-a411-cb53af1eec0f-mesh-positions">
          <float_array id="93949f1c-3c5b-7470-a411-cb53af1eec0f-mesh-positions-array" count="24">0.046875 0.390625 -1.484375 0.046875 0.390625 -1.578125 0.046875 0.234375 -1.484375 0.046875 0.234375 -1.578125 -0.109375 0.390625 -1.578125 -0.109375 0.390625 -1.484375 -0.109375 0.234375 -1.578125 -0.109375 0.234375 -1.484375</float_array>
          <technique_common>
            <accessor source="#93949f1c-3c5b-7470-a411-cb53af1eec0f-mesh-positions-array" count="8" stride="3">
              <param name="X" type="float"/>
              <param name="Y" type="float"/>
              <param name="Z" type="float"/>
            </accessor>
          </technique_common>
        </source>
        <source id="93949f1c-3c5b-7470-a411-cb53af1eec0f-mesh-normals">
          <float_array id="93949f1c-3c5b-7470-a411-cb53af1eec0f-mesh-normals-array" count="12">1 0 0 -1 0 0 0 1 0 0 -1 0</float_array>
          <technique_common>
            <accessor source="#93949f1c-3c5b-7470-a411-cb53af1eec0f-mesh-normals-array" count="4" stride="3">
              <param name="X" type="float"/>
              <param name="Y" type="float"/>
              <param name="Z" type="float"/>
            </accessor>
          </technique_common>
        </source>
        <source id="93949f1c-3c5b-7470-a411-cb53af1eec0f-mesh-map-0">
          <float_array id="93949f1c-3c5b-7470-a411-cb53af1eec0f-mesh-map-0-array" count="32">0.90625 0.234375 0.921875 0.234375 0.921875 0.203125 0.90625 0.203125 0.78125 0.09375 0.796875 0.09375 0.796875 0.0625 0.78125 0.0625 0.90625 0.703125 0.875 0.703125 0.875 0.71875 0.90625 0.71875 0.9375 0.203125 0.90625 0.203125 0.90625 0.1875 0.9375 0.1875</float_array>
          <technique_common>
            <accessor source="#93949f1c-3c5b-7470-a411-cb53af1eec0f-mesh-map-0-array" count="16" stride="2">
              <param name="S" type="float"/>
              <param name="T" type="float"/>
            </accessor>
          </technique_common>
        </source>
        <vertices id="93949f1c-3c5b-7470-a411-cb53af1eec0f-mesh-vertices">
          <input semantic="POSITION" source="#93949f1c-3c5b-7470-a411-cb53af1eec0f-mesh-positions"/>
        </vertices>
        <polylist material="Material_0-material" count="6">
          <input semantic="VERTEX" source="#93949f1c-3c5b-7470-a411-cb53af1eec0f-mesh-vertices" offset="0"/>
          <input semantic="NORMAL" source="#93949f1c-3c5b-7470-a411-cb53af1eec0f-mesh-normals" offset="1"/>
          <input semantic="TEXCOORD" source="#93949f1c-3c5b-7470-a411-cb53af1eec0f-mesh-map-0" offset="2" set="0"/>
          <vcount>4 4 4 4</vcount>
          <p>2 0 3 3 0 2 1 0 1 0 0 0 6 1 7 7 1 6 5 1 5 4 1 4 5 2 11 0 2 10 1 2 9 4 2 8 6 3 15 3 3 14 2 3 13 7 3 12</p>
        </polylist>
      </mesh>
    </geometry>
    <geometry id="a986aa71-2f85-dee8-7add-e09260610b47-mesh" name="cube">
      <mesh>
        <source id="a986aa71-2f85-dee8-7add-e09260610b47-mesh-positions">
          <float_array id="a986aa71-2f85-dee8-7add-e09260610b47-mesh-positions-array" count="24">0.09375 0.0625 0.0625 0.09375 0.0625 -0.1875 0.09375 -0.1875 0.0625 0.09375 -0.1875 -0.1875 0.03125 0.0625 -0.1875 0.03125 0.0625 0.0625 0.03125 -0.1875 -0.1875 0.03125 -0.1875 0.0625</float_array>
          <technique_common>
            <accessor source="#a986aa71-2f85-dee8-7add-e09260610b47-mesh-positions-array" count="8" stride="3">
              <param name="X" type="float"/>
              <param name="Y" type="float"/>
              <param name="Z" type="float"/>
            </accessor>
          </technique_common>
        </source>
        <source id="a986aa71-2f85-dee8-7add-e09260610b47-mesh-normals">
          <float_array id="a986aa71-2f85-dee8-7add-e09260610b47-mesh-normals-array" count="9">1 0 0 -1 0 0 0 1 0</float_array>
          <technique_common>
            <accessor source="#a986aa71-2f85-dee8-7add-e09260610b47-mesh-normals-array" count="3" stride="3">
              <param name="X" type="float"/>
              <param name="Y" type="float"/>
              <param name="Z" type="float"/>
            </accessor>
          </technique_common>
        </source>
        <source id="a986aa71-2f85-dee8-7add-e09260610b47-mesh-map-0">
          <float_array id="a986aa71-2f85-dee8-7add-e09260610b47-mesh-map-0-array" count="24">0.296875 0.296875 0.359375 0.296875 0.359375 0.234375 0.296875 0.234375 0.703125 0.625 0.765625 0.625 0.765625 0.5625 0.703125 0.5625 0.515625 0.15625 0.5 0.15625 0.5 0.21875 0.515625 0.21875</float_array>
          <technique_common>
            <accessor source="#a986aa71-2f85-dee8-7add-e09260610b47-mesh-map-0-array" count="12" stride="2">
              <param name="S" type="float"/>
              <param name="T" type="float"/>
            </accessor>
          </technique_common>
        </source>
        <vertices id="a986aa71-2f85-dee8-7add-e09260610b47-mesh-vertices">
          <input semantic="POSITION" source="#a986aa71-2f85-dee8-7add-e09260610b47-mesh-positions"/>
        </vertices>
        <polylist material="Material_0-material" count="6">
          <input semantic="VERTEX" source="#a986aa71-2f85-dee8-7add-e09260610b47-mesh-vertices" offset="0"/>
          <input semantic="NORMAL" source="#a986aa71-2f85-dee8-7add-e09260610b47-mesh-normals" offset="1"/>
          <input semantic="TEXCOORD" source="#a986aa71-2f85-dee8-7add-e09260610b47-mesh-map-0" offset="2" set="0"/>
          <vcount>4 4 4</vcount>
          <p>2 0 3 3 0 2 1 0 1 0 0 0 6 1 7 7 1 6 5 1 5 4 1 4 5 2 11 0 2 10 1 2 9 4 2 8</p>
        </polylist>
      </mesh>
    </geometry>
    <geometry id="8dae615a-3eb2-cef3-4f54-0418e5e9c52e-mesh" name="cube">
      <mesh>
        <source id="8dae615a-3eb2-cef3-4f54-0418e5e9c52e-mesh-positions">
          <float_array id="8dae615a-3eb2-cef3-4f54-0418e5e9c52e-mesh-positions-array" count="24">0.220313 0.814062 -0.373437 0.220313 0.814062 -0.751562 0.220313 0.623438 -0.373437 0.220313 0.623438 -0.751562 -0.095313 0.814062 -0.751562 -0.095313 0.814062 -0.373437 -0.095313 0.623438 -0.751562 -0.095313 0.623438 -0.373437</float_array>
          <technique_common>
            <accessor source="#8dae615a-3eb2-cef3-4f54-0418e5e9c52e-mesh-positions-array" count="8" stride="3">
              <param name="X" type="float"/>
              <param name="Y" type="float"/>
              <param name="Z" type="float"/>
            </accessor>
          </technique_common>
        </source>
        <source id="8dae615a-3eb2-cef3-4f54-0418e5e9c52e-mesh-normals">
          <float_array id="8dae615a-3eb2-cef3-4f54-0418e5e9c52e-mesh-normals-array" count="15">0 0 -1 1 0 0 0 0 1 -1 0 0 0 1 0</float_array>
          <technique_common>
            <accessor source="#8dae615a-3eb2-cef3-4f54-0418e5e9c52e-mesh-normals-array" count="5" stride="3">
              <param name="X" type="float"/>
              <param name="Y" type="float"/>
              <param name="Z" type="float"/>
            </accessor>
          </technique_common>
        </source>
        <source id="8dae615a-3eb2-cef3-4f54-0418e5e9c52e-mesh-map-0">
          <float_array id="8dae615a-3eb2-cef3-4f54-0418e5e9c52e-mesh-map-0-array" count="40">0.765625 0.953125 0.84375 0.953125 0.84375 0.90625 0.765625 0.90625 0.671875 0.546875 0.765625 0.546875 0.765625 0.5 0.671875 0.5 0.21875 0.234375 0.296875 0.234375 0.296875 0.1875 0.21875 0.1875 0.671875 0.390625 0.765625 0.390625 0.765625 0.34375 0.671875 0.34375 0.234375 0.328125 0.15625 0.328125 0.15625 0.421875 0.234375 0.421875</float_array>
          <technique_common>
            <accessor source="#8dae615a-3eb2-cef3-4f54-0418e5e9c52e-mesh-map-0-array" count="20" stride="2">
              <param name="S" type="float"/>
              <param name="T" type="float"/>
            </accessor>
          </technique_common>
        </source>
        <vertices id="8dae615a-3eb2-cef3-4f54-0418e5e9c52e-mesh-vertices">
          <input semantic="POSITION" source="#8dae615a-3eb2-cef3-4f54-0418e5e9c52e-mesh-positions"/>
        </vertices>
        <polylist material="Material_0-material" count="6">
          <input semantic="VERTEX" source="#8dae615a-3eb2-cef3-4f54-0418e5e9c52e-mesh-vertices" offset="0"/>
          <input semantic="NORMAL" source="#8dae615a-3eb2-cef3-4f54-0418e5e9c52e-mesh-normals" offset="1"/>
          <input semantic="TEXCOORD" source="#8dae615a-3eb2-cef3-4f54-0418e5e9c52e-mesh-map-0" offset="2" set="0"/>
          <vcount>4 4 4 4 4</vcount>
          <p>3 0 3 6 0 2 4 0 1 1 0 0 2 1 7 3 1 6 1 1 5 0 1 4 7 2 11 2 2 10 0 2 9 5 2 8 6 3 15 7 3 14 5 3 13 4 3 12 5 4 19 0 4 18 1 4 17 4 4 16</p>
        </polylist>
      </mesh>
    </geometry>
    <geometry id="f0f63187-7f3d-13ed-af1d-48953361a3d9-mesh" name="cube">
      <mesh>
        <source id="f0f63187-7f3d-13ed-af1d-48953361a3d9-mesh-positions">
          <float_array id="f0f63187-7f3d-13ed-af1d-48953361a3d9-mesh-positions-array" count="24">-0.03125 0.0625 0.0625 -0.03125 0.0625 -0.1875 -0.03125 -0.1875 0.0625 -0.03125 -0.1875 -0.1875 -0.09375 0.0625 -0.1875 -0.09375 0.0625 0.0625 -0.09375 -0.1875 -0.1875 -0.09375 -0.1875 0.0625</float_array>
          <technique_common>
            <accessor source="#f0f63187-7f3d-13ed-af1d-48953361a3d9-mesh-positions-array" count="8" stride="3">
              <param name="X" type="float"/>
              <param name="Y" type="float"/>
              <param name="Z" type="float"/>
            </accessor>
          </technique_common>
        </source>
        <source id="f0f63187-7f3d-13ed-af1d-48953361a3d9-mesh-normals">
          <float_array id="f0f63187-7f3d-13ed-af1d-48953361a3d9-mesh-normals-array" count="9">1 0 0 -1 0 0 0 1 0</float_array>
          <technique_common>
            <accessor source="#f0f63187-7f3d-13ed-af1d-48953361a3d9-mesh-normals-array" count="3" stride="3">
              <param name="X" type="float"/>
              <param name="Y" type="float"/>
              <param name="Z" type="float"/>
            </accessor>
          </technique_common>
        </source>
        <source id="f0f63187-7f3d-13ed-af1d-48953361a3d9-mesh-map-0">
          <float_array id="f0f63187-7f3d-13ed-af1d-48953361a3d9-mesh-map-0-array" count="24">0.515625 0.296875 0.578125 0.296875 0.578125 0.234375 0.515625 0.234375 0.703125 0.453125 0.765625 0.453125 0.765625 0.390625 0.703125 0.390625 0.046875 0.046875 0.03125 0.046875 0.03125 0.109375 0.046875 0.109375</float_array>
          <technique_common>
            <accessor source="#f0f63187-7f3d-13ed-af1d-48953361a3d9-mesh-map-0-array" count="12" stride="2">
              <param name="S" type="float"/>
              <param name="T" type="float"/>
            </accessor>
          </technique_common>
        </source>
        <vertices id="f0f63187-7f3d-13ed-af1d-48953361a3d9-mesh-vertices">
          <input semantic="POSITION" source="#f0f63187-7f3d-13ed-af1d-48953361a3d9-mesh-positions"/>
        </vertices>
        <polylist material="Material_0-material" count="6">
          <input semantic="VERTEX" source="#f0f63187-7f3d-13ed-af1d-48953361a3d9-mesh-vertices" offset="0"/>
          <input semantic="NORMAL" source="#f0f63187-7f3d-13ed-af1d-48953361a3d9-mesh-normals" offset="1"/>
          <input semantic="TEXCOORD" source="#f0f63187-7f3d-13ed-af1d-48953361a3d9-mesh-map-0" offset="2" set="0"/>
          <vcount>4 4 4</vcount>
          <p>2 0 3 3 0 2 1 0 1 0 0 0 6 1 7 7 1 6 5 1 5 4 1 4 5 2 11 0 2 10 1 2 9 4 2 8</p>
        </polylist>
      </mesh>
    </geometry>
    <geometry id="9467fc29-6d3a-d653-a34b-47ab037633c4-mesh" name="cube">
      <mesh>
        <source id="9467fc29-6d3a-d653-a34b-47ab037633c4-mesh-positions">
          <float_array id="9467fc29-6d3a-d653-a34b-47ab037633c4-mesh-positions-array" count="24">0.03125 0.84375 0.9375 0.03125 0.84375 0.8125 0.03125 0.65625 0.9375 0.03125 0.65625 0.8125 -0.09375 0.84375 0.8125 -0.09375 0.84375 0.9375 -0.09375 0.65625 0.8125 -0.09375 0.65625 0.9375</float_array>
          <technique_common>
            <accessor source="#9467fc29-6d3a-d653-a34b-47ab037633c4-mesh-positions-array" count="8" stride="3">
              <param name="X" type="float"/>
              <param name="Y" type="float"/>
              <param name="Z" type="float"/>
            </accessor>
          </technique_common>
        </source>
        <source id="9467fc29-6d3a-d653-a34b-47ab037633c4-mesh-normals">
          <float_array id="9467fc29-6d3a-d653-a34b-47ab037633c4-mesh-normals-array" count="18">0 0 -1 1 0 0 0 0 1 -1 0 0 0 1 0 0 -1 0</float_array>
          <technique_common>
            <accessor source="#9467fc29-6d3a-d653-a34b-47ab037633c4-mesh-normals-array" count="6" stride="3">
              <param name="X" type="float"/>
              <param name="Y" type="float"/>
              <param name="Z" type="float"/>
            </accessor>
          </technique_common>
        </source>
        <source id="9467fc29-6d3a-d653-a34b-47ab037633c4-mesh-map-0">
          <float_array id="9467fc29-6d3a-d653-a34b-47ab037633c4-mesh-map-0-array" count="48">0.171875 0.109375 0.203125 0.109375 0.203125 0.0625 0.171875 0.0625 0.203125 0.109375 0.234375 0.109375 0.234375 0.0625 0.203125 0.0625 0.234375 0.109375 0.265625 0.109375 0.265625 0.0625 0.234375 0.0625 0.265625 0.109375 0.296875 0.109375 0.296875 0.0625 0.265625 0.0625 0.9375 0.703125 0.90625 0.703125 0.90625 0.734375 0.9375 0.734375 0.328125 0.09375 0.296875 0.09375 0.296875 0.0625 0.328125 0.0625</float_array>
          <technique_common>
            <accessor source="#9467fc29-6d3a-d653-a34b-47ab037633c4-mesh-map-0-array" count="24" stride="2">
              <param name="S" type="float"/>
              <param name="T" type="float"/>
            </accessor>
          </technique_common>
        </source>
        <vertices id="9467fc29-6d3a-d653-a34b-47ab037633c4-mesh-vertices">
          <input semantic="POSITION" source="#9467fc29-6d3a-d653-a34b-47ab037633c4-mesh-positions"/>
        </vertices>
        <polylist material="Material_0-material" count="6">
          <input semantic="VERTEX" source="#9467fc29-6d3a-d653-a34b-47ab037633c4-mesh-vertices" offset="0"/>
          <input semantic="NORMAL" source="#9467fc29-6d3a-d653-a34b-47ab037633c4-mesh-normals" offset="1"/>
          <input semantic="TEXCOORD" source="#9467fc29-6d3a-d653-a34b-47ab037633c4-mesh-map-0" offset="2" set="0"/>
          <vcount>4 4 4 4 4 4</vcount>
          <p>3 0 3 6 0 2 4 0 1 1 0 0 2 1 7 3 1 6 1 1 5 0 1 4 7 2 11 2 2 10 0 2 9 5 2 8 6 3 15 7 3 14 5 3 13 4 3 12 5 4 19 0 4 18 1 4 17 4 4 16 6 5 23 3 5 22 2 5 21 7 5 20</p>
        </polylist>
      </mesh>
    </geometry>
    <geometry id="cef4dec6-ed4e-4adf-20af-cc38e28c492c-mesh" name="cube">
      <mesh>
        <source id="cef4dec6-ed4e-4adf-20af-cc38e28c492c-mesh-positions">
          <float_array id="cef4dec6-ed4e-4adf-20af-cc38e28c492c-mesh-positions-array" count="24">0 0.03125 0.9375 0 0.03125 0.875 0 -0.21875 0.9375 0 -0.21875 0.875 -0.0625 0.03125 0.875 -0.0625 0.03125 0.9375 -0.0625 -0.21875 0.875 -0.0625 -0.21875 0.9375</float_array>
          <technique_common>
            <accessor source="#cef4dec6-ed4e-4adf-20af-cc38e28c492c-mesh-positions-array" count="8" stride="3">
              <param name="X" type="float"/>
              <param name="Y" type="float"/>
              <param name="Z" type="float"/>
            </accessor>
          </technique_common>
        </source>
        <source id="cef4dec6-ed4e-4adf-20af-cc38e28c492c-mesh-normals">
          <float_array id="cef4dec6-ed4e-4adf-20af-cc38e28c492c-mesh-normals-array" count="6">1 0 0 -1 0 0</float_array>
          <technique_common>
            <accessor source="#cef4dec6-ed4e-4adf-20af-cc38e28c492c-mesh-normals-array" count="2" stride="3">
              <param name="X" type="float"/>
              <param name="Y" type="float"/>
              <param name="Z" type="float"/>
            </accessor>
          </technique_common>
        </source>
        <source id="cef4dec6-ed4e-4adf-20af-cc38e28c492c-mesh-map-0">
          <float_array id="cef4dec6-ed4e-4adf-20af-cc38e28c492c-mesh-map-0-array" count="16">0.90625 0.640625 0.921875 0.640625 0.921875 0.578125 0.90625 0.578125 0.90625 0.578125 0.921875 0.578125 0.921875 0.515625 0.90625 0.515625</float_array>
          <technique_common>
            <accessor source="#cef4dec6-ed4e-4adf-20af-cc38e28c492c-mesh-map-0-array" count="8" stride="2">
              <param name="S" type="float"/>
              <param name="T" type="float"/>
            </accessor>
          </technique_common>
        </source>
        <vertices id="cef4dec6-ed4e-4adf-20af-cc38e28c492c-mesh-vertices">
          <input semantic="POSITION" source="#cef4dec6-ed4e-4adf-20af-cc38e28c492c-mesh-positions"/>
        </vertices>
        <polylist material="Material_0-material" count="6">
          <input semantic="VERTEX" source="#cef4dec6-ed4e-4adf-20af-cc38e28c492c-mesh-vertices" offset="0"/>
          <input semantic="NORMAL" source="#cef4dec6-ed4e-4adf-20af-cc38e28c492c-mesh-normals" offset="1"/>
          <input semantic="TEXCOORD" source="#cef4dec6-ed4e-4adf-20af-cc38e28c492c-mesh-map-0" offset="2" set="0"/>
          <vcount>4 4</vcount>
          <p>2 0 3 3 0 2 1 0 1 0 0 0 6 1 7 7 1 6 5 1 5 4 1 4</p>
        </polylist>
      </mesh>
    </geometry>
    <geometry id="ff926be6-e6df-c795-8153-41aa6392d1aa-mesh" name="cube">
      <mesh>
        <source id="ff926be6-e6df-c795-8153-41aa6392d1aa-mesh-positions">
          <float_array id="ff926be6-e6df-c795-8153-41aa6392d1aa-mesh-positions-array" count="24">0 0.125 0.125 0 0.125 0 0 -0.125 0.125 0 -0.125 0 0 0.125 0 0 0.125 0.125 0 -0.125 0 0 -0.125 0.125</float_array>
          <technique_common>
            <accessor source="#ff926be6-e6df-c795-8153-41aa6392d1aa-mesh-positions-array" count="8" stride="3">
              <param name="X" type="float"/>
              <param name="Y" type="float"/>
              <param name="Z" type="float"/>
            </accessor>
          </technique_common>
        </source>
        <source id="ff926be6-e6df-c795-8153-41aa6392d1aa-mesh-normals">
          <float_array id="ff926be6-e6df-c795-8153-41aa6392d1aa-mesh-normals-array" count="3">-1 0 0</float_array>
          <technique_common>
            <accessor source="#ff926be6-e6df-c795-8153-41aa6392d1aa-mesh-normals-array" count="1" stride="3">
              <param name="X" type="float"/>
              <param name="Y" type="float"/>
              <param name="Z" type="float"/>
            </accessor>
          </technique_common>
        </source>
        <source id="ff926be6-e6df-c795-8153-41aa6392d1aa-mesh-map-0">
          <float_array id="ff926be6-e6df-c795-8153-41aa6392d1aa-mesh-map-0-array" count="8">0.5 0.140625 0.53125 0.140625 0.53125 0.078125 0.5 0.078125</float_array>
          <technique_common>
            <accessor source="#ff926be6-e6df-c795-8153-41aa6392d1aa-mesh-map-0-array" count="4" stride="2">
              <param name="S" type="float"/>
              <param name="T" type="float"/>
            </accessor>
          </technique_common>
        </source>
        <vertices id="ff926be6-e6df-c795-8153-41aa6392d1aa-mesh-vertices">
          <input semantic="POSITION" source="#ff926be6-e6df-c795-8153-41aa6392d1aa-mesh-positions"/>
        </vertices>
        <polylist material="Material_0-material" count="6">
          <input semantic="VERTEX" source="#ff926be6-e6df-c795-8153-41aa6392d1aa-mesh-vertices" offset="0"/>
          <input semantic="NORMAL" source="#ff926be6-e6df-c795-8153-41aa6392d1aa-mesh-normals" offset="1"/>
          <input semantic="TEXCOORD" source="#ff926be6-e6df-c795-8153-41aa6392d1aa-mesh-map-0" offset="2" set="0"/>
          <vcount>4</vcount>
          <p>6 0 3 7 0 2 5 0 1 4 0 0</p>
        </polylist>
      </mesh>
    </geometry>
    <geometry id="65b3b404-1649-0945-be32-e6bd12775988-mesh" name="cube">
      <mesh>
        <source id="65b3b404-1649-0945-be32-e6bd12775988-mesh-positions">
          <float_array id="65b3b404-1649-0945-be32-e6bd12775988-mesh-positions-array" count="24">0.03125 0.09375 0.46875 0.03125 0.09375 -0.28125 0.03125 -0.03125 0.46875 0.03125 -0.03125 -0.28125 -0.03125 0.09375 -0.28125 -0.03125 0.09375 0.46875 -0.03125 -0.03125 -0.28125 -0.03125 -0.03125 0.46875</float_array>
          <technique_common>
            <accessor source="#65b3b404-1649-0945-be32-e6bd12775988-mesh-positions-array" count="8" stride="3">
              <param name="X" type="float"/>
              <param name="Y" type="float"/>
              <param name="Z" type="float"/>
            </accessor>
          </technique_common>
        </source>
        <source id="65b3b404-1649-0945-be32-e6bd12775988-mesh-normals">
          <float_array id="65b3b404-1649-0945-be32-e6bd12775988-mesh-normals-array" count="12">0 0 -1 0 0 1 -1 0 0 0 1 0</float_array>
          <technique_common>
            <accessor source="#65b3b404-1649-0945-be32-e6bd12775988-mesh-normals-array" count="4" stride="3">
              <param name="X" type="float"/>
              <param name="Y" type="float"/>
              <param name="Z" type="float"/>
            </accessor>
          </technique_common>
        </source>
        <source id="65b3b404-1649-0945-be32-e6bd12775988-mesh-map-0">
          <float_array id="65b3b404-1649-0945-be32-e6bd12775988-mesh-map-0-array" count="32">0.796875 0.09375 0.8125 0.09375 0.8125 0.0625 0.796875 0.0625 0.90625 0.1875 0.921875 0.1875 0.921875 0.15625 0.90625 0.15625 0.59375 0.890625 0.78125 0.890625 0.78125 0.859375 0.59375 0.859375 0.171875 0.046875 0.15625 0.046875 0.15625 0.234375 0.171875 0.234375</float_array>
          <technique_common>
            <accessor source="#65b3b404-1649-0945-be32-e6bd12775988-mesh-map-0-array" count="16" stride="2">
              <param name="S" type="float"/>
              <param name="T" type="float"/>
            </accessor>
          </technique_common>
        </source>
        <vertices id="65b3b404-1649-0945-be32-e6bd12775988-mesh-vertices">
          <input semantic="POSITION" source="#65b3b404-1649-0945-be32-e6bd12775988-mesh-positions"/>
        </vertices>
        <polylist material="Material_0-material" count="6">
          <input semantic="VERTEX" source="#65b3b404-1649-0945-be32-e6bd12775988-mesh-vertices" offset="0"/>
          <input semantic="NORMAL" source="#65b3b404-1649-0945-be32-e6bd12775988-mesh-normals" offset="1"/>
          <input semantic="TEXCOORD" source="#65b3b404-1649-0945-be32-e6bd12775988-mesh-map-0" offset="2" set="0"/>
          <vcount>4 4 4 4</vcount>
          <p>3 0 3 6 0 2 4 0 1 1 0 0 7 1 7 2 1 6 0 1 5 5 1 4 6 2 11 7 2 10 5 2 9 4 2 8 5 3 15 0 3 14 1 3 13 4 3 12</p>
        </polylist>
      </mesh>
    </geometry>
    <geometry id="d0e8cec5-cb02-da21-a369-b039550d5809-mesh" name="cube">
      <mesh>
        <source id="d0e8cec5-cb02-da21-a369-b039550d5809-mesh-positions">
          <float_array id="d0e8cec5-cb02-da21-a369-b039550d5809-mesh-positions-array" count="24">0.064063 0.532813 -0.310937 0.064063 0.532813 -0.314062 0.064063 0.404688 -0.310937 0.064063 0.404688 -0.314062 -0.064063 0.532813 -0.314062 -0.064063 0.532813 -0.310937 -0.064063 0.404688 -0.314062 -0.064063 0.404688 -0.310937</float_array>
          <technique_common>
            <accessor source="#d0e8cec5-cb02-da21-a369-b039550d5809-mesh-positions-array" count="8" stride="3">
              <param name="X" type="float"/>
              <param name="Y" type="float"/>
              <param name="Z" type="float"/>
            </accessor>
          </technique_common>
        </source>
        <source id="d0e8cec5-cb02-da21-a369-b039550d5809-mesh-normals">
          <float_array id="d0e8cec5-cb02-da21-a369-b039550d5809-mesh-normals-array" count="3">0 0 -1</float_array>
          <technique_common>
            <accessor source="#d0e8cec5-cb02-da21-a369-b039550d5809-mesh-normals-array" count="1" stride="3">
              <param name="X" type="float"/>
              <param name="Y" type="float"/>
              <param name="Z" type="float"/>
            </accessor>
          </technique_common>
        </source>
        <source id="d0e8cec5-cb02-da21-a369-b039550d5809-mesh-map-0">
          <float_array id="d0e8cec5-cb02-da21-a369-b039550d5809-mesh-map-0-array" count="8">0.53125 0.09375 0.5625 0.09375 0.5625 0.0625 0.53125 0.0625</float_array>
          <technique_common>
            <accessor source="#d0e8cec5-cb02-da21-a369-b039550d5809-mesh-map-0-array" count="4" stride="2">
              <param name="S" type="float"/>
              <param name="T" type="float"/>
            </accessor>
          </technique_common>
        </source>
        <vertices id="d0e8cec5-cb02-da21-a369-b039550d5809-mesh-vertices">
          <input semantic="POSITION" source="#d0e8cec5-cb02-da21-a369-b039550d5809-mesh-positions"/>
        </vertices>
        <polylist material="Material_0-material" count="6">
          <input semantic="VERTEX" source="#d0e8cec5-cb02-da21-a369-b039550d5809-mesh-vertices" offset="0"/>
          <input semantic="NORMAL" source="#d0e8cec5-cb02-da21-a369-b039550d5809-mesh-normals" offset="1"/>
          <input semantic="TEXCOORD" source="#d0e8cec5-cb02-da21-a369-b039550d5809-mesh-map-0" offset="2" set="0"/>
          <vcount>4</vcount>
          <p>3 0 3 6 0 2 4 0 1 1 0 0</p>
        </polylist>
      </mesh>
    </geometry>
    <geometry id="cbd9de14-e6e3-21fd-e96d-d42cd0b7f0ed-mesh" name="cube">
      <mesh>
        <source id="cbd9de14-e6e3-21fd-e96d-d42cd0b7f0ed-mesh-positions">
          <float_array id="cbd9de14-e6e3-21fd-e96d-d42cd0b7f0ed-mesh-positions-array" count="24">0.126563 0.220313 -1.185937 0.126563 0.220313 -1.189062 0.126563 0.154687 -1.185937 0.126563 0.154687 -1.189062 -0.064063 0.220313 -1.189062 -0.064063 0.220313 -1.185937 -0.064063 0.154687 -1.189062 -0.064063 0.154687 -1.185937</float_array>
          <technique_common>
            <accessor source="#cbd9de14-e6e3-21fd-e96d-d42cd0b7f0ed-mesh-positions-array" count="8" stride="3">
              <param name="X" type="float"/>
              <param name="Y" type="float"/>
              <param name="Z" type="float"/>
            </accessor>
          </technique_common>
        </source>
        <source id="cbd9de14-e6e3-21fd-e96d-d42cd0b7f0ed-mesh-normals">
          <float_array id="cbd9de14-e6e3-21fd-e96d-d42cd0b7f0ed-mesh-normals-array" count="3">0 0 -1</float_array>
          <technique_common>
            <accessor source="#cbd9de14-e6e3-21fd-e96d-d42cd0b7f0ed-mesh-normals-array" count="1" stride="3">
              <param name="X" type="float"/>
              <param name="Y" type="float"/>
              <param name="Z" type="float"/>
            </accessor>
          </technique_common>
        </source>
        <source id="cbd9de14-e6e3-21fd-e96d-d42cd0b7f0ed-mesh-map-0">
          <float_array id="cbd9de14-e6e3-21fd-e96d-d42cd0b7f0ed-mesh-map-0-array" count="8">0.84375 0.765625 0.890625 0.765625 0.890625 0.75 0.84375 0.75</float_array>
          <technique_common>
            <accessor source="#cbd9de14-e6e3-21fd-e96d-d42cd0b7f0ed-mesh-map-0-array" count="4" stride="2">
              <param name="S" type="float"/>
              <param name="T" type="float"/>
            </accessor>
          </technique_common>
        </source>
        <vertices id="cbd9de14-e6e3-21fd-e96d-d42cd0b7f0ed-mesh-vertices">
          <input semantic="POSITION" source="#cbd9de14-e6e3-21fd-e96d-d42cd0b7f0ed-mesh-positions"/>
        </vertices>
        <polylist material="Material_0-material" count="6">
          <input semantic="VERTEX" source="#cbd9de14-e6e3-21fd-e96d-d42cd0b7f0ed-mesh-vertices" offset="0"/>
          <input semantic="NORMAL" source="#cbd9de14-e6e3-21fd-e96d-d42cd0b7f0ed-mesh-normals" offset="1"/>
          <input semantic="TEXCOORD" source="#cbd9de14-e6e3-21fd-e96d-d42cd0b7f0ed-mesh-map-0" offset="2" set="0"/>
          <vcount>4</vcount>
          <p>3 0 3 6 0 2 4 0 1 1 0 0</p>
        </polylist>
      </mesh>
    </geometry>
    <geometry id="b98bce8c-2600-4cd4-5c5e-2b799ff7f757-mesh" name="cube">
      <mesh>
        <source id="b98bce8c-2600-4cd4-5c5e-2b799ff7f757-mesh-positions">
          <float_array id="b98bce8c-2600-4cd4-5c5e-2b799ff7f757-mesh-positions-array" count="24">0.15625 0.4375 0.5 0.15625 0.4375 0.1875 0.15625 0.3125 0.5 0.15625 0.3125 0.1875 -0.03125 0.4375 0.1875 -0.03125 0.4375 0.5 -0.03125 0.3125 0.1875 -0.03125 0.3125 0.5</float_array>
          <technique_common>
            <accessor source="#b98bce8c-2600-4cd4-5c5e-2b799ff7f757-mesh-positions-array" count="8" stride="3">
              <param name="X" type="float"/>
              <param name="Y" type="float"/>
              <param name="Z" type="float"/>
            </accessor>
          </technique_common>
        </source>
        <source id="b98bce8c-2600-4cd4-5c5e-2b799ff7f757-mesh-normals">
          <float_array id="b98bce8c-2600-4cd4-5c5e-2b799ff7f757-mesh-normals-array" count="18">0 0 -1 1 0 0 0 0 1 -1 0 0 0 1 0 0 -1 0</float_array>
          <technique_common>
            <accessor source="#b98bce8c-2600-4cd4-5c5e-2b799ff7f757-mesh-normals-array" count="6" stride="3">
              <param name="X" type="float"/>
              <param name="Y" type="float"/>
              <param name="Z" type="float"/>
            </accessor>
          </technique_common>
        </source>
        <source id="b98bce8c-2600-4cd4-5c5e-2b799ff7f757-mesh-map-0">
          <float_array id="b98bce8c-2600-4cd4-5c5e-2b799ff7f757-mesh-map-0-array" count="48">0.890625 0.890625 0.9375 0.890625 0.9375 0.859375 0.890625 0.859375 0.828125 0.390625 0.90625 0.390625 0.90625 0.359375 0.828125 0.359375 0.890625 0.671875 0.9375 0.671875 0.9375 0.640625 0.890625 0.640625 0.828125 0.359375 0.90625 0.359375 0.90625 0.328125 0.828125 0.328125 0.15625 0.15625 0.109375 0.15625 0.109375 0.234375 0.15625 0.234375 0.34375 0.234375 0.296875 0.234375 0.296875 0.15625 0.34375 0.15625</float_array>
          <technique_common>
            <accessor source="#b98bce8c-2600-4cd4-5c5e-2b799ff7f757-mesh-map-0-array" count="24" stride="2">
              <param name="S" type="float"/>
              <param name="T" type="float"/>
            </accessor>
          </technique_common>
        </source>
        <vertices id="b98bce8c-2600-4cd4-5c5e-2b799ff7f757-mesh-vertices">
          <input semantic="POSITION" source="#b98bce8c-2600-4cd4-5c5e-2b799ff7f757-mesh-positions"/>
        </vertices>
        <polylist material="Material_0-material" count="6">
          <input semantic="VERTEX" source="#b98bce8c-2600-4cd4-5c5e-2b799ff7f757-mesh-vertices" offset="0"/>
          <input semantic="NORMAL" source="#b98bce8c-2600-4cd4-5c5e-2b799ff7f757-mesh-normals" offset="1"/>
          <input semantic="TEXCOORD" source="#b98bce8c-2600-4cd4-5c5e-2b799ff7f757-mesh-map-0" offset="2" set="0"/>
          <vcount>4 4 4 4 4 4</vcount>
          <p>3 0 3 6 0 2 4 0 1 1 0 0 2 1 7 3 1 6 1 1 5 0 1 4 7 2 11 2 2 10 0 2 9 5 2 8 6 3 15 7 3 14 5 3 13 4 3 12 5 4 19 0 4 18 1 4 17 4 4 16 6 5 23 3 5 22 2 5 21 7 5 20</p>
        </polylist>
      </mesh>
    </geometry>
    <geometry id="0fb80bc3-4f62-eec7-ae80-5b05fb421200-mesh" name="cube">
      <mesh>
        <source id="0fb80bc3-4f62-eec7-ae80-5b05fb421200-mesh-positions">
          <float_array id="0fb80bc3-4f62-eec7-ae80-5b05fb421200-mesh-positions-array" count="24">0.00125 0.266875 1.6575 0.00125 0.266875 1.4675 0.00125 0.170625 1.6575 0.00125 0.170625 1.4675 -0.00125 0.266875 1.4675 -0.00125 0.266875 1.6575 -0.00125 0.170625 1.4675 -0.00125 0.170625 1.6575</float_array>
          <technique_common>
            <accessor source="#0fb80bc3-4f62-eec7-ae80-5b05fb421200-mesh-positions-array" count="8" stride="3">
              <param name="X" type="float"/>
              <param name="Y" type="float"/>
              <param name="Z" type="float"/>
            </accessor>
          </technique_common>
        </source>
        <source id="0fb80bc3-4f62-eec7-ae80-5b05fb421200-mesh-normals">
          <float_array id="0fb80bc3-4f62-eec7-ae80-5b05fb421200-mesh-normals-array" count="6">1 0 0 -1 0 0</float_array>
          <technique_common>
            <accessor source="#0fb80bc3-4f62-eec7-ae80-5b05fb421200-mesh-normals-array" count="2" stride="3">
              <param name="X" type="float"/>
              <param name="Y" type="float"/>
              <param name="Z" type="float"/>
            </accessor>
          </technique_common>
        </source>
        <source id="0fb80bc3-4f62-eec7-ae80-5b05fb421200-mesh-map-0">
          <float_array id="0fb80bc3-4f62-eec7-ae80-5b05fb421200-mesh-map-0-array" count="16">0.34375 0.109375 0.390625 0.109375 0.390625 0.085938 0.34375 0.085938 0.390625 0.109375 0.4375 0.109375 0.4375 0.085938 0.390625 0.085938</float_array>
          <technique_common>
            <accessor source="#0fb80bc3-4f62-eec7-ae80-5b05fb421200-mesh-map-0-array" count="8" stride="2">
              <param name="S" type="float"/>
              <param name="T" type="float"/>
            </accessor>
          </technique_common>
        </source>
        <vertices id="0fb80bc3-4f62-eec7-ae80-5b05fb421200-mesh-vertices">
          <input semantic="POSITION" source="#0fb80bc3-4f62-eec7-ae80-5b05fb421200-mesh-positions"/>
        </vertices>
        <polylist material="Material_0-material" count="6">
          <input semantic="VERTEX" source="#0fb80bc3-4f62-eec7-ae80-5b05fb421200-mesh-vertices" offset="0"/>
          <input semantic="NORMAL" source="#0fb80bc3-4f62-eec7-ae80-5b05fb421200-mesh-normals" offset="1"/>
          <input semantic="TEXCOORD" source="#0fb80bc3-4f62-eec7-ae80-5b05fb421200-mesh-map-0" offset="2" set="0"/>
          <vcount>4 4</vcount>
          <p>2 0 3 3 0 2 1 0 1 0 0 0 6 1 7 7 1 6 5 1 5 4 1 4</p>
        </polylist>
      </mesh>
    </geometry>
    <geometry id="336d5e5f-9136-0616-a01b-9a4c74ff4af3-mesh" name="cube">
      <mesh>
        <source id="336d5e5f-9136-0616-a01b-9a4c74ff4af3-mesh-positions">
          <float_array id="336d5e5f-9136-0616-a01b-9a4c74ff4af3-mesh-positions-array" count="24">0.001563 0.689062 0.376562 0.001563 0.689062 0.310938 0.001563 0.435938 0.376562 0.001563 0.435938 0.310938 -0.126563 0.689062 0.310938 -0.126563 0.689062 0.376562 -0.126563 0.435938 0.310938 -0.126563 0.435938 0.376562</float_array>
          <technique_common>
            <accessor source="#336d5e5f-9136-0616-a01b-9a4c74ff4af3-mesh-positions-array" count="8" stride="3">
              <param name="X" type="float"/>
              <param name="Y" type="float"/>
              <param name="Z" type="float"/>
            </accessor>
          </technique_common>
        </source>
        <source id="336d5e5f-9136-0616-a01b-9a4c74ff4af3-mesh-normals">
          <float_array id="336d5e5f-9136-0616-a01b-9a4c74ff4af3-mesh-normals-array" count="15">1 0 0 0 0 1 -1 0 0 0 1 0 0 -1 0</float_array>
          <technique_common>
            <accessor source="#336d5e5f-9136-0616-a01b-9a4c74ff4af3-mesh-normals-array" count="5" stride="3">
              <param name="X" type="float"/>
              <param name="Y" type="float"/>
              <param name="Z" type="float"/>
            </accessor>
          </technique_common>
        </source>
        <source id="336d5e5f-9136-0616-a01b-9a4c74ff4af3-mesh-map-0">
          <float_array id="336d5e5f-9136-0616-a01b-9a4c74ff4af3-mesh-map-0-array" count="40">0.90625 0.453125 0.921875 0.453125 0.921875 0.390625 0.90625 0.390625 0.875 0.640625 0.90625 0.640625 0.90625 0.578125 0.875 0.578125 0.5625 0.09375 0.578125 0.09375 0.578125 0.03125 0.5625 0.03125 0.9375 0.140625 0.90625 0.140625 0.90625 0.15625 0.9375 0.15625 0.9375 0.140625 0.90625 0.140625 0.90625 0.125 0.9375 0.125</float_array>
          <technique_common>
            <accessor source="#336d5e5f-9136-0616-a01b-9a4c74ff4af3-mesh-map-0-array" count="20" stride="2">
              <param name="S" type="float"/>
              <param name="T" type="float"/>
            </accessor>
          </technique_common>
        </source>
        <vertices id="336d5e5f-9136-0616-a01b-9a4c74ff4af3-mesh-vertices">
          <input semantic="POSITION" source="#336d5e5f-9136-0616-a01b-9a4c74ff4af3-mesh-positions"/>
        </vertices>
        <polylist material="Material_0-material" count="6">
          <input semantic="VERTEX" source="#336d5e5f-9136-0616-a01b-9a4c74ff4af3-mesh-vertices" offset="0"/>
          <input semantic="NORMAL" source="#336d5e5f-9136-0616-a01b-9a4c74ff4af3-mesh-normals" offset="1"/>
          <input semantic="TEXCOORD" source="#336d5e5f-9136-0616-a01b-9a4c74ff4af3-mesh-map-0" offset="2" set="0"/>
          <vcount>4 4 4 4 4</vcount>
          <p>2 0 3 3 0 2 1 0 1 0 0 0 7 1 7 2 1 6 0 1 5 5 1 4 6 2 11 7 2 10 5 2 9 4 2 8 5 3 15 0 3 14 1 3 13 4 3 12 6 4 19 3 4 18 2 4 17 7 4 16</p>
        </polylist>
      </mesh>
    </geometry>
    <geometry id="3921a1fd-83ae-1b45-259e-3539093f882e-mesh" name="cube">
      <mesh>
        <source id="3921a1fd-83ae-1b45-259e-3539093f882e-mesh-positions">
          <float_array id="3921a1fd-83ae-1b45-259e-3539093f882e-mesh-positions-array" count="24">0.189063 0.689062 0.376562 0.189063 0.689062 0.310938 0.189063 0.435938 0.376562 0.189063 0.435938 0.310938 0.060937 0.689062 0.310938 0.060937 0.689062 0.376562 0.060937 0.435938 0.310938 0.060937 0.435938 0.376562</float_array>
          <technique_common>
            <accessor source="#3921a1fd-83ae-1b45-259e-3539093f882e-mesh-positions-array" count="8" stride="3">
              <param name="X" type="float"/>
              <param name="Y" type="float"/>
              <param name="Z" type="float"/>
            </accessor>
          </technique_common>
        </source>
        <source id="3921a1fd-83ae-1b45-259e-3539093f882e-mesh-normals">
          <float_array id="3921a1fd-83ae-1b45-259e-3539093f882e-mesh-normals-array" count="15">1 0 0 0 0 1 -1 0 0 0 1 0 0 -1 0</float_array>
          <technique_common>
            <accessor source="#3921a1fd-83ae-1b45-259e-3539093f882e-mesh-normals-array" count="5" stride="3">
              <param name="X" type="float"/>
              <param name="Y" type="float"/>
              <param name="Z" type="float"/>
            </accessor>
          </technique_common>
        </source>
        <source id="3921a1fd-83ae-1b45-259e-3539093f882e-mesh-map-0">
          <float_array id="3921a1fd-83ae-1b45-259e-3539093f882e-mesh-map-0-array" count="40">0.578125 0.09375 0.59375 0.09375 0.59375 0.03125 0.578125 0.03125 0.875 0.578125 0.90625 0.578125 0.90625 0.515625 0.875 0.515625 0.90625 0.390625 0.921875 0.390625 0.921875 0.328125 0.90625 0.328125 0.90625 0.078125 0.875 0.078125 0.875 0.09375 0.90625 0.09375 0.9375 0.125 0.90625 0.125 0.90625 0.109375 0.9375 0.109375</float_array>
          <technique_common>
            <accessor source="#3921a1fd-83ae-1b45-259e-3539093f882e-mesh-map-0-array" count="20" stride="2">
              <param name="S" type="float"/>
              <param name="T" type="float"/>
            </accessor>
          </technique_common>
        </source>
        <vertices id="3921a1fd-83ae-1b45-259e-3539093f882e-mesh-vertices">
          <input semantic="POSITION" source="#3921a1fd-83ae-1b45-259e-3539093f882e-mesh-positions"/>
        </vertices>
        <polylist material="Material_0-material" count="6">
          <input semantic="VERTEX" source="#3921a1fd-83ae-1b45-259e-3539093f882e-mesh-vertices" offset="0"/>
          <input semantic="NORMAL" source="#3921a1fd-83ae-1b45-259e-3539093f882e-mesh-normals" offset="1"/>
          <input semantic="TEXCOORD" source="#3921a1fd-83ae-1b45-259e-3539093f882e-mesh-map-0" offset="2" set="0"/>
          <vcount>4 4 4 4 4</vcount>
          <p>2 0 3 3 0 2 1 0 1 0 0 0 7 1 7 2 1 6 0 1 5 5 1 4 6 2 11 7 2 10 5 2 9 4 2 8 5 3 15 0 3 14 1 3 13 4 3 12 6 4 19 3 4 18 2 4 17 7 4 16</p>
        </polylist>
      </mesh>
    </geometry>
    <geometry id="122e5b1b-168e-4bb3-85a8-4241cd03031b-mesh" name="cube">
      <mesh>
        <source id="122e5b1b-168e-4bb3-85a8-4241cd03031b-mesh-positions">
          <float_array id="122e5b1b-168e-4bb3-85a8-4241cd03031b-mesh-positions-array" count="24">0.189063 0.626562 0.439062 0.189063 0.626562 0.310938 0.189063 0.498438 0.439062 0.189063 0.498438 0.310938 -0.064063 0.626562 0.310938 -0.064063 0.626562 0.439062 -0.064063 0.498438 0.310938 -0.064063 0.498438 0.439062</float_array>
          <technique_common>
            <accessor source="#122e5b1b-168e-4bb3-85a8-4241cd03031b-mesh-positions-array" count="8" stride="3">
              <param name="X" type="float"/>
              <param name="Y" type="float"/>
              <param name="Z" type="float"/>
            </accessor>
          </technique_common>
        </source>
        <source id="122e5b1b-168e-4bb3-85a8-4241cd03031b-mesh-normals">
          <float_array id="122e5b1b-168e-4bb3-85a8-4241cd03031b-mesh-normals-array" count="15">1 0 0 0 0 1 -1 0 0 0 1 0 0 -1 0</float_array>
          <technique_common>
            <accessor source="#122e5b1b-168e-4bb3-85a8-4241cd03031b-mesh-normals-array" count="5" stride="3">
              <param name="X" type="float"/>
              <param name="Y" type="float"/>
              <param name="Z" type="float"/>
            </accessor>
          </technique_common>
        </source>
        <source id="122e5b1b-168e-4bb3-85a8-4241cd03031b-mesh-map-0">
          <float_array id="122e5b1b-168e-4bb3-85a8-4241cd03031b-mesh-map-0-array" count="40">0.640625 0.09375 0.671875 0.09375 0.671875 0.0625 0.640625 0.0625 0.875 0.796875 0.9375 0.796875 0.9375 0.765625 0.875 0.765625 0.671875 0.09375 0.703125 0.09375 0.703125 0.0625 0.671875 0.0625 0.59375 0.09375 0.53125 0.09375 0.53125 0.125 0.59375 0.125 0.734375 0.125 0.671875 0.125 0.671875 0.09375 0.734375 0.09375</float_array>
          <technique_common>
            <accessor source="#122e5b1b-168e-4bb3-85a8-4241cd03031b-mesh-map-0-array" count="20" stride="2">
              <param name="S" type="float"/>
              <param name="T" type="float"/>
            </accessor>
          </technique_common>
        </source>
        <vertices id="122e5b1b-168e-4bb3-85a8-4241cd03031b-mesh-vertices">
          <input semantic="POSITION" source="#122e5b1b-168e-4bb3-85a8-4241cd03031b-mesh-positions"/>
        </vertices>
        <polylist material="Material_0-material" count="6">
          <input semantic="VERTEX" source="#122e5b1b-168e-4bb3-85a8-4241cd03031b-mesh-vertices" offset="0"/>
          <input semantic="NORMAL" source="#122e5b1b-168e-4bb3-85a8-4241cd03031b-mesh-normals" offset="1"/>
          <input semantic="TEXCOORD" source="#122e5b1b-168e-4bb3-85a8-4241cd03031b-mesh-map-0" offset="2" set="0"/>
          <vcount>4 4 4 4 4</vcount>
          <p>2 0 3 3 0 2 1 0 1 0 0 0 7 1 7 2 1 6 0 1 5 5 1 4 6 2 11 7 2 10 5 2 9 4 2 8 5 3 15 0 3 14 1 3 13 4 3 12 6 4 19 3 4 18 2 4 17 7 4 16</p>
        </polylist>
      </mesh>
    </geometry>
    <geometry id="827908b0-e67a-611d-9f00-650acf937a73-mesh" name="cube">
      <mesh>
        <source id="827908b0-e67a-611d-9f00-650acf937a73-mesh-positions">
          <float_array id="827908b0-e67a-611d-9f00-650acf937a73-mesh-positions-array" count="24">0.220313 0.626562 -0.185937 0.220313 0.626562 -0.376562 0.220313 0.435938 -0.185937 0.220313 0.435938 -0.376562 -0.095313 0.626562 -0.376562 -0.095313 0.626562 -0.185937 -0.095313 0.435938 -0.376562 -0.095313 0.435938 -0.185937</float_array>
          <technique_common>
            <accessor source="#827908b0-e67a-611d-9f00-650acf937a73-mesh-positions-array" count="8" stride="3">
              <param name="X" type="float"/>
              <param name="Y" type="float"/>
              <param name="Z" type="float"/>
            </accessor>
          </technique_common>
        </source>
        <source id="827908b0-e67a-611d-9f00-650acf937a73-mesh-normals">
          <float_array id="827908b0-e67a-611d-9f00-650acf937a73-mesh-normals-array" count="6">1 0 0 -1 0 0</float_array>
          <technique_common>
            <accessor source="#827908b0-e67a-611d-9f00-650acf937a73-mesh-normals-array" count="2" stride="3">
              <param name="X" type="float"/>
              <param name="Y" type="float"/>
              <param name="Z" type="float"/>
            </accessor>
          </technique_common>
        </source>
        <source id="827908b0-e67a-611d-9f00-650acf937a73-mesh-map-0">
          <float_array id="827908b0-e67a-611d-9f00-650acf937a73-mesh-map-0-array" count="16">0.09375 0.15625 0.140625 0.15625 0.140625 0.109375 0.09375 0.109375 0.84375 0.90625 0.890625 0.90625 0.890625 0.859375 0.84375 0.859375</float_array>
          <technique_common>
            <accessor source="#827908b0-e67a-611d-9f00-650acf937a73-mesh-map-0-array" count="8" stride="2">
              <param name="S" type="float"/>
              <param name="T" type="float"/>
            </accessor>
          </technique_common>
        </source>
        <vertices id="827908b0-e67a-611d-9f00-650acf937a73-mesh-vertices">
          <input semantic="POSITION" source="#827908b0-e67a-611d-9f00-650acf937a73-mesh-positions"/>
        </vertices>
        <polylist material="Material_0-material" count="6">
          <input semantic="VERTEX" source="#827908b0-e67a-611d-9f00-650acf937a73-mesh-vertices" offset="0"/>
          <input semantic="NORMAL" source="#827908b0-e67a-611d-9f00-650acf937a73-mesh-normals" offset="1"/>
          <input semantic="TEXCOORD" source="#827908b0-e67a-611d-9f00-650acf937a73-mesh-map-0" offset="2" set="0"/>
          <vcount>4 4</vcount>
          <p>2 0 3 3 0 2 1 0 1 0 0 0 6 1 7 7 1 6 5 1 5 4 1 4</p>
        </polylist>
      </mesh>
    </geometry>
    <geometry id="bae90002-6f4a-758c-6b8c-97e3dc5a0f68-mesh" name="cube">
      <mesh>
        <source id="bae90002-6f4a-758c-6b8c-97e3dc5a0f68-mesh-positions">
          <float_array id="bae90002-6f4a-758c-6b8c-97e3dc5a0f68-mesh-positions-array" count="24">-0.03125 0.375 1.125 -0.03125 0.375 0.6875 -0.03125 0.059375 1.125 -0.03125 0.059375 0.6875 -0.09375 0.375 0.6875 -0.09375 0.375 1.125 -0.09375 0.059375 0.6875 -0.09375 0.059375 1.125</float_array>
          <technique_common>
            <accessor source="#bae90002-6f4a-758c-6b8c-97e3dc5a0f68-mesh-positions-array" count="8" stride="3">
              <param name="X" type="float"/>
              <param name="Y" type="float"/>
              <param name="Z" type="float"/>
            </accessor>
          </technique_common>
        </source>
        <source id="bae90002-6f4a-758c-6b8c-97e3dc5a0f68-mesh-normals">
          <float_array id="bae90002-6f4a-758c-6b8c-97e3dc5a0f68-mesh-normals-array" count="9">1 0 0 -1 0 0 0 -1 0</float_array>
          <technique_common>
            <accessor source="#bae90002-6f4a-758c-6b8c-97e3dc5a0f68-mesh-normals-array" count="3" stride="3">
              <param name="X" type="float"/>
              <param name="Y" type="float"/>
              <param name="Z" type="float"/>
            </accessor>
          </technique_common>
        </source>
        <source id="bae90002-6f4a-758c-6b8c-97e3dc5a0f68-mesh-map-0">
          <float_array id="bae90002-6f4a-758c-6b8c-97e3dc5a0f68-mesh-map-0-array" count="24">0.40625 0.8125 0.515625 0.8125 0.515625 0.734375 0.40625 0.734375 0.46875 0.734375 0.578125 0.734375 0.578125 0.65625 0.46875 0.65625 0.34375 0.15625 0.328125 0.15625 0.328125 0.046875 0.34375 0.046875</float_array>
          <technique_common>
            <accessor source="#bae90002-6f4a-758c-6b8c-97e3dc5a0f68-mesh-map-0-array" count="12" stride="2">
              <param name="S" type="float"/>
              <param name="T" type="float"/>
            </accessor>
          </technique_common>
        </source>
        <vertices id="bae90002-6f4a-758c-6b8c-97e3dc5a0f68-mesh-vertices">
          <input semantic="POSITION" source="#bae90002-6f4a-758c-6b8c-97e3dc5a0f68-mesh-positions"/>
        </vertices>
        <polylist material="Material_0-material" count="6">
          <input semantic="VERTEX" source="#bae90002-6f4a-758c-6b8c-97e3dc5a0f68-mesh-vertices" offset="0"/>
          <input semantic="NORMAL" source="#bae90002-6f4a-758c-6b8c-97e3dc5a0f68-mesh-normals" offset="1"/>
          <input semantic="TEXCOORD" source="#bae90002-6f4a-758c-6b8c-97e3dc5a0f68-mesh-map-0" offset="2" set="0"/>
          <vcount>4 4 4</vcount>
          <p>2 0 3 3 0 2 1 0 1 0 0 0 6 1 7 7 1 6 5 1 5 4 1 4 6 2 11 3 2 10 2 2 9 7 2 8</p>
        </polylist>
      </mesh>
    </geometry>
    <geometry id="83ecbb92-7b22-6c40-d2d9-70b472ec1a92-mesh" name="cube">
      <mesh>
        <source id="83ecbb92-7b22-6c40-d2d9-70b472ec1a92-mesh-positions">
          <float_array id="83ecbb92-7b22-6c40-d2d9-70b472ec1a92-mesh-positions-array" count="24">-0.032813 0.185938 0.898437 -0.032813 0.185938 0.564062 -0.032813 0.064062 0.898437 -0.032813 0.064062 0.564062 -0.092187 0.185938 0.564062 -0.092187 0.185938 0.898437 -0.092187 0.064062 0.564062 -0.092187 0.064062 0.898437</float_array>
          <technique_common>
            <accessor source="#83ecbb92-7b22-6c40-d2d9-70b472ec1a92-mesh-positions-array" count="8" stride="3">
              <param name="X" type="float"/>
              <param name="Y" type="float"/>
              <param name="Z" type="float"/>
            </accessor>
          </technique_common>
        </source>
        <source id="83ecbb92-7b22-6c40-d2d9-70b472ec1a92-mesh-normals">
          <float_array id="83ecbb92-7b22-6c40-d2d9-70b472ec1a92-mesh-normals-array" count="9">1 0 0 -1 0 0 0 -1 0</float_array>
          <technique_common>
            <accessor source="#83ecbb92-7b22-6c40-d2d9-70b472ec1a92-mesh-normals-array" count="3" stride="3">
              <param name="X" type="float"/>
              <param name="Y" type="float"/>
              <param name="Z" type="float"/>
            </accessor>
          </technique_common>
        </source>
        <source id="83ecbb92-7b22-6c40-d2d9-70b472ec1a92-mesh-map-0">
          <float_array id="83ecbb92-7b22-6c40-d2d9-70b472ec1a92-mesh-map-0-array" count="24">0.65625 0.921875 0.742188 0.921875 0.742188 0.890625 0.65625 0.890625 0.78125 0.296875 0.867188 0.296875 0.867188 0.265625 0.78125 0.265625 0.484375 0.140625 0.46875 0.140625 0.46875 0.054688 0.484375 0.054688</float_array>
          <technique_common>
            <accessor source="#83ecbb92-7b22-6c40-d2d9-70b472ec1a92-mesh-map-0-array" count="12" stride="2">
              <param name="S" type="float"/>
              <param name="T" type="float"/>
            </accessor>
          </technique_common>
        </source>
        <vertices id="83ecbb92-7b22-6c40-d2d9-70b472ec1a92-mesh-vertices">
          <input semantic="POSITION" source="#83ecbb92-7b22-6c40-d2d9-70b472ec1a92-mesh-positions"/>
        </vertices>
        <polylist material="Material_0-material" count="6">
          <input semantic="VERTEX" source="#83ecbb92-7b22-6c40-d2d9-70b472ec1a92-mesh-vertices" offset="0"/>
          <input semantic="NORMAL" source="#83ecbb92-7b22-6c40-d2d9-70b472ec1a92-mesh-normals" offset="1"/>
          <input semantic="TEXCOORD" source="#83ecbb92-7b22-6c40-d2d9-70b472ec1a92-mesh-map-0" offset="2" set="0"/>
          <vcount>4 4 4</vcount>
          <p>2 0 3 3 0 2 1 0 1 0 0 0 6 1 7 7 1 6 5 1 5 4 1 4 6 2 11 3 2 10 2 2 9 7 2 8</p>
        </polylist>
      </mesh>
    </geometry>
    <geometry id="a190a7f4-d5ca-82b8-517d-37454153e308-mesh" name="cube">
      <mesh>
        <source id="a190a7f4-d5ca-82b8-517d-37454153e308-mesh-positions">
          <float_array id="a190a7f4-d5ca-82b8-517d-37454153e308-mesh-positions-array" count="24">0.09375 0.4375 1.125 0.09375 0.4375 0.375 0.09375 0.375 1.125 0.09375 0.375 0.375 -0.09375 0.4375 0.375 -0.09375 0.4375 1.125 -0.09375 0.375 0.375 -0.09375 0.375 1.125</float_array>
          <technique_common>
            <accessor source="#a190a7f4-d5ca-82b8-517d-37454153e308-mesh-positions-array" count="8" stride="3">
              <param name="X" type="float"/>
              <param name="Y" type="float"/>
              <param name="Z" type="float"/>
            </accessor>
          </technique_common>
        </source>
        <source id="a190a7f4-d5ca-82b8-517d-37454153e308-mesh-normals">
          <float_array id="a190a7f4-d5ca-82b8-517d-37454153e308-mesh-normals-array" count="18">0 0 -1 1 0 0 0 0 1 -1 0 0 0 1 0 0 -1 0</float_array>
          <technique_common>
            <accessor source="#a190a7f4-d5ca-82b8-517d-37454153e308-mesh-normals-array" count="6" stride="3">
              <param name="X" type="float"/>
              <param name="Y" type="float"/>
              <param name="Z" type="float"/>
            </accessor>
          </technique_common>
        </source>
        <source id="a190a7f4-d5ca-82b8-517d-37454153e308-mesh-map-0">
          <float_array id="a190a7f4-d5ca-82b8-517d-37454153e308-mesh-map-0-array" count="48">0.859375 0.484375 0.90625 0.484375 0.90625 0.46875 0.859375 0.46875 0.671875 0.484375 0.859375 0.484375 0.859375 0.46875 0.671875 0.46875 0.90625 0.484375 0.953125 0.484375 0.953125 0.46875 0.90625 0.46875 0.75 0.703125 0.9375 0.703125 0.9375 0.6875 0.75 0.6875 0.484375 0.8125 0.4375 0.8125 0.4375 1 0.484375 1 0.484375 0.609375 0.4375 0.609375 0.4375 0.421875 0.484375 0.421875</float_array>
          <technique_common>
            <accessor source="#a190a7f4-d5ca-82b8-517d-37454153e308-mesh-map-0-array" count="24" stride="2">
              <param name="S" type="float"/>
              <param name="T" type="float"/>
            </accessor>
          </technique_common>
        </source>
        <vertices id="a190a7f4-d5ca-82b8-517d-37454153e308-mesh-vertices">
          <input semantic="POSITION" source="#a190a7f4-d5ca-82b8-517d-37454153e308-mesh-positions"/>
        </vertices>
        <polylist material="Material_0-material" count="6">
          <input semantic="VERTEX" source="#a190a7f4-d5ca-82b8-517d-37454153e308-mesh-vertices" offset="0"/>
          <input semantic="NORMAL" source="#a190a7f4-d5ca-82b8-517d-37454153e308-mesh-normals" offset="1"/>
          <input semantic="TEXCOORD" source="#a190a7f4-d5ca-82b8-517d-37454153e308-mesh-map-0" offset="2" set="0"/>
          <vcount>4 4 4 4 4 4</vcount>
          <p>3 0 3 6 0 2 4 0 1 1 0 0 2 1 7 3 1 6 1 1 5 0 1 4 7 2 11 2 2 10 0 2 9 5 2 8 6 3 15 7 3 14 5 3 13 4 3 12 5 4 19 0 4 18 1 4 17 4 4 16 6 5 23 3 5 22 2 5 21 7 5 20</p>
        </polylist>
      </mesh>
    </geometry>
    <geometry id="d3f15c1e-a1c5-54b8-4ab2-3d2443d1de8b-mesh" name="cube">
      <mesh>
        <source id="d3f15c1e-a1c5-54b8-4ab2-3d2443d1de8b-mesh-positions">
          <float_array id="d3f15c1e-a1c5-54b8-4ab2-3d2443d1de8b-mesh-positions-array" count="24">0.09375 0.375 0.6875 0.09375 0.375 0.375 0.09375 0.1875 0.6875 0.09375 0.1875 0.375 0.03125 0.375 0.375 0.03125 0.375 0.6875 0.03125 0.1875 0.375 0.03125 0.1875 0.6875</float_array>
          <technique_common>
            <accessor source="#d3f15c1e-a1c5-54b8-4ab2-3d2443d1de8b-mesh-positions-array" count="8" stride="3">
              <param name="X" type="float"/>
              <param name="Y" type="float"/>
              <param name="Z" type="float"/>
            </accessor>
          </technique_common>
        </source>
        <source id="d3f15c1e-a1c5-54b8-4ab2-3d2443d1de8b-mesh-normals">
          <float_array id="d3f15c1e-a1c5-54b8-4ab2-3d2443d1de8b-mesh-normals-array" count="9">0 0 -1 1 0 0 -1 0 0</float_array>
          <technique_common>
            <accessor source="#d3f15c1e-a1c5-54b8-4ab2-3d2443d1de8b-mesh-normals-array" count="3" stride="3">
              <param name="X" type="float"/>
              <param name="Y" type="float"/>
              <param name="Z" type="float"/>
            </accessor>
          </technique_common>
        </source>
        <source id="d3f15c1e-a1c5-54b8-4ab2-3d2443d1de8b-mesh-map-0">
          <float_array id="d3f15c1e-a1c5-54b8-4ab2-3d2443d1de8b-mesh-map-0-array" count="24">0.703125 0.09375 0.71875 0.09375 0.71875 0.046875 0.703125 0.046875 0.34375 0.234375 0.421875 0.234375 0.421875 0.1875 0.34375 0.1875 0.765625 0.625 0.84375 0.625 0.84375 0.578125 0.765625 0.578125</float_array>
          <technique_common>
            <accessor source="#d3f15c1e-a1c5-54b8-4ab2-3d2443d1de8b-mesh-map-0-array" count="12" stride="2">
              <param name="S" type="float"/>
              <param name="T" type="float"/>
            </accessor>
          </technique_common>
        </source>
        <vertices id="d3f15c1e-a1c5-54b8-4ab2-3d2443d1de8b-mesh-vertices">
          <input semantic="POSITION" source="#d3f15c1e-a1c5-54b8-4ab2-3d2443d1de8b-mesh-positions"/>
        </vertices>
        <polylist material="Material_0-material" count="6">
          <input semantic="VERTEX" source="#d3f15c1e-a1c5-54b8-4ab2-3d2443d1de8b-mesh-vertices" offset="0"/>
          <input semantic="NORMAL" source="#d3f15c1e-a1c5-54b8-4ab2-3d2443d1de8b-mesh-normals" offset="1"/>
          <input semantic="TEXCOORD" source="#d3f15c1e-a1c5-54b8-4ab2-3d2443d1de8b-mesh-map-0" offset="2" set="0"/>
          <vcount>4 4 4</vcount>
          <p>3 0 3 6 0 2 4 0 1 1 0 0 2 1 7 3 1 6 1 1 5 0 1 4 6 2 11 7 2 10 5 2 9 4 2 8</p>
        </polylist>
      </mesh>
    </geometry>
    <geometry id="3f5d2591-520e-3d06-1091-6270cf447369-mesh" name="cube">
      <mesh>
        <source id="3f5d2591-520e-3d06-1091-6270cf447369-mesh-positions">
          <float_array id="3f5d2591-520e-3d06-1091-6270cf447369-mesh-positions-array" count="24">0.092187 0.185938 0.898437 0.092187 0.185938 0.564062 0.092187 0.064062 0.898437 0.092187 0.064062 0.564062 0.032813 0.185938 0.564062 0.032813 0.185938 0.898437 0.032813 0.064062 0.564062 0.032813 0.064062 0.898437</float_array>
          <technique_common>
            <accessor source="#3f5d2591-520e-3d06-1091-6270cf447369-mesh-positions-array" count="8" stride="3">
              <param name="X" type="float"/>
              <param name="Y" type="float"/>
              <param name="Z" type="float"/>
            </accessor>
          </technique_common>
        </source>
        <source id="3f5d2591-520e-3d06-1091-6270cf447369-mesh-normals">
          <float_array id="3f5d2591-520e-3d06-1091-6270cf447369-mesh-normals-array" count="9">1 0 0 -1 0 0 0 -1 0</float_array>
          <technique_common>
            <accessor source="#3f5d2591-520e-3d06-1091-6270cf447369-mesh-normals-array" count="3" stride="3">
              <param name="X" type="float"/>
              <param name="Y" type="float"/>
              <param name="Z" type="float"/>
            </accessor>
          </technique_common>
        </source>
        <source id="3f5d2591-520e-3d06-1091-6270cf447369-mesh-map-0">
          <float_array id="3f5d2591-520e-3d06-1091-6270cf447369-mesh-map-0-array" count="24">0.796875 0.515625 0.882813 0.515625 0.882813 0.484375 0.796875 0.484375 0.796875 0.265625 0.882813 0.265625 0.882813 0.234375 0.796875 0.234375 0.78125 0.125 0.765625 0.125 0.765625 0.039063 0.78125 0.039063</float_array>
          <technique_common>
            <accessor source="#3f5d2591-520e-3d06-1091-6270cf447369-mesh-map-0-array" count="12" stride="2">
              <param name="S" type="float"/>
              <param name="T" type="float"/>
            </accessor>
          </technique_common>
        </source>
        <vertices id="3f5d2591-520e-3d06-1091-6270cf447369-mesh-vertices">
          <input semantic="POSITION" source="#3f5d2591-520e-3d06-1091-6270cf447369-mesh-positions"/>
        </vertices>
        <polylist material="Material_0-material" count="6">
          <input semantic="VERTEX" source="#3f5d2591-520e-3d06-1091-6270cf447369-mesh-vertices" offset="0"/>
          <input semantic="NORMAL" source="#3f5d2591-520e-3d06-1091-6270cf447369-mesh-normals" offset="1"/>
          <input semantic="TEXCOORD" source="#3f5d2591-520e-3d06-1091-6270cf447369-mesh-map-0" offset="2" set="0"/>
          <vcount>4 4 4</vcount>
          <p>2 0 3 3 0 2 1 0 1 0 0 0 6 1 7 7 1 6 5 1 5 4 1 4 6 2 11 3 2 10 2 2 9 7 2 8</p>
        </polylist>
      </mesh>
    </geometry>
    <geometry id="19322e63-afa0-e974-31c8-1c414b04440a-mesh" name="cube">
      <mesh>
        <source id="19322e63-afa0-e974-31c8-1c414b04440a-mesh-positions">
          <float_array id="19322e63-afa0-e974-31c8-1c414b04440a-mesh-positions-array" count="24">0.09375 0.375 1.125 0.09375 0.375 0.6875 0.09375 0.059375 1.125 0.09375 0.059375 0.6875 0.03125 0.375 0.6875 0.03125 0.375 1.125 0.03125 0.059375 0.6875 0.03125 0.059375 1.125</float_array>
          <technique_common>
            <accessor source="#19322e63-afa0-e974-31c8-1c414b04440a-mesh-positions-array" count="8" stride="3">
              <param name="X" type="float"/>
              <param name="Y" type="float"/>
              <param name="Z" type="float"/>
            </accessor>
          </technique_common>
        </source>
        <source id="19322e63-afa0-e974-31c8-1c414b04440a-mesh-normals">
          <float_array id="19322e63-afa0-e974-31c8-1c414b04440a-mesh-normals-array" count="9">1 0 0 -1 0 0 0 -1 0</float_array>
          <technique_common>
            <accessor source="#19322e63-afa0-e974-31c8-1c414b04440a-mesh-normals-array" count="3" stride="3">
              <param name="X" type="float"/>
              <param name="Y" type="float"/>
              <param name="Z" type="float"/>
            </accessor>
          </technique_common>
        </source>
        <source id="19322e63-afa0-e974-31c8-1c414b04440a-mesh-map-0">
          <float_array id="19322e63-afa0-e974-31c8-1c414b04440a-mesh-map-0-array" count="24">0.484375 1 0.59375 1 0.59375 0.921875 0.484375 0.921875 0.484375 0.921875 0.59375 0.921875 0.59375 0.84375 0.484375 0.84375 0.09375 0.140625 0.078125 0.140625 0.078125 0.03125 0.09375 0.03125</float_array>
          <technique_common>
            <accessor source="#19322e63-afa0-e974-31c8-1c414b04440a-mesh-map-0-array" count="12" stride="2">
              <param name="S" type="float"/>
              <param name="T" type="float"/>
            </accessor>
          </technique_common>
        </source>
        <vertices id="19322e63-afa0-e974-31c8-1c414b04440a-mesh-vertices">
          <input semantic="POSITION" source="#19322e63-afa0-e974-31c8-1c414b04440a-mesh-positions"/>
        </vertices>
        <polylist material="Material_0-material" count="6">
          <input semantic="VERTEX" source="#19322e63-afa0-e974-31c8-1c414b04440a-mesh-vertices" offset="0"/>
          <input semantic="NORMAL" source="#19322e63-afa0-e974-31c8-1c414b04440a-mesh-normals" offset="1"/>
          <input semantic="TEXCOORD" source="#19322e63-afa0-e974-31c8-1c414b04440a-mesh-map-0" offset="2" set="0"/>
          <vcount>4 4 4</vcount>
          <p>2 0 3 3 0 2 1 0 1 0 0 0 6 1 7 7 1 6 5 1 5 4 1 4 6 2 11 3 2 10 2 2 9 7 2 8</p>
        </polylist>
      </mesh>
    </geometry>
    <geometry id="b0739ffc-3f7d-5765-d65f-ce3e82997d64-mesh" name="cube">
      <mesh>
        <source id="b0739ffc-3f7d-5765-d65f-ce3e82997d64-mesh-positions">
          <float_array id="b0739ffc-3f7d-5765-d65f-ce3e82997d64-mesh-positions-array" count="24">0.03125 0.09375 0.46875 0.03125 0.09375 -0.28125 0.03125 -0.03125 0.46875 0.03125 -0.03125 -0.28125 -0.03125 0.09375 -0.28125 -0.03125 0.09375 0.46875 -0.03125 -0.03125 -0.28125 -0.03125 -0.03125 0.46875</float_array>
          <technique_common>
            <accessor source="#b0739ffc-3f7d-5765-d65f-ce3e82997d64-mesh-positions-array" count="8" stride="3">
              <param name="X" type="float"/>
              <param name="Y" type="float"/>
              <param name="Z" type="float"/>
            </accessor>
          </technique_common>
        </source>
        <source id="b0739ffc-3f7d-5765-d65f-ce3e82997d64-mesh-normals">
          <float_array id="b0739ffc-3f7d-5765-d65f-ce3e82997d64-mesh-normals-array" count="12">0 0 -1 1 0 0 0 0 1 0 1 0</float_array>
          <technique_common>
            <accessor source="#b0739ffc-3f7d-5765-d65f-ce3e82997d64-mesh-normals-array" count="4" stride="3">
              <param name="X" type="float"/>
              <param name="Y" type="float"/>
              <param name="Z" type="float"/>
            </accessor>
          </technique_common>
        </source>
        <source id="b0739ffc-3f7d-5765-d65f-ce3e82997d64-mesh-map-0">
          <float_array id="b0739ffc-3f7d-5765-d65f-ce3e82997d64-mesh-map-0-array" count="32">0.8125 0.09375 0.796875 0.09375 0.796875 0.0625 0.8125 0.0625 0.78125 0.890625 0.59375 0.890625 0.59375 0.859375 0.78125 0.859375 0.921875 0.1875 0.90625 0.1875 0.90625 0.15625 0.921875 0.15625 0.15625 0.046875 0.171875 0.046875 0.171875 0.234375 0.15625 0.234375</float_array>
          <technique_common>
            <accessor source="#b0739ffc-3f7d-5765-d65f-ce3e82997d64-mesh-map-0-array" count="16" stride="2">
              <param name="S" type="float"/>
              <param name="T" type="float"/>
            </accessor>
          </technique_common>
        </source>
        <vertices id="b0739ffc-3f7d-5765-d65f-ce3e82997d64-mesh-vertices">
          <input semantic="POSITION" source="#b0739ffc-3f7d-5765-d65f-ce3e82997d64-mesh-positions"/>
        </vertices>
        <polylist material="Material_0-material" count="6">
          <input semantic="VERTEX" source="#b0739ffc-3f7d-5765-d65f-ce3e82997d64-mesh-vertices" offset="0"/>
          <input semantic="NORMAL" source="#b0739ffc-3f7d-5765-d65f-ce3e82997d64-mesh-normals" offset="1"/>
          <input semantic="TEXCOORD" source="#b0739ffc-3f7d-5765-d65f-ce3e82997d64-mesh-map-0" offset="2" set="0"/>
          <vcount>4 4 4 4</vcount>
          <p>3 0 3 6 0 2 4 0 1 1 0 0 2 1 7 3 1 6 1 1 5 0 1 4 7 2 11 2 2 10 0 2 9 5 2 8 5 3 15 0 3 14 1 3 13 4 3 12</p>
        </polylist>
      </mesh>
    </geometry>
    <geometry id="0be7d2e1-dbd6-2c83-22fe-688bef3a0ad5-mesh" name="cube">
      <mesh>
        <source id="0be7d2e1-dbd6-2c83-22fe-688bef3a0ad5-mesh-positions">
          <float_array id="0be7d2e1-dbd6-2c83-22fe-688bef3a0ad5-mesh-positions-array" count="24">0 0.125 0.125 0 0.125 0 0 -0.125 0.125 0 -0.125 0 0 0.125 0 0 0.125 0.125 0 -0.125 0 0 -0.125 0.125</float_array>
          <technique_common>
            <accessor source="#0be7d2e1-dbd6-2c83-22fe-688bef3a0ad5-mesh-positions-array" count="8" stride="3">
              <param name="X" type="float"/>
              <param name="Y" type="float"/>
              <param name="Z" type="float"/>
            </accessor>
          </technique_common>
        </source>
        <source id="0be7d2e1-dbd6-2c83-22fe-688bef3a0ad5-mesh-normals">
          <float_array id="0be7d2e1-dbd6-2c83-22fe-688bef3a0ad5-mesh-normals-array" count="3">1 0 0</float_array>
          <technique_common>
            <accessor source="#0be7d2e1-dbd6-2c83-22fe-688bef3a0ad5-mesh-normals-array" count="1" stride="3">
              <param name="X" type="float"/>
              <param name="Y" type="float"/>
              <param name="Z" type="float"/>
            </accessor>
          </technique_common>
        </source>
        <source id="0be7d2e1-dbd6-2c83-22fe-688bef3a0ad5-mesh-map-0">
          <float_array id="0be7d2e1-dbd6-2c83-22fe-688bef3a0ad5-mesh-map-0-array" count="8">0.53125 0.140625 0.5 0.140625 0.5 0.078125 0.53125 0.078125</float_array>
          <technique_common>
            <accessor source="#0be7d2e1-dbd6-2c83-22fe-688bef3a0ad5-mesh-map-0-array" count="4" stride="2">
              <param name="S" type="float"/>
              <param name="T" type="float"/>
            </accessor>
          </technique_common>
        </source>
        <vertices id="0be7d2e1-dbd6-2c83-22fe-688bef3a0ad5-mesh-vertices">
          <input semantic="POSITION" source="#0be7d2e1-dbd6-2c83-22fe-688bef3a0ad5-mesh-positions"/>
        </vertices>
        <polylist material="Material_0-material" count="6">
          <input semantic="VERTEX" source="#0be7d2e1-dbd6-2c83-22fe-688bef3a0ad5-mesh-vertices" offset="0"/>
          <input semantic="NORMAL" source="#0be7d2e1-dbd6-2c83-22fe-688bef3a0ad5-mesh-normals" offset="1"/>
          <input semantic="TEXCOORD" source="#0be7d2e1-dbd6-2c83-22fe-688bef3a0ad5-mesh-map-0" offset="2" set="0"/>
          <vcount>4</vcount>
          <p>2 0 3 3 0 2 1 0 1 0 0 0</p>
        </polylist>
      </mesh>
    </geometry>
    <geometry id="7233d773-7b2e-23b6-0a07-43708e82ff0b-mesh" name="cube">
      <mesh>
        <source id="7233d773-7b2e-23b6-0a07-43708e82ff0b-mesh-positions">
          <float_array id="7233d773-7b2e-23b6-0a07-43708e82ff0b-mesh-positions-array" count="24">0.221875 0.628125 0.003125 0.221875 0.628125 -0.378125 0.221875 0.371875 0.003125 0.221875 0.371875 -0.378125 0.028125 0.628125 -0.378125 0.028125 0.628125 0.003125 0.028125 0.371875 -0.378125 0.028125 0.371875 0.003125</float_array>
          <technique_common>
            <accessor source="#7233d773-7b2e-23b6-0a07-43708e82ff0b-mesh-positions-array" count="8" stride="3">
              <param name="X" type="float"/>
              <param name="Y" type="float"/>
              <param name="Z" type="float"/>
            </accessor>
          </technique_common>
        </source>
        <source id="7233d773-7b2e-23b6-0a07-43708e82ff0b-mesh-normals">
          <float_array id="7233d773-7b2e-23b6-0a07-43708e82ff0b-mesh-normals-array" count="12">1 0 0 0 0 1 0 1 0 0 -1 0</float_array>
          <technique_common>
            <accessor source="#7233d773-7b2e-23b6-0a07-43708e82ff0b-mesh-normals-array" count="4" stride="3">
              <param name="X" type="float"/>
              <param name="Y" type="float"/>
              <param name="Z" type="float"/>
            </accessor>
          </technique_common>
        </source>
        <source id="7233d773-7b2e-23b6-0a07-43708e82ff0b-mesh-map-0">
          <float_array id="7233d773-7b2e-23b6-0a07-43708e82ff0b-mesh-map-0-array" count="32">0.703125 0.453125 0.609375 0.453125 0.609375 0.390625 0.703125 0.390625 0.59375 0.234375 0.546875 0.234375 0.546875 0.171875 0.59375 0.171875 0.46875 0.265625 0.515625 0.265625 0.515625 0.359375 0.46875 0.359375 0.125 0.328125 0.171875 0.328125 0.171875 0.234375 0.125 0.234375</float_array>
          <technique_common>
            <accessor source="#7233d773-7b2e-23b6-0a07-43708e82ff0b-mesh-map-0-array" count="16" stride="2">
              <param name="S" type="float"/>
              <param name="T" type="float"/>
            </accessor>
          </technique_common>
        </source>
        <vertices id="7233d773-7b2e-23b6-0a07-43708e82ff0b-mesh-vertices">
          <input semantic="POSITION" source="#7233d773-7b2e-23b6-0a07-43708e82ff0b-mesh-positions"/>
        </vertices>
        <polylist material="Material_0-material" count="6">
          <input semantic="VERTEX" source="#7233d773-7b2e-23b6-0a07-43708e82ff0b-mesh-vertices" offset="0"/>
          <input semantic="NORMAL" source="#7233d773-7b2e-23b6-0a07-43708e82ff0b-mesh-normals" offset="1"/>
          <input semantic="TEXCOORD" source="#7233d773-7b2e-23b6-0a07-43708e82ff0b-mesh-map-0" offset="2" set="0"/>
          <vcount>4 4 4 4</vcount>
          <p>2 0 3 3 0 2 1 0 1 0 0 0 7 1 7 2 1 6 0 1 5 5 1 4 5 2 11 0 2 10 1 2 9 4 2 8 6 3 15 3 3 14 2 3 13 7 3 12</p>
        </polylist>
      </mesh>
    </geometry>
    <geometry id="6149df83-a0ff-581a-0653-60fb69f2c165-mesh" name="cube">
      <mesh>
        <source id="6149df83-a0ff-581a-0653-60fb69f2c165-mesh-positions">
          <float_array id="6149df83-a0ff-581a-0653-60fb69f2c165-mesh-positions-array" count="24">0.15625 0.21875 0.125 0.15625 0.21875 -0.125 0.15625 0.03125 0.125 0.15625 0.03125 -0.125 0.03125 0.21875 -0.125 0.03125 0.21875 0.125 0.03125 0.03125 -0.125 0.03125 0.03125 0.125</float_array>
          <technique_common>
            <accessor source="#6149df83-a0ff-581a-0653-60fb69f2c165-mesh-positions-array" count="8" stride="3">
              <param name="X" type="float"/>
              <param name="Y" type="float"/>
              <param name="Z" type="float"/>
            </accessor>
          </technique_common>
        </source>
        <source id="6149df83-a0ff-581a-0653-60fb69f2c165-mesh-normals">
          <float_array id="6149df83-a0ff-581a-0653-60fb69f2c165-mesh-normals-array" count="18">0 0 -1 1 0 0 0 0 1 -1 0 0 0 1 0 0 -1 0</float_array>
          <technique_common>
            <accessor source="#6149df83-a0ff-581a-0653-60fb69f2c165-mesh-normals-array" count="6" stride="3">
              <param name="X" type="float"/>
              <param name="Y" type="float"/>
              <param name="Z" type="float"/>
            </accessor>
          </technique_common>
        </source>
        <source id="6149df83-a0ff-581a-0653-60fb69f2c165-mesh-map-0">
          <float_array id="6149df83-a0ff-581a-0653-60fb69f2c165-mesh-map-0-array" count="48">0.90625 0.1875 0.875 0.1875 0.875 0.140625 0.90625 0.140625 0.484375 0.21875 0.421875 0.21875 0.421875 0.171875 0.484375 0.171875 0.90625 0.140625 0.875 0.140625 0.875 0.09375 0.90625 0.09375 0.84375 0.90625 0.78125 0.90625 0.78125 0.859375 0.84375 0.859375 0.640625 0.09375 0.671875 0.09375 0.671875 0.15625 0.640625 0.15625 0.78125 0.15625 0.8125 0.15625 0.8125 0.09375 0.78125 0.09375</float_array>
          <technique_common>
            <accessor source="#6149df83-a0ff-581a-0653-60fb69f2c165-mesh-map-0-array" count="24" stride="2">
              <param name="S" type="float"/>
              <param name="T" type="float"/>
            </accessor>
          </technique_common>
        </source>
        <vertices id="6149df83-a0ff-581a-0653-60fb69f2c165-mesh-vertices">
          <input semantic="POSITION" source="#6149df83-a0ff-581a-0653-60fb69f2c165-mesh-positions"/>
        </vertices>
        <polylist material="Material_0-material" count="6">
          <input semantic="VERTEX" source="#6149df83-a0ff-581a-0653-60fb69f2c165-mesh-vertices" offset="0"/>
          <input semantic="NORMAL" source="#6149df83-a0ff-581a-0653-60fb69f2c165-mesh-normals" offset="1"/>
          <input semantic="TEXCOORD" source="#6149df83-a0ff-581a-0653-60fb69f2c165-mesh-map-0" offset="2" set="0"/>
          <vcount>4 4 4 4 4 4</vcount>
          <p>3 0 3 6 0 2 4 0 1 1 0 0 2 1 7 3 1 6 1 1 5 0 1 4 7 2 11 2 2 10 0 2 9 5 2 8 6 3 15 7 3 14 5 3 13 4 3 12 5 4 19 0 4 18 1 4 17 4 4 16 6 5 23 3 5 22 2 5 21 7 5 20</p>
        </polylist>
      </mesh>
    </geometry>
  </library_geometries>
  <library_visual_scenes>
    <visual_scene id="Scene" name="Scene">
      <node id="7b4eed75-67a8-eef2-ce87-b84dcd4c7b33" name="rifle" type="NODE">
        <scale sid="scale">1 1 1</scale>
        <translate sid="location">0.4656208925093591 0.7828124761581421 0.005246868584992348</translate>
        <rotate sid="rotationZ">0 0 1 0</rotate>
        <rotate sid="rotationY">0 1 0 0</rotate>
        <rotate sid="rotationX">1 0 0 0</rotate>
        <node id="34d22b2e-5a67-10ec-5990-0b325da7e9f1" name="cube" type="NODE">
          <scale sid="scale">1 1 1</scale>
          <translate sid="location">0.03437910749064088 -0.06406247615814209 0.5260031314150077</translate>
          <rotate sid="rotationZ">0 0 1 0</rotate>
          <rotate sid="rotationY">0 1 0 0</rotate>
          <rotate sid="rotationX">1 0 0 0</rotate>
          <instance_geometry url="#34d22b2e-5a67-10ec-5990-0b325da7e9f1-mesh" name="cube">
            <bind_material>
              <technique_common>
                <instance_material symbol="Material_0-material" target="#Material_0-material">
                  <bind_vertex_input semantic="UVMap" input_semantic="TEXCOORD" input_set="0"/>
                </instance_material>
              </technique_common>
            </bind_material>
          </instance_geometry>
        </node>
        <node id="ba79d970-6d9a-49df-e5ee-5a0dd119a22e" name="cube" type="NODE">
          <scale sid="scale">1 1 1</scale>
          <translate sid="location">0.003129107490640881 -0.4078124761581421 0.6197531314150077</translate>
          <rotate sid="rotationZ">0 0 1 0</rotate>
          <rotate sid="rotationY">0 1 0 0</rotate>
          <rotate sid="rotationX">1 0 0 0</rotate>
          <instance_geometry url="#ba79d970-6d9a-49df-e5ee-5a0dd119a22e-mesh" name="cube">
            <bind_material>
              <technique_common>
                <instance_material symbol="Material_0-material" target="#Material_0-material">
                  <bind_vertex_input semantic="UVMap" input_semantic="TEXCOORD" input_set="0"/>
                </instance_material>
              </technique_common>
            </bind_material>
          </instance_geometry>
        </node>
        <node id="752ad3e5-ab02-c6bc-6213-35ceaacbd967" name="cube" type="NODE">
          <scale sid="scale">1 1 1</scale>
          <translate sid="location">-0.029683398469823596 -0.32904143512349293 0.7563442178753713</translate>
          <rotate sid="rotationZ">0 0 1 0</rotate>
          <rotate sid="rotationY">0 1 0 0</rotate>
          <rotate sid="rotationX">1 0 0 -22.5</rotate>
          <instance_geometry url="#752ad3e5-ab02-c6bc-6213-35ceaacbd967-mesh" name="cube">
            <bind_material>
              <technique_common>
                <instance_material symbol="Material_0-material" target="#Material_0-material">
                  <bind_vertex_input semantic="UVMap" input_semantic="TEXCOORD" input_set="0"/>
                </instance_material>
              </technique_common>
            </bind_material>
          </instance_geometry>
        </node>
        <node id="a45ed2f1-1062-60fa-02f7-0ef7a13f05f1" name="cube" type="NODE">
          <scale sid="scale">1 1 1</scale>
          <translate sid="location">-0.029683398469823596 -0.32904143512349293 0.7563442178753713</translate>
          <rotate sid="rotationZ">0 0 1 0</rotate>
          <rotate sid="rotationY">0 1 0 0</rotate>
          <rotate sid="rotationX">1 0 0 -22.5</rotate>
          <instance_geometry url="#a45ed2f1-1062-60fa-02f7-0ef7a13f05f1-mesh" name="cube">
            <bind_material>
              <technique_common>
                <instance_material symbol="Material_0-material" target="#Material_0-material">
                  <bind_vertex_input semantic="UVMap" input_semantic="TEXCOORD" input_set="0"/>
                </instance_material>
              </technique_common>
            </bind_material>
          </instance_geometry>
        </node>
        <node id="9323fdf0-46b6-1558-40f0-a27eb17b3b81" name="cube" type="NODE">
          <scale sid="scale">1 1 1</scale>
          <translate sid="location">0.003129107490640881 -0.3453124761581421 0.6197531314150077</translate>
          <rotate sid="rotationZ">0 0 1 0</rotate>
          <rotate sid="rotationY">0 1 0 -22.5</rotate>
          <rotate sid="rotationX">1 0 0 0</rotate>
          <instance_geometry url="#9323fdf0-46b6-1558-40f0-a27eb17b3b81-mesh" name="cube">
            <bind_material>
              <technique_common>
                <instance_material symbol="Material_0-material" target="#Material_0-material">
                  <bind_vertex_input semantic="UVMap" input_semantic="TEXCOORD" input_set="0"/>
                </instance_material>
              </technique_common>
            </bind_material>
          </instance_geometry>
        </node>
        <node id="eabea92a-a5b0-1d5e-d73e-c24ca367fcca" name="cube" type="NODE">
          <scale sid="scale">1 1 1</scale>
          <translate sid="location">-0.02812089250935912 -0.4078124761581421 0.6197531314150077</translate>
          <rotate sid="rotationZ">0 0 1 0</rotate>
          <rotate sid="rotationY">0 1 0 0</rotate>
          <rotate sid="rotationX">1 0 0 0</rotate>
          <instance_geometry url="#eabea92a-a5b0-1d5e-d73e-c24ca367fcca-mesh" name="cube">
            <bind_material>
              <technique_common>
                <instance_material symbol="Material_0-material" target="#Material_0-material">
                  <bind_vertex_input semantic="UVMap" input_semantic="TEXCOORD" input_set="0"/>
                </instance_material>
              </technique_common>
            </bind_material>
          </instance_geometry>
        </node>
        <node id="557bcbe2-7cfe-0e5e-9123-3c53a8dd610b" name="cube" type="NODE">
          <scale sid="scale">1 1 1</scale>
          <translate sid="location">0.06562910749064088 0.09218752384185791 1.2640767912617474</translate>
          <rotate sid="rotationZ">0 0 1 0</rotate>
          <rotate sid="rotationY">0 1 0 0</rotate>
          <rotate sid="rotationX">1 0 0 0</rotate>
          <instance_geometry url="#557bcbe2-7cfe-0e5e-9123-3c53a8dd610b-mesh" name="cube">
            <bind_material>
              <technique_common>
                <instance_material symbol="Material_0-material" target="#Material_0-material">
                  <bind_vertex_input semantic="UVMap" input_semantic="TEXCOORD" input_set="0"/>
                </instance_material>
              </technique_common>
            </bind_material>
          </instance_geometry>
        </node>
        <node id="c9c34c4a-92dd-49f2-7898-c8f1d01e0e30" name="cube" type="NODE">
          <scale sid="scale">1 1 1</scale>
          <translate sid="location">-0.02812089250935912 0.02968752384185791 0.6197531314150077</translate>
          <rotate sid="rotationZ">0 0 1 0</rotate>
          <rotate sid="rotationY">0 1 0 0</rotate>
          <rotate sid="rotationX">1 0 0 0</rotate>
          <instance_geometry url="#c9c34c4a-92dd-49f2-7898-c8f1d01e0e30-mesh" name="cube">
            <bind_material>
              <technique_common>
                <instance_material symbol="Material_0-material" target="#Material_0-material">
                  <bind_vertex_input semantic="UVMap" input_semantic="TEXCOORD" input_set="0"/>
                </instance_material>
              </technique_common>
            </bind_material>
          </instance_geometry>
        </node>
        <node id="a805cf48-a66a-6503-be24-40f5dea02653" name="cube" type="NODE">
          <scale sid="scale">1 1 1</scale>
          <translate sid="location">0.03437910749064088 0.4984375238418579 0.6616091318299399</translate>
          <rotate sid="rotationZ">0 0 1 0</rotate>
          <rotate sid="rotationY">0 1 0 0</rotate>
          <rotate sid="rotationX">1 0 0 -22.5</rotate>
          <instance_geometry url="#a805cf48-a66a-6503-be24-40f5dea02653-mesh" name="cube">
            <bind_material>
              <technique_common>
                <instance_material symbol="Material_0-material" target="#Material_0-material">
                  <bind_vertex_input semantic="UVMap" input_semantic="TEXCOORD" input_set="0"/>
                </instance_material>
              </technique_common>
            </bind_material>
          </instance_geometry>
        </node>
        <node id="073c6fd6-6a2f-2aa6-3b75-88a23388592f" name="cube" type="NODE">
          <scale sid="scale">1 1 1</scale>
          <translate sid="location">0.03437910749064088 0.4984375238418579 0.6616091318299399</translate>
          <rotate sid="rotationZ">0 0 1 0</rotate>
          <rotate sid="rotationY">0 1 0 0</rotate>
          <rotate sid="rotationX">1 0 0 -22.5</rotate>
          <instance_geometry url="#073c6fd6-6a2f-2aa6-3b75-88a23388592f-mesh" name="cube">
            <bind_material>
              <technique_common>
                <instance_material symbol="Material_0-material" target="#Material_0-material">
                  <bind_vertex_input semantic="UVMap" input_semantic="TEXCOORD" input_set="0"/>
                </instance_material>
              </technique_common>
            </bind_material>
          </instance_geometry>
        </node>
        <node id="2b0aa3de-dbcf-84e6-c579-1aac7dc55daa" name="cube" type="NODE">
          <scale sid="scale">1 1 1</scale>
          <translate sid="location">0.06562910749064088 0.02968752384185791 0.7553591318299399</translate>
          <rotate sid="rotationZ">0 0 1 0</rotate>
          <rotate sid="rotationY">0 1 0 0</rotate>
          <rotate sid="rotationX">1 0 0 0</rotate>
          <instance_geometry url="#2b0aa3de-dbcf-84e6-c579-1aac7dc55daa-mesh" name="cube">
            <bind_material>
              <technique_common>
                <instance_material symbol="Material_0-material" target="#Material_0-material">
                  <bind_vertex_input semantic="UVMap" input_semantic="TEXCOORD" input_set="0"/>
                </instance_material>
              </technique_common>
            </bind_material>
          </instance_geometry>
        </node>
        <node id="85bd3b26-b906-b7bb-85cc-dd44fe744f8e" name="cube" type="NODE">
          <scale sid="scale">1 1 1</scale>
          <translate sid="location">-0.02812089250935912 -0.4078124761581421 0.05725313141500765</translate>
          <rotate sid="rotationZ">0 0 1 0</rotate>
          <rotate sid="rotationY">0 1 0 0</rotate>
          <rotate sid="rotationX">1 0 0 0</rotate>
          <instance_geometry url="#85bd3b26-b906-b7bb-85cc-dd44fe744f8e-mesh" name="cube">
            <bind_material>
              <technique_common>
                <instance_material symbol="Material_0-material" target="#Material_0-material">
                  <bind_vertex_input semantic="UVMap" input_semantic="TEXCOORD" input_set="0"/>
                </instance_material>
              </technique_common>
            </bind_material>
          </instance_geometry>
        </node>
        <node id="832647ab-359c-42d2-31f1-9fbbcaaf53e4" name="cube" type="NODE">
          <scale sid="scale">1 1 1</scale>
          <translate sid="location">0.03437910749064088 0.3854696692109061 -0.4998773007760101</translate>
          <rotate sid="rotationZ">0 0 1 0</rotate>
          <rotate sid="rotationY">0 1 0 0</rotate>
          <rotate sid="rotationX">1 0 0 45</rotate>
          <instance_geometry url="#832647ab-359c-42d2-31f1-9fbbcaaf53e4-mesh" name="cube">
            <bind_material>
              <technique_common>
                <instance_material symbol="Material_0-material" target="#Material_0-material">
                  <bind_vertex_input semantic="UVMap" input_semantic="TEXCOORD" input_set="0"/>
                </instance_material>
              </technique_common>
            </bind_material>
          </instance_geometry>
        </node>
        <node id="6fdee3c0-7077-52ab-315a-7afd2ed6e0a9" name="cube" type="NODE">
          <scale sid="scale">1 1 1</scale>
          <translate sid="location">-0.05937089250935912 0.1546875238418579 0.6197531314150077</translate>
          <rotate sid="rotationZ">0 0 1 0</rotate>
          <rotate sid="rotationY">0 1 0 0</rotate>
          <rotate sid="rotationX">1 0 0 0</rotate>
          <instance_geometry url="#6fdee3c0-7077-52ab-315a-7afd2ed6e0a9-mesh" name="cube">
            <bind_material>
              <technique_common>
                <instance_material symbol="Material_0-material" target="#Material_0-material">
                  <bind_vertex_input semantic="UVMap" input_semantic="TEXCOORD" input_set="0"/>
                </instance_material>
              </technique_common>
            </bind_material>
          </instance_geometry>
        </node>
        <node id="cec4f66d-cc20-c065-8ba4-0543028a3bb1" name="cube" type="NODE">
          <scale sid="scale">1 1 1</scale>
          <translate sid="location">-0.05937089250935912 0.1546875238418579 0.7447531314150077</translate>
          <rotate sid="rotationZ">0 0 1 0</rotate>
          <rotate sid="rotationY">0 1 0 0</rotate>
          <rotate sid="rotationX">1 0 0 0</rotate>
          <instance_geometry url="#cec4f66d-cc20-c065-8ba4-0543028a3bb1-mesh" name="cube">
            <bind_material>
              <technique_common>
                <instance_material symbol="Material_0-material" target="#Material_0-material">
                  <bind_vertex_input semantic="UVMap" input_semantic="TEXCOORD" input_set="0"/>
                </instance_material>
              </technique_common>
            </bind_material>
          </instance_geometry>
        </node>
        <node id="d18a62d1-29bf-7896-e5e6-9fd2010486e5" name="cube" type="NODE">
          <scale sid="scale">1 1 1</scale>
          <translate sid="location">0.03437910749064088 -0.3140624761581421 -0.06774686858499235</translate>
          <rotate sid="rotationZ">0 0 1 0</rotate>
          <rotate sid="rotationY">0 1 0 0</rotate>
          <rotate sid="rotationX">1 0 0 22.5</rotate>
          <instance_geometry url="#d18a62d1-29bf-7896-e5e6-9fd2010486e5-mesh" name="cube">
            <bind_material>
              <technique_common>
                <instance_material symbol="Material_0-material" target="#Material_0-material">
                  <bind_vertex_input semantic="UVMap" input_semantic="TEXCOORD" input_set="0"/>
                </instance_material>
              </technique_common>
            </bind_material>
          </instance_geometry>
        </node>
        <node id="89b69fdb-8977-4e71-210e-554c0ee08f1b" name="cube" type="NODE">
          <scale sid="scale">1 1 1</scale>
          <translate sid="location">0.03437910749064088 -0.3140624761581421 -0.06774686858499235</translate>
          <rotate sid="rotationZ">0 0 1 0</rotate>
          <rotate sid="rotationY">0 1 0 0</rotate>
          <rotate sid="rotationX">1 0 0 22.5</rotate>
          <instance_geometry url="#89b69fdb-8977-4e71-210e-554c0ee08f1b-mesh" name="cube">
            <bind_material>
              <technique_common>
                <instance_material symbol="Material_0-material" target="#Material_0-material">
                  <bind_vertex_input semantic="UVMap" input_semantic="TEXCOORD" input_set="0"/>
                </instance_material>
              </technique_common>
            </bind_material>
          </instance_geometry>
        </node>
        <node id="71f97cc1-b9e8-456c-052f-f68455bb86cc" name="cube" type="NODE">
          <scale sid="scale">1 1 1</scale>
          <translate sid="location">0.06562910749064088 0.09218752384185791 0.11975313141500765</translate>
          <rotate sid="rotationZ">0 0 1 0</rotate>
          <rotate sid="rotationY">0 1 0 0</rotate>
          <rotate sid="rotationX">1 0 0 0</rotate>
          <instance_geometry url="#71f97cc1-b9e8-456c-052f-f68455bb86cc-mesh" name="cube">
            <bind_material>
              <technique_common>
                <instance_material symbol="Material_0-material" target="#Material_0-material">
                  <bind_vertex_input semantic="UVMap" input_semantic="TEXCOORD" input_set="0"/>
                </instance_material>
              </technique_common>
            </bind_material>
          </instance_geometry>
        </node>
        <node id="c37dd3d7-f0bb-5e23-5e53-7dabb635921b" name="cube" type="NODE">
          <scale sid="scale">1 1 1</scale>
          <translate sid="location">0.06562910749064088 0.09218752384185791 0.36975313141500765</translate>
          <rotate sid="rotationZ">0 0 1 0</rotate>
          <rotate sid="rotationY">0 1 0 0</rotate>
          <rotate sid="rotationX">1 0 0 0</rotate>
          <instance_geometry url="#c37dd3d7-f0bb-5e23-5e53-7dabb635921b-mesh" name="cube">
            <bind_material>
              <technique_common>
                <instance_material symbol="Material_0-material" target="#Material_0-material">
                  <bind_vertex_input semantic="UVMap" input_semantic="TEXCOORD" input_set="0"/>
                </instance_material>
              </technique_common>
            </bind_material>
          </instance_geometry>
        </node>
        <node id="00300005-1052-51a0-add0-8504fe24f547" name="cube" type="NODE">
          <scale sid="scale">1 1 1</scale>
          <translate sid="location">0.06562910749064088 0.09218752384185791 0.30725313141500765</translate>
          <rotate sid="rotationZ">0 0 1 0</rotate>
          <rotate sid="rotationY">0 1 0 0</rotate>
          <rotate sid="rotationX">1 0 0 0</rotate>
          <instance_geometry url="#00300005-1052-51a0-add0-8504fe24f547-mesh" name="cube">
            <bind_material>
              <technique_common>
                <instance_material symbol="Material_0-material" target="#Material_0-material">
                  <bind_vertex_input semantic="UVMap" input_semantic="TEXCOORD" input_set="0"/>
                </instance_material>
              </technique_common>
            </bind_material>
          </instance_geometry>
        </node>
        <node id="70a0ffca-3223-b129-903b-cced18756c20" name="cube" type="NODE">
          <scale sid="scale">1 1 1</scale>
          <translate sid="location">-0.02812089250935912 0.02968752384185791 0.49475313141500765</translate>
          <rotate sid="rotationZ">0 0 1 0</rotate>
          <rotate sid="rotationY">0 1 0 0</rotate>
          <rotate sid="rotationX">1 0 0 0</rotate>
          <instance_geometry url="#70a0ffca-3223-b129-903b-cced18756c20-mesh" name="cube">
            <bind_material>
              <technique_common>
                <instance_material symbol="Material_0-material" target="#Material_0-material">
                  <bind_vertex_input semantic="UVMap" input_semantic="TEXCOORD" input_set="0"/>
                </instance_material>
              </technique_common>
            </bind_material>
          </instance_geometry>
        </node>
        <node id="562350d5-9781-79c3-4df7-caefa32578d6" name="cube" type="NODE">
          <scale sid="scale">1 1 1</scale>
          <translate sid="location">0.03437910749064088 -0.3140624761581421 -0.06774686858499235</translate>
          <rotate sid="rotationZ">0 0 1 0</rotate>
          <rotate sid="rotationY">0 1 0 0</rotate>
          <rotate sid="rotationX">1 0 0 22.5</rotate>
          <instance_geometry url="#562350d5-9781-79c3-4df7-caefa32578d6-mesh" name="cube">
            <bind_material>
              <technique_common>
                <instance_material symbol="Material_0-material" target="#Material_0-material">
                  <bind_vertex_input semantic="UVMap" input_semantic="TEXCOORD" input_set="0"/>
                </instance_material>
              </technique_common>
            </bind_material>
          </instance_geometry>
        </node>
        <node id="5d884c13-0cb7-4a00-5c07-07b9982ab30d" name="cube" type="NODE">
          <scale sid="scale">1 1 1</scale>
          <translate sid="location">0.06875821498128176 0 0</translate>
          <rotate sid="rotationZ">0 0 1 0</rotate>
          <rotate sid="rotationY">0 1 0 -22.5</rotate>
          <rotate sid="rotationX">1 0 0 0</rotate>
          <instance_geometry url="#5d884c13-0cb7-4a00-5c07-07b9982ab30d-mesh" name="cube">
            <bind_material>
              <technique_common>
                <instance_material symbol="Material_0-material" target="#Material_0-material">
                  <bind_vertex_input semantic="UVMap" input_semantic="TEXCOORD" input_set="0"/>
                </instance_material>
              </technique_common>
            </bind_material>
          </instance_geometry>
        </node>
        <node id="8a9e7677-796a-a0df-aa69-04866d6bd05b" name="cube" type="NODE">
          <scale sid="scale">1 1 1</scale>
          <translate sid="location">0.06562910749064088 -0.09531247615814209 0.5572531314150077</translate>
          <rotate sid="rotationZ">0 0 1 0</rotate>
          <rotate sid="rotationY">0 1 0 0</rotate>
          <rotate sid="rotationX">1 0 0 0</rotate>
          <instance_geometry url="#8a9e7677-796a-a0df-aa69-04866d6bd05b-mesh" name="cube">
            <bind_material>
              <technique_common>
                <instance_material symbol="Material_0-material" target="#Material_0-material">
                  <bind_vertex_input semantic="UVMap" input_semantic="TEXCOORD" input_set="0"/>
                </instance_material>
              </technique_common>
            </bind_material>
          </instance_geometry>
        </node>
        <node id="ed27e8be-c59f-1d1a-818f-75d238efc73b" name="cube" type="NODE">
          <scale sid="scale">1 1 1</scale>
          <translate sid="location">-0.02812089250935912 -0.4078124761581421 -0.06774686858499235</translate>
          <rotate sid="rotationZ">0 0 1 0</rotate>
          <rotate sid="rotationY">0 1 0 0</rotate>
          <rotate sid="rotationX">1 0 0 0</rotate>
          <instance_geometry url="#ed27e8be-c59f-1d1a-818f-75d238efc73b-mesh" name="cube">
            <bind_material>
              <technique_common>
                <instance_material symbol="Material_0-material" target="#Material_0-material">
                  <bind_vertex_input semantic="UVMap" input_semantic="TEXCOORD" input_set="0"/>
                </instance_material>
              </technique_common>
            </bind_material>
          </instance_geometry>
        </node>
        <node id="a6fdd04b-4c32-799c-126c-2ea6d412f12e" name="cube" type="NODE">
          <scale sid="scale">1 1 1</scale>
          <translate sid="location">-0.05937089250935912 -0.5015624761581421 -0.06774686858499235</translate>
          <rotate sid="rotationZ">0 0 1 0</rotate>
          <rotate sid="rotationY">0 1 0 0</rotate>
          <rotate sid="rotationX">1 0 0 0</rotate>
          <instance_geometry url="#a6fdd04b-4c32-799c-126c-2ea6d412f12e-mesh" name="cube">
            <bind_material>
              <technique_common>
                <instance_material symbol="Material_0-material" target="#Material_0-material">
                  <bind_vertex_input semantic="UVMap" input_semantic="TEXCOORD" input_set="0"/>
                </instance_material>
              </technique_common>
            </bind_material>
          </instance_geometry>
        </node>
        <node id="49ea1321-c64a-94e0-fcb6-57504c25f1b7" name="cube" type="NODE">
          <scale sid="scale">1 1 1</scale>
          <translate sid="location">-0.05937089250935912 -0.5015624761581421 -0.38024686858499235</translate>
          <rotate sid="rotationZ">0 0 1 0</rotate>
          <rotate sid="rotationY">0 1 0 0</rotate>
          <rotate sid="rotationX">1 0 0 0</rotate>
          <instance_geometry url="#49ea1321-c64a-94e0-fcb6-57504c25f1b7-mesh" name="cube">
            <bind_material>
              <technique_common>
                <instance_material symbol="Material_0-material" target="#Material_0-material">
                  <bind_vertex_input semantic="UVMap" input_semantic="TEXCOORD" input_set="0"/>
                </instance_material>
              </technique_common>
            </bind_material>
          </instance_geometry>
        </node>
        <node id="59a6e24b-c49e-f671-88e6-63169ecc66c3" name="cube" type="NODE">
          <scale sid="scale">1 1 1</scale>
          <translate sid="location">-0.02812089250935912 -0.4078124761581421 0.6197531314150077</translate>
          <rotate sid="rotationZ">0 0 1 0</rotate>
          <rotate sid="rotationY">0 1 0 0</rotate>
          <rotate sid="rotationX">1 0 0 0</rotate>
          <instance_geometry url="#59a6e24b-c49e-f671-88e6-63169ecc66c3-mesh" name="cube">
            <bind_material>
              <technique_common>
                <instance_material symbol="Material_0-material" target="#Material_0-material">
                  <bind_vertex_input semantic="UVMap" input_semantic="TEXCOORD" input_set="0"/>
                </instance_material>
              </technique_common>
            </bind_material>
          </instance_geometry>
        </node>
        <node id="9d16d82a-b988-212e-a131-2832d27c81db" name="cube" type="NODE">
          <scale sid="scale">1 1 1</scale>
          <translate sid="location">0.03437910749064088 0.09218752384185791 1.2640767912617474</translate>
          <rotate sid="rotationZ">0 0 1 0</rotate>
          <rotate sid="rotationY">0 1 0 0</rotate>
          <rotate sid="rotationX">1 0 0 0</rotate>
          <instance_geometry url="#9d16d82a-b988-212e-a131-2832d27c81db-mesh" name="cube">
            <bind_material>
              <technique_common>
                <instance_material symbol="Material_0-material" target="#Material_0-material">
                  <bind_vertex_input semantic="UVMap" input_semantic="TEXCOORD" input_set="0"/>
                </instance_material>
              </technique_common>
            </bind_material>
          </instance_geometry>
        </node>
        <node id="9d477559-5352-0ac7-f87d-f5de86ce6348" name="cube" type="NODE">
          <scale sid="scale">1 1 1</scale>
          <translate sid="location">-0.02812089250935912 -0.4564318718042384 0.6287443601158272</translate>
          <rotate sid="rotationZ">0 0 1 0</rotate>
          <rotate sid="rotationY">0 1 0 0</rotate>
          <rotate sid="rotationX">1 0 0 -22.5</rotate>
          <instance_geometry url="#9d477559-5352-0ac7-f87d-f5de86ce6348-mesh" name="cube">
            <bind_material>
              <technique_common>
                <instance_material symbol="Material_0-material" target="#Material_0-material">
                  <bind_vertex_input semantic="UVMap" input_semantic="TEXCOORD" input_set="0"/>
                </instance_material>
              </technique_common>
            </bind_material>
          </instance_geometry>
        </node>
        <node id="38f4c4f6-316d-ff34-4ceb-bab386210ef4" name="cube" type="NODE">
          <scale sid="scale">1 1 1</scale>
          <translate sid="location">0.03437910749064088 0.3606249988079071 0.7138156311169844</translate>
          <rotate sid="rotationZ">0 0 1 0</rotate>
          <rotate sid="rotationY">0 1 0 0</rotate>
          <rotate sid="rotationX">1 0 0 0</rotate>
          <instance_geometry url="#38f4c4f6-316d-ff34-4ceb-bab386210ef4-mesh" name="cube">
            <bind_material>
              <technique_common>
                <instance_material symbol="Material_0-material" target="#Material_0-material">
                  <bind_vertex_input semantic="UVMap" input_semantic="TEXCOORD" input_set="0"/>
                </instance_material>
              </technique_common>
            </bind_material>
          </instance_geometry>
        </node>
        <node id="8c69bd4c-9a29-b847-daea-cd2792aa8640" name="cube" type="NODE">
          <scale sid="scale">1 1 1</scale>
          <translate sid="location">0.03437910749064088 0.049729009462067486 0.35645507477099336</translate>
          <rotate sid="rotationZ">0 0 1 0</rotate>
          <rotate sid="rotationY">0 1 0 0</rotate>
          <rotate sid="rotationX">1 0 0 22.5</rotate>
          <instance_geometry url="#8c69bd4c-9a29-b847-daea-cd2792aa8640-mesh" name="cube">
            <bind_material>
              <technique_common>
                <instance_material symbol="Material_0-material" target="#Material_0-material">
                  <bind_vertex_input semantic="UVMap" input_semantic="TEXCOORD" input_set="0"/>
                </instance_material>
              </technique_common>
            </bind_material>
          </instance_geometry>
        </node>
        <node id="c5764f60-116e-fad4-3301-1a7d97da74d6" name="cube" type="NODE">
          <scale sid="scale">1 1 1</scale>
          <translate sid="location">0.06562910749064088 0.09218752384185791 0.5572531314150077</translate>
          <rotate sid="rotationZ">0 0 1 0</rotate>
          <rotate sid="rotationY">0 1 0 0</rotate>
          <rotate sid="rotationX">1 0 0 0</rotate>
          <instance_geometry url="#c5764f60-116e-fad4-3301-1a7d97da74d6-mesh" name="cube">
            <bind_material>
              <technique_common>
                <instance_material symbol="Material_0-material" target="#Material_0-material">
                  <bind_vertex_input semantic="UVMap" input_semantic="TEXCOORD" input_set="0"/>
                </instance_material>
              </technique_common>
            </bind_material>
          </instance_geometry>
        </node>
        <node id="6dd577a5-019f-2a85-e1a9-55a3c9b37893" name="cube" type="NODE">
          <scale sid="scale">1 1 1</scale>
          <translate sid="location">0.06562910749064088 0.09218752384185791 0.5572531314150077</translate>
          <rotate sid="rotationZ">0 0 1 0</rotate>
          <rotate sid="rotationY">0 1 0 0</rotate>
          <rotate sid="rotationX">1 0 0 0</rotate>
          <instance_geometry url="#6dd577a5-019f-2a85-e1a9-55a3c9b37893-mesh" name="cube">
            <bind_material>
              <technique_common>
                <instance_material symbol="Material_0-material" target="#Material_0-material">
                  <bind_vertex_input semantic="UVMap" input_semantic="TEXCOORD" input_set="0"/>
                </instance_material>
              </technique_common>
            </bind_material>
          </instance_geometry>
        </node>
        <node id="791d0856-e75c-c0a8-12e7-bbc65d473218" name="cube" type="NODE">
          <scale sid="scale">1 1 1</scale>
          <translate sid="location">0.03437910749064088 0.09218752384185791 1.2640767912617474</translate>
          <rotate sid="rotationZ">0 0 1 0</rotate>
          <rotate sid="rotationY">0 1 0 0</rotate>
          <rotate sid="rotationX">1 0 0 0</rotate>
          <instance_geometry url="#791d0856-e75c-c0a8-12e7-bbc65d473218-mesh" name="cube">
            <bind_material>
              <technique_common>
                <instance_material symbol="Material_0-material" target="#Material_0-material">
                  <bind_vertex_input semantic="UVMap" input_semantic="TEXCOORD" input_set="0"/>
                </instance_material>
              </technique_common>
            </bind_material>
          </instance_geometry>
        </node>
        <node id="a44ab4d3-8e33-0e6a-a3c8-df450d5bf323" name="cube" type="NODE">
          <scale sid="scale">1 1 1</scale>
          <translate sid="location">0.06562910749064088 2.779687523841858 0.8697531314150077</translate>
          <rotate sid="rotationZ">0 0 1 0</rotate>
          <rotate sid="rotationY">0 1 0 0</rotate>
          <rotate sid="rotationX">1 0 0 0</rotate>
          <instance_geometry url="#a44ab4d3-8e33-0e6a-a3c8-df450d5bf323-mesh" name="cube">
            <bind_material>
              <technique_common>
                <instance_material symbol="Material_0-material" target="#Material_0-material">
                  <bind_vertex_input semantic="UVMap" input_semantic="TEXCOORD" input_set="0"/>
                </instance_material>
              </technique_common>
            </bind_material>
          </instance_geometry>
        </node>
        <node id="73edc40f-aa47-303b-d90a-a559f387fe59" name="cube" type="NODE">
          <scale sid="scale">1 1 1</scale>
          <translate sid="location">0.06562910749064088 2.779687523841858 0.8697531314150077</translate>
          <rotate sid="rotationZ">0 0 1 0</rotate>
          <rotate sid="rotationY">0 1 0 0</rotate>
          <rotate sid="rotationX">1 0 0 0</rotate>
          <instance_geometry url="#73edc40f-aa47-303b-d90a-a559f387fe59-mesh" name="cube">
            <bind_material>
              <technique_common>
                <instance_material symbol="Material_0-material" target="#Material_0-material">
                  <bind_vertex_input semantic="UVMap" input_semantic="TEXCOORD" input_set="0"/>
                </instance_material>
              </technique_common>
            </bind_material>
          </instance_geometry>
        </node>
        <node id="a59e3800-7a6a-5a07-1f6c-079d0f05a987" name="cube" type="NODE">
          <scale sid="scale">1 1 1</scale>
          <translate sid="location">0.06562910749064088 0.09218752384185791 0.11975313141500765</translate>
          <rotate sid="rotationZ">0 0 1 0</rotate>
          <rotate sid="rotationY">0 1 0 0</rotate>
          <rotate sid="rotationX">1 0 0 0</rotate>
          <instance_geometry url="#a59e3800-7a6a-5a07-1f6c-079d0f05a987-mesh" name="cube">
            <bind_material>
              <technique_common>
                <instance_material symbol="Material_0-material" target="#Material_0-material">
                  <bind_vertex_input semantic="UVMap" input_semantic="TEXCOORD" input_set="0"/>
                </instance_material>
              </technique_common>
            </bind_material>
          </instance_geometry>
        </node>
        <node id="93949f1c-3c5b-7470-a411-cb53af1eec0f" name="cube" type="NODE">
          <scale sid="scale">1 1 1</scale>
          <translate sid="location">0.06562910749064088 0.09218752384185791 0.11975313141500765</translate>
          <rotate sid="rotationZ">0 0 1 0</rotate>
          <rotate sid="rotationY">0 1 0 0</rotate>
          <rotate sid="rotationX">1 0 0 0</rotate>
          <instance_geometry url="#93949f1c-3c5b-7470-a411-cb53af1eec0f-mesh" name="cube">
            <bind_material>
              <technique_common>
                <instance_material symbol="Material_0-material" target="#Material_0-material">
                  <bind_vertex_input semantic="UVMap" input_semantic="TEXCOORD" input_set="0"/>
                </instance_material>
              </technique_common>
            </bind_material>
          </instance_geometry>
        </node>
        <node id="a986aa71-2f85-dee8-7add-e09260610b47" name="cube" type="NODE">
          <scale sid="scale">1 1 1</scale>
          <translate sid="location">-0.12187089995993972 0.40966213776870575 0.5839709601819926</translate>
          <rotate sid="rotationZ">0 0 1 0</rotate>
          <rotate sid="rotationY">0 1 0 0</rotate>
          <rotate sid="rotationX">1 0 0 -22.5</rotate>
          <instance_geometry url="#a986aa71-2f85-dee8-7add-e09260610b47-mesh" name="cube">
            <bind_material>
              <technique_common>
                <instance_material symbol="Material_0-material" target="#Material_0-material">
                  <bind_vertex_input semantic="UVMap" input_semantic="TEXCOORD" input_set="0"/>
                </instance_material>
              </technique_common>
            </bind_material>
          </instance_geometry>
        </node>
        <node id="8dae615a-3eb2-cef3-4f54-0418e5e9c52e" name="cube" type="NODE">
          <scale sid="scale">1 1 1</scale>
          <translate sid="location">-0.02812089250935912 -0.4078124761581421 0.8697531314150077</translate>
          <rotate sid="rotationZ">0 0 1 0</rotate>
          <rotate sid="rotationY">0 1 0 0</rotate>
          <rotate sid="rotationX">1 0 0 0</rotate>
          <instance_geometry url="#8dae615a-3eb2-cef3-4f54-0418e5e9c52e-mesh" name="cube">
            <bind_material>
              <technique_common>
                <instance_material symbol="Material_0-material" target="#Material_0-material">
                  <bind_vertex_input semantic="UVMap" input_semantic="TEXCOORD" input_set="0"/>
                </instance_material>
              </technique_common>
            </bind_material>
          </instance_geometry>
        </node>
        <node id="f0f63187-7f3d-13ed-af1d-48953361a3d9" name="cube" type="NODE">
          <scale sid="scale">1 1 1</scale>
          <translate sid="location">0.19062911494122148 0.40966213776870575 0.5839709601819926</translate>
          <rotate sid="rotationZ">0 0 1 0</rotate>
          <rotate sid="rotationY">0 1 0 0</rotate>
          <rotate sid="rotationX">1 0 0 -22.5</rotate>
          <instance_geometry url="#f0f63187-7f3d-13ed-af1d-48953361a3d9-mesh" name="cube">
            <bind_material>
              <technique_common>
                <instance_material symbol="Material_0-material" target="#Material_0-material">
                  <bind_vertex_input semantic="UVMap" input_semantic="TEXCOORD" input_set="0"/>
                </instance_material>
              </technique_common>
            </bind_material>
          </instance_geometry>
        </node>
        <node id="9467fc29-6d3a-d653-a34b-47ab037633c4" name="cube" type="NODE">
          <scale sid="scale">1 1 1</scale>
          <translate sid="location">0.06562910749064088 -0.6578124761581421 1.2640767912617474</translate>
          <rotate sid="rotationZ">0 0 1 0</rotate>
          <rotate sid="rotationY">0 1 0 0</rotate>
          <rotate sid="rotationX">1 0 0 0</rotate>
          <instance_geometry url="#9467fc29-6d3a-d653-a34b-47ab037633c4-mesh" name="cube">
            <bind_material>
              <technique_common>
                <instance_material symbol="Material_0-material" target="#Material_0-material">
                  <bind_vertex_input semantic="UVMap" input_semantic="TEXCOORD" input_set="0"/>
                </instance_material>
              </technique_common>
            </bind_material>
          </instance_geometry>
        </node>
        <node id="cef4dec6-ed4e-4adf-20af-cc38e28c492c" name="cube" type="NODE">
          <scale sid="scale">1 1 1</scale>
          <translate sid="location">0.06562910749064088 0.09218752384185791 1.2640767912617474</translate>
          <rotate sid="rotationZ">0 0 1 0</rotate>
          <rotate sid="rotationY">0 1 0 0</rotate>
          <rotate sid="rotationX">1 0 0 0</rotate>
          <instance_geometry url="#cef4dec6-ed4e-4adf-20af-cc38e28c492c-mesh" name="cube">
            <bind_material>
              <technique_common>
                <instance_material symbol="Material_0-material" target="#Material_0-material">
                  <bind_vertex_input semantic="UVMap" input_semantic="TEXCOORD" input_set="0"/>
                </instance_material>
              </technique_common>
            </bind_material>
          </instance_geometry>
        </node>
        <node id="ff926be6-e6df-c795-8153-41aa6392d1aa" name="cube" type="NODE">
          <scale sid="scale">1 1 1</scale>
          <translate sid="location">-0.20305254677588624 0.15781253576278687 0.5377323695816082</translate>
          <rotate sid="rotationZ">0 0 1 0</rotate>
          <rotate sid="rotationY">0 1 0 0</rotate>
          <rotate sid="rotationX">1 0 0 0</rotate>
          <instance_geometry url="#ff926be6-e6df-c795-8153-41aa6392d1aa-mesh" name="cube">
            <bind_material>
              <technique_common>
                <instance_material symbol="Material_0-material" target="#Material_0-material">
                  <bind_vertex_input semantic="UVMap" input_semantic="TEXCOORD" input_set="0"/>
                </instance_material>
              </technique_common>
            </bind_material>
          </instance_geometry>
        </node>
        <node id="65b3b404-1649-0945-be32-e6bd12775988" name="cube" type="NODE">
          <scale sid="scale">1 1 1</scale>
          <translate sid="location">-0.051353298366856204 0.4231623781295686 -0.7849343924268503</translate>
          <rotate sid="rotationZ">0 0 1 -22.5</rotate>
          <rotate sid="rotationY">0 1 0 0</rotate>
          <rotate sid="rotationX">1 0 0 0</rotate>
          <instance_geometry url="#65b3b404-1649-0945-be32-e6bd12775988-mesh" name="cube">
            <bind_material>
              <technique_common>
                <instance_material symbol="Material_0-material" target="#Material_0-material">
                  <bind_vertex_input semantic="UVMap" input_semantic="TEXCOORD" input_set="0"/>
                </instance_material>
              </technique_common>
            </bind_material>
          </instance_geometry>
        </node>
        <node id="d0e8cec5-cb02-da21-a369-b039550d5809" name="cube" type="NODE">
          <scale sid="scale">1 1 1</scale>
          <translate sid="location">0.03437910749064088 -0.7862204633518579 0.3407802980416881</translate>
          <rotate sid="rotationZ">0 0 1 0</rotate>
          <rotate sid="rotationY">0 1 0 0</rotate>
          <rotate sid="rotationX">1 0 0 0</rotate>
          <instance_geometry url="#d0e8cec5-cb02-da21-a369-b039550d5809-mesh" name="cube">
            <bind_material>
              <technique_common>
                <instance_material symbol="Material_0-material" target="#Material_0-material">
                  <bind_vertex_input semantic="UVMap" input_semantic="TEXCOORD" input_set="0"/>
                </instance_material>
              </technique_common>
            </bind_material>
          </instance_geometry>
        </node>
        <node id="cbd9de14-e6e3-21fd-e96d-d42cd0b7f0ed" name="cube" type="NODE">
          <scale sid="scale">1 1 1</scale>
          <translate sid="location">0.0031291059772416974 -0.5367016770021587 0.13243119388265812</translate>
          <rotate sid="rotationZ">0 0 1 0</rotate>
          <rotate sid="rotationY">0 1 0 0</rotate>
          <rotate sid="rotationX">1 0 0 22.5</rotate>
          <instance_geometry url="#cbd9de14-e6e3-21fd-e96d-d42cd0b7f0ed-mesh" name="cube">
            <bind_material>
              <technique_common>
                <instance_material symbol="Material_0-material" target="#Material_0-material">
                  <bind_vertex_input semantic="UVMap" input_semantic="TEXCOORD" input_set="0"/>
                </instance_material>
              </technique_common>
            </bind_material>
          </instance_geometry>
        </node>
        <node id="b98bce8c-2600-4cd4-5c5e-2b799ff7f757" name="cube" type="NODE">
          <scale sid="scale">1 1 1</scale>
          <translate sid="location">-0.02812089250935912 -0.8180750971856043 0.6385195554171068</translate>
          <rotate sid="rotationZ">0 0 1 0</rotate>
          <rotate sid="rotationY">0 1 0 0</rotate>
          <rotate sid="rotationX">1 0 0 0</rotate>
          <instance_geometry url="#b98bce8c-2600-4cd4-5c5e-2b799ff7f757-mesh" name="cube">
            <bind_material>
              <technique_common>
                <instance_material symbol="Material_0-material" target="#Material_0-material">
                  <bind_vertex_input semantic="UVMap" input_semantic="TEXCOORD" input_set="0"/>
                </instance_material>
              </technique_common>
            </bind_material>
          </instance_geometry>
        </node>
        <node id="0fb80bc3-4f62-eec7-ae80-5b05fb421200" name="cube" type="NODE">
          <scale sid="scale">1 1 1</scale>
          <translate sid="location">0.03406660627526492 0.3606249988079071 0.7138156311169844</translate>
          <rotate sid="rotationZ">0 0 1 0</rotate>
          <rotate sid="rotationY">0 1 0 0</rotate>
          <rotate sid="rotationX">1 0 0 0</rotate>
          <instance_geometry url="#0fb80bc3-4f62-eec7-ae80-5b05fb421200-mesh" name="cube">
            <bind_material>
              <technique_common>
                <instance_material symbol="Material_0-material" target="#Material_0-material">
                  <bind_vertex_input semantic="UVMap" input_semantic="TEXCOORD" input_set="0"/>
                </instance_material>
              </technique_common>
            </bind_material>
          </instance_geometry>
        </node>
        <node id="336d5e5f-9136-0616-a01b-9a4c74ff4af3" name="cube" type="NODE">
          <scale sid="scale">1 1 1</scale>
          <translate sid="location">0.003129107490640881 -0.4078124761581421 0.6197531314150077</translate>
          <rotate sid="rotationZ">0 0 1 0</rotate>
          <rotate sid="rotationY">0 1 0 0</rotate>
          <rotate sid="rotationX">1 0 0 0</rotate>
          <instance_geometry url="#336d5e5f-9136-0616-a01b-9a4c74ff4af3-mesh" name="cube">
            <bind_material>
              <technique_common>
                <instance_material symbol="Material_0-material" target="#Material_0-material">
                  <bind_vertex_input semantic="UVMap" input_semantic="TEXCOORD" input_set="0"/>
                </instance_material>
              </technique_common>
            </bind_material>
          </instance_geometry>
        </node>
        <node id="3921a1fd-83ae-1b45-259e-3539093f882e" name="cube" type="NODE">
          <scale sid="scale">1 1 1</scale>
          <translate sid="location">0.003129107490640881 -0.4078124761581421 0.6197531314150077</translate>
          <rotate sid="rotationZ">0 0 1 0</rotate>
          <rotate sid="rotationY">0 1 0 0</rotate>
          <rotate sid="rotationX">1 0 0 0</rotate>
          <instance_geometry url="#3921a1fd-83ae-1b45-259e-3539093f882e-mesh" name="cube">
            <bind_material>
              <technique_common>
                <instance_material symbol="Material_0-material" target="#Material_0-material">
                  <bind_vertex_input semantic="UVMap" input_semantic="TEXCOORD" input_set="0"/>
                </instance_material>
              </technique_common>
            </bind_material>
          </instance_geometry>
        </node>
        <node id="122e5b1b-168e-4bb3-85a8-4241cd03031b" name="cube" type="NODE">
          <scale sid="scale">1 1 1</scale>
          <translate sid="location">-0.02812089250935912 -0.4078124761581421 0.6197531314150077</translate>
          <rotate sid="rotationZ">0 0 1 0</rotate>
          <rotate sid="rotationY">0 1 0 0</rotate>
          <rotate sid="rotationX">1 0 0 0</rotate>
          <instance_geometry url="#122e5b1b-168e-4bb3-85a8-4241cd03031b-mesh" name="cube">
            <bind_material>
              <technique_common>
                <instance_material symbol="Material_0-material" target="#Material_0-material">
                  <bind_vertex_input semantic="UVMap" input_semantic="TEXCOORD" input_set="0"/>
                </instance_material>
              </technique_common>
            </bind_material>
          </instance_geometry>
        </node>
        <node id="827908b0-e67a-611d-9f00-650acf937a73" name="cube" type="NODE">
          <scale sid="scale">1 1 1</scale>
          <translate sid="location">-0.02812089250935912 -0.4078124761581421 0.6197531314150077</translate>
          <rotate sid="rotationZ">0 0 1 0</rotate>
          <rotate sid="rotationY">0 1 0 0</rotate>
          <rotate sid="rotationX">1 0 0 0</rotate>
          <instance_geometry url="#827908b0-e67a-611d-9f00-650acf937a73-mesh" name="cube">
            <bind_material>
              <technique_common>
                <instance_material symbol="Material_0-material" target="#Material_0-material">
                  <bind_vertex_input semantic="UVMap" input_semantic="TEXCOORD" input_set="0"/>
                </instance_material>
              </technique_common>
            </bind_material>
          </instance_geometry>
        </node>
        <node id="bae90002-6f4a-758c-6b8c-97e3dc5a0f68" name="cube" type="NODE">
          <scale sid="scale">1 1 1</scale>
          <translate sid="location">0.03437910749064088 0.09218752384185791 1.2640767912617474</translate>
          <rotate sid="rotationZ">0 0 1 0</rotate>
          <rotate sid="rotationY">0 1 0 0</rotate>
          <rotate sid="rotationX">1 0 0 0</rotate>
          <instance_geometry url="#bae90002-6f4a-758c-6b8c-97e3dc5a0f68-mesh" name="cube">
            <bind_material>
              <technique_common>
                <instance_material symbol="Material_0-material" target="#Material_0-material">
                  <bind_vertex_input semantic="UVMap" input_semantic="TEXCOORD" input_set="0"/>
                </instance_material>
              </technique_common>
            </bind_material>
          </instance_geometry>
        </node>
        <node id="83ecbb92-7b22-6c40-d2d9-70b472ec1a92" name="cube" type="NODE">
          <scale sid="scale">1 1 1</scale>
          <translate sid="location">0.03437910749064088 0.43720448376526555 1.0954768397013308</translate>
          <rotate sid="rotationZ">0 0 1 0</rotate>
          <rotate sid="rotationY">0 1 0 0</rotate>
          <rotate sid="rotationX">1 0 0 22.5</rotate>
          <instance_geometry url="#83ecbb92-7b22-6c40-d2d9-70b472ec1a92-mesh" name="cube">
            <bind_material>
              <technique_common>
                <instance_material symbol="Material_0-material" target="#Material_0-material">
                  <bind_vertex_input semantic="UVMap" input_semantic="TEXCOORD" input_set="0"/>
                </instance_material>
              </technique_common>
            </bind_material>
          </instance_geometry>
        </node>
        <node id="a190a7f4-d5ca-82b8-517d-37454153e308" name="cube" type="NODE">
          <scale sid="scale">1 1 1</scale>
          <translate sid="location">0.03437910749064088 0.09218752384185791 1.2640767912617474</translate>
          <rotate sid="rotationZ">0 0 1 0</rotate>
          <rotate sid="rotationY">0 1 0 0</rotate>
          <rotate sid="rotationX">1 0 0 0</rotate>
          <instance_geometry url="#a190a7f4-d5ca-82b8-517d-37454153e308-mesh" name="cube">
            <bind_material>
              <technique_common>
                <instance_material symbol="Material_0-material" target="#Material_0-material">
                  <bind_vertex_input semantic="UVMap" input_semantic="TEXCOORD" input_set="0"/>
                </instance_material>
              </technique_common>
            </bind_material>
          </instance_geometry>
        </node>
        <node id="d3f15c1e-a1c5-54b8-4ab2-3d2443d1de8b" name="cube" type="NODE">
          <scale sid="scale">1 1 1</scale>
          <translate sid="location">0.03437910749064088 0.09218752384185791 1.2640767912617474</translate>
          <rotate sid="rotationZ">0 0 1 0</rotate>
          <rotate sid="rotationY">0 1 0 0</rotate>
          <rotate sid="rotationX">1 0 0 0</rotate>
          <instance_geometry url="#d3f15c1e-a1c5-54b8-4ab2-3d2443d1de8b-mesh" name="cube">
            <bind_material>
              <technique_common>
                <instance_material symbol="Material_0-material" target="#Material_0-material">
                  <bind_vertex_input semantic="UVMap" input_semantic="TEXCOORD" input_set="0"/>
                </instance_material>
              </technique_common>
            </bind_material>
          </instance_geometry>
        </node>
        <node id="3f5d2591-520e-3d06-1091-6270cf447369" name="cube" type="NODE">
          <scale sid="scale">1 1 1</scale>
          <translate sid="location">0.03437910749064088 0.43720448376526555 1.0954768397013308</translate>
          <rotate sid="rotationZ">0 0 1 0</rotate>
          <rotate sid="rotationY">0 1 0 0</rotate>
          <rotate sid="rotationX">1 0 0 22.5</rotate>
          <instance_geometry url="#3f5d2591-520e-3d06-1091-6270cf447369-mesh" name="cube">
            <bind_material>
              <technique_common>
                <instance_material symbol="Material_0-material" target="#Material_0-material">
                  <bind_vertex_input semantic="UVMap" input_semantic="TEXCOORD" input_set="0"/>
                </instance_material>
              </technique_common>
            </bind_material>
          </instance_geometry>
        </node>
        <node id="19322e63-afa0-e974-31c8-1c414b04440a" name="cube" type="NODE">
          <scale sid="scale">1 1 1</scale>
          <translate sid="location">0.03437910749064088 0.09218752384185791 1.2640767912617474</translate>
          <rotate sid="rotationZ">0 0 1 0</rotate>
          <rotate sid="rotationY">0 1 0 0</rotate>
          <rotate sid="rotationX">1 0 0 0</rotate>
          <instance_geometry url="#19322e63-afa0-e974-31c8-1c414b04440a-mesh" name="cube">
            <bind_material>
              <technique_common>
                <instance_material symbol="Material_0-material" target="#Material_0-material">
                  <bind_vertex_input semantic="UVMap" input_semantic="TEXCOORD" input_set="0"/>
                </instance_material>
              </technique_common>
            </bind_material>
          </instance_geometry>
        </node>
        <node id="b0739ffc-3f7d-5765-d65f-ce3e82997d64" name="cube" type="NODE">
          <scale sid="scale">1 1 1</scale>
          <translate sid="location">0.12011151334813797 0.4231623781295686 -0.7849343924268503</translate>
          <rotate sid="rotationZ">0 0 1 22.5</rotate>
          <rotate sid="rotationY">0 1 0 0</rotate>
          <rotate sid="rotationX">1 0 0 0</rotate>
          <instance_geometry url="#b0739ffc-3f7d-5765-d65f-ce3e82997d64-mesh" name="cube">
            <bind_material>
              <technique_common>
                <instance_material symbol="Material_0-material" target="#Material_0-material">
                  <bind_vertex_input semantic="UVMap" input_semantic="TEXCOORD" input_set="0"/>
                </instance_material>
              </technique_common>
            </bind_material>
          </instance_geometry>
        </node>
        <node id="0be7d2e1-dbd6-2c83-22fe-688bef3a0ad5" name="cube" type="NODE">
          <scale sid="scale">1 1 1</scale>
          <translate sid="location">0.271810761757168 0.15781253576278687 0.5377323695816082</translate>
          <rotate sid="rotationZ">0 0 1 0</rotate>
          <rotate sid="rotationY">0 1 0 0</rotate>
          <rotate sid="rotationX">1 0 0 0</rotate>
          <instance_geometry url="#0be7d2e1-dbd6-2c83-22fe-688bef3a0ad5-mesh" name="cube">
            <bind_material>
              <technique_common>
                <instance_material symbol="Material_0-material" target="#Material_0-material">
                  <bind_vertex_input semantic="UVMap" input_semantic="TEXCOORD" input_set="0"/>
                </instance_material>
              </technique_common>
            </bind_material>
          </instance_geometry>
        </node>
        <node id="7233d773-7b2e-23b6-0a07-43708e82ff0b" name="cube" type="NODE">
          <scale sid="scale">1 1 1</scale>
          <translate sid="location">0.06562910749064088 -0.3453124761581421 0.6197531314150077</translate>
          <rotate sid="rotationZ">0 0 1 0</rotate>
          <rotate sid="rotationY">0 1 0 22.5</rotate>
          <rotate sid="rotationX">1 0 0 0</rotate>
          <instance_geometry url="#7233d773-7b2e-23b6-0a07-43708e82ff0b-mesh" name="cube">
            <bind_material>
              <technique_common>
                <instance_material symbol="Material_0-material" target="#Material_0-material">
                  <bind_vertex_input semantic="UVMap" input_semantic="TEXCOORD" input_set="0"/>
                </instance_material>
              </technique_common>
            </bind_material>
          </instance_geometry>
        </node>
        <node id="6149df83-a0ff-581a-0653-60fb69f2c165" name="cube" type="NODE">
          <scale sid="scale">1 1 1</scale>
          <translate sid="location">0 0 0</translate>
          <rotate sid="rotationZ">0 0 1 0</rotate>
          <rotate sid="rotationY">0 1 0 22.5</rotate>
          <rotate sid="rotationX">1 0 0 0</rotate>
          <instance_geometry url="#6149df83-a0ff-581a-0653-60fb69f2c165-mesh" name="cube">
            <bind_material>
              <technique_common>
                <instance_material symbol="Material_0-material" target="#Material_0-material">
                  <bind_vertex_input semantic="UVMap" input_semantic="TEXCOORD" input_set="0"/>
                </instance_material>
              </technique_common>
            </bind_material>
          </instance_geometry>
        </node>
      </node>
    </visual_scene>
  </library_visual_scenes>
  <scene>
    <instance_visual_scene url="#Scene"/>
  </scene>
</COLLADA>
